<?xml version="1.0" encoding="UTF-8"?>
<project-private xmlns="http://www.netbeans.org/ns/project-private/1">
    <editor-bookmarks xmlns="http://www.netbeans.org/ns/editor-bookmarks/2" lastBookmarkId="0"/>
    <open-files xmlns="http://www.netbeans.org/ns/projectui-open-files/2">
        <group>
            <file>file:/F:/xampp/htdocs/json-editor/examples/recursive.html</file>
            <file>file:/F:/xampp/htdocs/json-editor/examples/basic_person.json</file>
            <file>file:/F:/xampp/htdocs/json-editor/tests/validation.html</file>
            <file>file:/F:/xampp/htdocs/json-editor/index.html</file>
            <file>file:/F:/xampp/htdocs/json-editor/CONTRIBUTING.md</file>
            <file>file:/F:/xampp/htdocs/json-editor/examples/select2.html</file>
            <file>file:/F:/xampp/htdocs/json-editor/package.json</file>
        </group>
    </open-files>
</project-private>
