date	close	down	downSize	recovery	redMark		val				
1-Sep-09	1633.63	 	0	1	 		0				
2-Sep-09	1628.66	0	0	2	0		0				
3-Sep-09	1642.68	0	0	3	0		0			192	
4-Sep-09	1664.34	0	0	4	0		0			135	
8-Sep-09	1679.32	0	0	5	0		0			187	
9-Sep-09	1692.48	0	0	6	0		0			94	
10-Sep-09	1710.14	0	0	7	0		0			35	
11-Sep-09	1708.18	0	0	8	0		0			77	
14-Sep-09	1719.04	0	0	9	0		0			30	
15-Sep-09	1724.45	0	0	10	0		0			44	
16-Sep-09	1750.91	0	0	11	0		0			25	
17-Sep-09	1745.8	0	0	12	0		0			16	
18-Sep-09	1750.43	0	0	13	0		0				
21-Sep-09	1744.47	0	0	14	0		0				
22-Sep-09	1755.99	0	0	15	0		0				
23-Sep-09	1738.32	0	0	16	0		0				
24-Sep-09	1722.02	0	0	17	0		0				
25-Sep-09	1711.53	0	0	18	0		0				
28-Sep-09	1742.32	0	0	19	0		0				
29-Sep-09	1738.48	0	0	20	0		0				
30-Sep-09	1732.86	0	0	21	0		0				
1-Oct-09	1688.24	0	0	22	0		0				
2-Oct-09	1680.7	0	0	23	0		0				
5-Oct-09	1705.73	0	0	24	0		0				
6-Oct-09	1729.14	0	0	25	0		0				
7-Oct-09	1734.74	0	0	26	0		0				
8-Oct-09	1747.7	0	0	27	0		0				
9-Oct-09	1757.6	0	0	28	0		0				
12-Oct-09	1765.31	0	0	29	0		0				
13-Oct-09	1760.51	0	0	30	0		0				
14-Oct-09	1791.47	0	0	31	0		0				
15-Oct-09	1798.91	0	0	32	0		0				
16-Oct-09	1784.35	0	0	33	0		0				
19-Oct-09	1801.12	0	0	34	0		0				
20-Oct-09	1789.93	1	5.6	16	0		0				
21-Oct-09	1774.33	1	5.6	16	0		0				
22-Oct-09	1793.34	1	5.6	16	1		1804.93				
23-Oct-09	1771.5	1	5.6	16	1		1804.93				
26-Oct-09	1750.75	1	5.6	16	1		1804.93				
27-Oct-09	1744.95	1	5.6	16	1		1804.93				
28-Oct-09	1711.09	1	5.6	16	1		1804.93				
29-Oct-09	1749.76	1	5.6	16	1		1804.93				
30-Oct-09	1700.67	1	5.6	16	1	1804.93	1804.93				
2-Nov-09	1711.65	1	5.6	16	1		1804.93				
3-Nov-09	1715.81	1	5.6	16	1		1804.93				
4-Nov-09	1718.21	1	5.6	16	1		1804.93				
5-Nov-09	1751.45	1	5.6	16	1		1804.93				
6-Nov-09	1756.07	1	5.6	16	1		1804.93				
9-Nov-09	1795.56	1	5.6	16	0		0				
10-Nov-09	1795.9	1	5.6	16	0		0				
11-Nov-09	1804.93	1	5.6	16	0		0				
12-Nov-09	1786.66	0	0	52	0		0				
13-Nov-09	1796.93	0	0	53	0		0				
16-Nov-09	1823.29	0	0	54	0		0				
17-Nov-09	1825.18	0	0	55	0		0				
18-Nov-09	1824.61	0	0	56	0		0				
19-Nov-09	1800.12	0	0	57	0		0				
20-Nov-09	1794.65	0	0	58	0		0				
23-Nov-09	1819.17	0	0	59	0		0				
24-Nov-09	1818.31	0	0	60	0		0				
25-Nov-09	1826.74	0	0	61	0		0				
27-Nov-09	1795.7	0	0	62	0		0				
30-Nov-09	1802.68	0	0	63	0		0				
1-Dec-09	1824.54	0	0	64	0		0				
2-Dec-09	1825.4	0	0	65	0		0				
3-Dec-09	1810.13	0	0	66	0		0				
4-Dec-09	1820.11	0	0	67	0		0				
7-Dec-09	1815.7	0	0	68	0		0				
8-Dec-09	1797.31	0	0	69	0		0				
9-Dec-09	1804.1	0	0	70	0		0				
10-Dec-09	1814.81	0	0	71	0		0				
11-Dec-09	1821.5	0	0	72	0		0				
14-Dec-09	1834.55	0	0	73	0		0				
15-Dec-09	1824.37	0	0	74	0		0				
16-Dec-09	1826.45	0	0	75	0		0				
17-Dec-09	1804.96	0	0	76	0		0				
18-Dec-09	1815.35	0	0	77	0		0				
21-Dec-09	1834.59	0	0	78	0		0				
22-Dec-09	1841.17	0	0	79	0		0				
23-Dec-09	1845.8	0	0	80	0		0				
24-Dec-09	1855.5	0	0	81	0		0				
28-Dec-09	1857.89	0	0	82	0		0				
29-Dec-09	1855.61	0	0	83	0		0				
30-Dec-09	1856.14	0	0	84	0		0				
31-Dec-09	1837.5	0	0	85	0		0				
4-Jan-10	1867.06	0	0	86	0		0				
5-Jan-10	1872.9	0	0	87	0		0				
6-Jan-10	1874.73	0	0	88	0		0				
7-Jan-10	1882.34	0	0	89	0		0				
8-Jan-10	1887.77	0	0	90	0		0				
11-Jan-10	1891.06	0	0	91	0		0				
12-Jan-10	1873.32	0	0	92	0		0				
13-Jan-10	1889.1	0	0	93	0		0				
14-Jan-10	1893.72	0	0	94	0		0				
15-Jan-10	1873.3	0	0	95	0		0				7.27
19-Jan-10	1896.72	0	0	96	0		0				
20-Jan-10	1876.9	1	8	35	1		1903.68				
21-Jan-10	1841.39	1	8	35	1		1903.68				
22-Jan-10	1800.61	1	8	35	1		1903.68				
25-Jan-10	1808.93	1	8	35	1		1903.68				
26-Jan-10	1801.34	1	8	35	1		1903.68				
27-Jan-10	1810.21	1	8	35	1		1903.68				
28-Jan-10	1788.97	1	8	35	1		1903.68				
29-Jan-10	1771.4	1	8	35	1		1903.68				
1-Feb-10	1796.67	1	8	35	1		1903.68				
2-Feb-10	1819.99	1	8	35	1		1903.68				
3-Feb-10	1810.64	1	8	35	1		1903.68				
4-Feb-10	1754.3	1	8	35	1		1903.68				
5-Feb-10	1759.38	1	8	35	1		1903.68				
8-Feb-10	1744.37	1	8	35	1	1903.68	1903.68				
9-Feb-10	1767.18	1	8	35	1		1903.68				
10-Feb-10	1763.69	1	8	35	1		1903.68				
11-Feb-10	1781.01	1	8	35	1		1903.68				
12-Feb-10	1776.5	1	8	35	1		1903.68				
16-Feb-10	1808.72	1	8	35	1		1903.68				
17-Feb-10	1816.7	1	8	35	1		1903.68				
18-Feb-10	1828.81	1	8	35	1		1903.68				
19-Feb-10	1833.09	1	8	35	1		1903.68				
22-Feb-10	1831.21	1	8	35	1		1903.68				
23-Feb-10	1809.05	1	8	35	1		1903.68				
24-Feb-10	1826.99	1	8	35	1		1903.68				
25-Feb-10	1823.64	1	8	35	1		1903.68				
26-Feb-10	1826.27	1	8	35	1		1903.68				
1-Mar-10	1844.87	1	8	35	1		1903.68				
2-Mar-10	1849.17	1	8	35	1		1903.68				
3-Mar-10	1850.24	1	8	35	1		1903.68				
4-Mar-10	1857.2	1	8	35	0		0				
5-Mar-10	1883.28	1	8	35	0		0				
8-Mar-10	1883.29	1	8	35	0		0				
9-Mar-10	1886.6	1	8	35	0		0				
10-Mar-10	1895.38	1	8	35	0		0				
11-Mar-10	1903.68	1	8	35	0		0				
12-Mar-10	1903.29	0	0	133	0		0				
15-Mar-10	1904.19	0	0	134	0		0				
16-Mar-10	1919.02	0	0	135	0		0				
17-Mar-10	1930.22	0	0	136	0		0				
18-Mar-10	1929.63	0	0	137	0		0				
19-Mar-10	1919.8	0	0	138	0		0				
22-Mar-10	1929.64	0	0	139	0		0				
23-Mar-10	1943.7	0	0	140	0		0				
24-Mar-10	1933.04	0	0	141	0		0				
25-Mar-10	1929.75	0	0	142	0		0				
26-Mar-10	1931.18	0	0	143	0		0				
29-Mar-10	1942.51	0	0	144	0		0				
30-Mar-10	1942.81	0	0	145	0		0				
31-Mar-10	1936.48	0	0	146	0		0				
1-Apr-10	1950.91	0	0	147	0		0				
5-Apr-10	1966.44	0	0	148	0		0				
6-Apr-10	1969.76	0	0	149	0		0				
7-Apr-10	1959.04	0	0	150	0		0				
8-Apr-10	1965.72	0	0	151	0		0				
9-Apr-10	1978.86	0	0	152	0		0				
12-Apr-10	1982.4	0	0	153	0		0				
13-Apr-10	1983.91	0	0	154	0		0				
14-Apr-10	2006.06	0	0	155	0		0				
15-Apr-10	2007.74	0	0	156	0		0				
16-Apr-10	1975.36	0	0	157	0		0				
19-Apr-10	1984.32	0	0	158	0		0				
20-Apr-10	2000.33	0	0	159	0		0				
21-Apr-10	1998.31	0	0	160	0		0				
22-Apr-10	2002.93	0	0	161	0		0				
23-Apr-10	2017.19	0	0	162	0		0				
26-Apr-10	2008.55	1	15.4	135	1	2045.62	2008.55		15.41%	15.41	
27-Apr-10	1961.6	1	15.4	135	1		2008.55				
28-Apr-10	1974.63	1	15.4	135	1		2008.55				
29-Apr-10	2000.34	1	15.4	135	1		2008.55				
30-Apr-10	1967.05	1	15.4	135	1		2008.55				
3-May-10	1992.87	1	15.4	135	1		2008.55				
4-May-10	1945.37	1	15.4	135	1		2008.55				
5-May-10	1933.25	1	15.4	135	1		2008.55				
6-May-10	1870.95	1	15.4	135	1		2008.55				
7-May-10	1842.32	1	15.4	135	1		2008.55				
10-May-10	1923.39	1	15.4	135	1		2008.55				
11-May-10	1917.25	1	15.4	135	1		2008.55				
12-May-10	1944.25	1	15.4	135	1		2008.55				
13-May-10	1920.76	1	15.4	135	1		2008.55				
14-May-10	1884.67	1	15.4	135	1		2008.55				
17-May-10	1887.11	1	15.4	135	1		2008.55				
18-May-10	1860.65	1	15.4	135	1		2008.55				
19-May-10	1851.28	1	15.4	135	1		2008.55				
20-May-10	1779.3	1	15.4	135	1		2008.55				
21-May-10	1806.05	1	15.4	135	1		2008.55				
24-May-10	1782.77	1	15.4	135	1		2008.55				
25-May-10	1783.4	1	15.4	135	1		2008.55				
26-May-10	1773.65	1	15.4	135	1		2008.55				
27-May-10	1832.61	1	15.4	135	1		2008.55				
28-May-10	1809.98	1	15.4	135	1		2008.55				
1-Jun-10	1778.99	1	15.4	135	1		2008.55				
2-Jun-10	1825.25	1	15.4	135	1		2008.55				
3-Jun-10	1832.72	1	15.4	135	1		2008.55				
4-Jun-10	1769.72	1	15.4	135	1		2008.55				
7-Jun-10	1745.87	1	15.4	135	1		2008.55				
8-Jun-10	1765.29	1	15.4	135	1		2008.55				
9-Jun-10	1754.91	1	15.4	135	1		2008.55				
10-Jun-10	1806.69	1	15.4	135	1		2008.55				
11-Jun-10	1815.26	1	15.4	135	1		2008.55				
14-Jun-10	1812.02	1	15.4	135	1		2008.55				
15-Jun-10	1854.61	1	15.4	135	1		2008.55				
16-Jun-10	1853.62	1	15.4	135	1		2008.55				
17-Jun-10	1856.25	1	15.4	135	1		2008.55				
18-Jun-10	1858.7	1	15.4	135	1		2008.55				
21-Jun-10	1851.55	1	15.4	135	1		2008.55				
22-Jun-10	1822.05	1	15.4	135	1		2008.55				
23-Jun-10	1816.65	1	15.4	135	1		2008.55				
24-Jun-10	1786.13	1	15.4	135	1		2008.55				
25-Jun-10	1791.24	1	15.4	135	1		2008.55				
28-Jun-10	1787.94	1	15.4	135	1		2008.55				
29-Jun-10	1732.55	1	15.4	135	1		2008.55				
30-Jun-10	1715.23	1	15.4	135	1		2008.55				
1-Jul-10	1709.77	1	15.4	135	1		2008.55				
2-Jul-10	1701.86	1	15.4	135	1		2008.55				
6-Jul-10	1710.97	1	15.4	135	1		2008.55				
7-Jul-10	1765.42	1	15.4	135	1		2008.55				
8-Jul-10	1782.1	1	15.4	135	1		2008.55				
9-Jul-10	1794.94	1	15.4	135	1		2008.55				
12-Jul-10	1796.3	1	15.4	135	1		2008.55				
13-Jul-10	1824.07	1	15.4	135	1		2008.55				
14-Jul-10	1823.82	1	15.4	135	1		2008.55				
15-Jul-10	1826	1	15.4	135	1		2008.55				
16-Jul-10	1773.43	1	15.4	135	1		2008.55				
19-Jul-10	1784.06	1	15.4	135	1		2008.55				
20-Jul-10	1804.48	1	15.4	135	1		2008.55				
21-Jul-10	1781.6	1	15.4	135	1		2008.55				
22-Jul-10	1821.76	1	15.4	135	1		2008.55				
23-Jul-10	1836.75	1	15.4	135	1		2008.55				
26-Jul-10	1857.34	1	15.4	135	1		2008.55				
27-Jul-10	1855.39	1	15.4	135	1		2008.55				
28-Jul-10	1842.66	1	15.4	135	1		2008.55				
29-Jul-10	1835.29	1	15.4	135	1		2008.55				
30-Jul-10	1835.4	1	15.4	135	1		2008.55				
2-Aug-10	1875.85	1	15.4	135	1		2008.55				
3-Aug-10	1866.87	1	15.4	135	1		2008.55				
4-Aug-10	1878.81	1	15.4	135	1		2008.55				
5-Aug-10	1876.51	1	15.4	135	1		2008.55				
6-Aug-10	1869.77	1	15.4	135	1		2008.55				
9-Aug-10	1880.06	1	15.4	135	1		2008.55				
10-Aug-10	1868.88	1	15.4	135	1		2008.55				
11-Aug-10	1817.13	1	15.4	135	1		2008.55				
12-Aug-10	1807.61	1	15.4	135	1		2008.55				
13-Aug-10	1800.39	1	15.4	135	1		2008.55				
16-Aug-10	1800.7	1	15.4	135	1		2008.55				
17-Aug-10	1823.18	1	15.4	135	1		2008.55				
18-Aug-10	1826.14	1	15.4	135	1		2008.55				
19-Aug-10	1795.24	1	15.4	135	1		2008.55				
20-Aug-10	1788.67	1	15.4	135	1		2008.55				
23-Aug-10	1781.47	1	15.4	135	1		2008.55				
24-Aug-10	1755.65	1	15.4	135	1		2008.55				
25-Aug-10	1761.62	1	15.4	135	1		2008.55				
26-Aug-10	1748.14	1	15.4	135	1		2008.55				
27-Aug-10	1777.6	1	15.4	135	1		2008.55				
30-Aug-10	1751.79	1	15.4	135	1		2008.55				
31-Aug-10	1752.55	1	15.4	135	1		2008.55				
1-Sep-10	1804.46	1	15.4	135	1		2008.55				
2-Sep-10	1820.98	1	15.4	135	1		2008.55				
3-Sep-10	1845.1	1	15.4	135	1		2008.55				
7-Sep-10	1824.05	1	15.4	135	1		2008.55				
8-Sep-10	1836.21	1	15.4	135	1		2008.55				
9-Sep-10	1845.09	1	15.4	135	1		2008.55				
10-Sep-10	1854.1	1	15.4	135	1		2008.55				
13-Sep-10	1875.41	1	15.4	135	1		2008.55				
14-Sep-10	1874.07	1	15.4	135	1		2008.55				
15-Sep-10	1880.74	1	15.4	135	1		2008.55				
16-Sep-10	1880.37	1	15.4	135	1		2008.55				
17-Sep-10	1881.93	1	15.4	135	1		2008.55				
20-Sep-10	1910.6	1	15.4	135	1		2008.55				
21-Sep-10	1905.74	1	15.4	135	1		2008.55				
22-Sep-10	1896.77	1	15.4	135	1		2008.55				
23-Sep-10	1880.97	1	15.4	135	1		2008.55				
24-Sep-10	1920.84	1	15.4	135	1		2008.55				
27-Sep-10	1909.98	1	15.4	135	1		2008.55				
28-Sep-10	1919.59	1	15.4	135	1		2008.55				
29-Sep-10	1914.84	1	15.4	135	1		2008.55				
30-Sep-10	1908.95	1	15.4	135	1		2008.55				
1-Oct-10	1917.42	1	15.4	135	1		2008.55				
4-Oct-10	1902.15	1	15.4	135	1		2008.55				
5-Oct-10	1941.82	1	15.4	135	1		2008.55				
6-Oct-10	1941.5	1	15.4	135	1		2008.55				
7-Oct-10	1938.31	1	15.4	135	1		2008.55				
8-Oct-10	1950.18	1	15.4	135	1		2008.55				
11-Oct-10	1950.47	1	15.4	135	1		2008.55				
12-Oct-10	1957.92	1	15.4	135	1		2008.55				
13-Oct-10	1972.08	1	15.4	135	1		2008.55				
14-Oct-10	1964.9	1	15.4	135	1		2008.55				
15-Oct-10	1968.87	1	15.4	135	1		2008.55				
18-Oct-10	1983.17	1	15.4	135	1		2008.55				
19-Oct-10	1951.67	1	15.4	135	1		2008.55				
20-Oct-10	1972.51	1	15.4	135	1		2008.55				
21-Oct-10	1976.12	1	15.4	135	1		2008.55				
22-Oct-10	1980.83	1	15.4	135	1		2008.55				
25-Oct-10	1985.11	1	15.4	135	1		2008.55				
26-Oct-10	1985.13	1	15.4	135	1		2008.55				
27-Oct-10	1980.05	1	15.4	135	1		2008.55				
28-Oct-10	1982.45	1	15.4	135	1		2008.55				
29-Oct-10	1981.59	1	15.4	135	0		0				
1-Nov-10	1983.47	1	15.4	135	0		0				
2-Nov-10	1998.86	1	15.4	135	0		0				
3-Nov-10	2006.58	1	15.4	135	0		0				
4-Nov-10	2045.62	1	15.4	135	0		0				
5-Nov-10	2053.77	0	0	299	0		0				
8-Nov-10	2049.69	0	0	300	0		0				
9-Nov-10	2033.85	0	0	301	0		0				
10-Nov-10	2043.16	0	0	302	0		0				
11-Nov-10	2034.48	0	0	303	0		0				
12-Nov-10	2010.57	0	0	304	0		0				
15-Nov-10	2008.25	0	0	305	0		0				
16-Nov-10	1976.26	0	0	306	0		0				
17-Nov-10	1977	0	0	307	0		0				
18-Nov-10	2007.38	0	0	308	0		0				
19-Nov-10	2012.59	0	0	309	0		0				
22-Nov-10	2009.52	0	0	310	0		0				
23-Nov-10	1980.89	0	0	311	0		0				
24-Nov-10	2010.56	0	0	312	0		0				
26-Nov-10	1996.03	0	0	313	0		0				
29-Nov-10	1993.83	0	0	314	0		0				
30-Nov-10	1981.84	0	0	315	0		0				
1-Dec-10	2024.97	0	0	316	0		0				
2-Dec-10	2050.96	0	0	317	0		0				
3-Dec-10	2056.4	0	0	318	0		0				
6-Dec-10	2053.8	0	0	319	0		0				
7-Dec-10	2054.89	0	0	320	0		0				
8-Dec-10	2063.03	0	0	321	0		0				
9-Dec-10	2071.12	1	4.2	27	0		0				
10-Dec-10	2083.57	1	4.2	27	0		0				
13-Dec-10	2084	1	4.2	27	0		0				
14-Dec-10	2085.93	1	4.2	27	0		0				
15-Dec-10	2075.29	1	4.2	27	0		0				
16-Dec-10	2088.19	1	4.2	27	0		0				
17-Dec-10	2089.95	1	4.2	27	0		0				
20-Dec-10	2095.32	1	4.2	27	0		0				
21-Dec-10	2108.26	1	4.2	27	0		0				
22-Dec-10	2115.69	1	4.2	27	0		0				
23-Dec-10	2112.37	1	4.2	27	0		0				
27-Dec-10	2113.67	1	4.2	27	0		0				
28-Dec-10	2115.32	1	4.2	27	0		0				
29-Dec-10	2117.83	1	4.2	27	0		0				
30-Dec-10	2114.7	1	4.2	27	0		0				
31-Dec-10	2114.29	1	4.2	27	0		0				
3-Jan-11	2138.3	1	4.2	27	0		0				
4-Jan-11	2135.53	1	4.2	27	0		0				
5-Jan-11	2146.5	1	4.2	27	0		0				
6-Jan-11	2142.76	1	4.2	27	0		0				
7-Jan-11	2138.81	1	4.2	27	0		0				
10-Jan-11	2135.86	1	4.2	27	0		0				
11-Jan-11	2143.82	1	4.2	27	0		0				
12-Jan-11	2163.36	1	4.2	27	0		0				
13-Jan-11	2159.66	1	4.2	27	0		0				
14-Jan-11	2175.68	1	4.2	27	0		0				
18-Jan-11	2178.72	1	4.2	27	0		0				
19-Jan-11	2156.97	1	4.2	27	0		0				
20-Jan-11	2154.18	1	4.2	27	0		0				
21-Jan-11	2159.43	1	4.2	27	0		0				
24-Jan-11	2172.03	1	4.2	27	0		0				
25-Jan-11	2172.67	1	4.2	27	0		0				
26-Jan-11	2181.92	1	4.2	27	0		0				
27-Jan-11	2186.93	1	4.2	27	0		0				
28-Jan-11	2147.95	1	4.2	27	0		0				
31-Jan-11	2164.4	1	4.2	27	0		0				
1-Feb-11	2200.54	1	4.2	27	0		0				
2-Feb-11	2194.94	1	4.2	27	0		0				
3-Feb-11	2200.42	1	4.2	27	0		0				
4-Feb-11	2206.8	1	4.2	27	0		0				
7-Feb-11	2220.6	1	4.2	27	0		0				
8-Feb-11	2230.59	1	4.2	27	0		0				
9-Feb-11	2224.64	1	4.2	27	0		0				
10-Feb-11	2226.51	1	4.2	27	0		0				
11-Feb-11	2239.08	1	4.2	27	0		0				
14-Feb-11	2244.89	1	4.2	27	0		0				
15-Feb-11	2237.9	1	4.2	27	0		0				
16-Feb-11	2252.3	1	4.2	27	0		0				
17-Feb-11	2259.42	1	4.2	27	0		0				
18-Feb-11	2263.79	1	4.2	27	0		0				
22-Feb-11	2217.35	1	4.2	27	0		0				
23-Feb-11	2203.89	1	4.2	27	0		0				
24-Feb-11	2202.23	1	4.2	27	0		0				
25-Feb-11	2226.05	1	4.2	27	0		0				
28-Feb-11	2238.55	1	4.2	27	0		0				
1-Mar-11	2203.32	1	4.2	27	0		0				
2-Mar-11	2207.24	1	4.2	27	0		0				
3-Mar-11	2245.33	1	4.2	27	0		0				
4-Mar-11	2228.78	1	4.2	27	0		0				
7-Mar-11	2210.26	1	4.2	27	0		0				
8-Mar-11	2230.4	1	4.2	27	0		0				
9-Mar-11	2227.7	1	4.2	27	0		0				
10-Mar-11	2185.65	1	4.2	27	0		0				
11-Mar-11	2201.81	1	4.2	27	0		0				
14-Mar-11	2188.56	1	4.2	27	0		0				
15-Mar-11	2164.06	1	4.2	27	0		0				
16-Mar-11	2121.94	1	6.2	44	0		0				
17-Mar-11	2150.43	1	6.2	44	0		0				
18-Mar-11	2159.69	1	6.2	44	0		0				
21-Mar-11	2192.09	1	6.2	44	0		0				
22-Mar-11	2184.57	1	6.2	44	0		0				
23-Mar-11	2190.96	1	6.2	44	0		0				
24-Mar-11	2211.42	1	6.2	44	0		0				
25-Mar-11	2218.42	1	6.2	44	0		0				
28-Mar-11	2212.32	1	6.2	44	0		0				
29-Mar-11	2228.41	1	6.2	44	0		0				
30-Mar-11	2243.55	1	6.2	44	0		0				
31-Mar-11	2239.44	1	6.2	44	0		0				
1-Apr-11	2250.58	1	6.2	44	0		0				
4-Apr-11	2251.64	1	6.2	44	0		0				
5-Apr-11	2251.26	1	6.2	44	0		0				
6-Apr-11	2257.11	1	6.2	44	0		0				
7-Apr-11	2253.76	1	6.2	44	0		0				
8-Apr-11	2244.74	1	6.2	44	0		0				
11-Apr-11	2238.51	1	6.2	44	0		0				
12-Apr-11	2221.12	1	6.2	44	0		0				
13-Apr-11	2221.77	1	6.2	44	0		0				
14-Apr-11	2221.99	1	6.2	44	0		0				
15-Apr-11	2230.7	1	6.2	44	0		0				
18-Apr-11	2206.15	1	6.2	44	0		0				
19-Apr-11	2218.86	1	6.2	44	0		0				
20-Apr-11	2248.9	1	6.2	44	0		0				
21-Apr-11	2260.84	1	6.2	44	0		0				
25-Apr-11	2257.24	1	6.2	44	0		0				
26-Apr-11	2277.51	1	6.2	44	0		0				
27-Apr-11	2292.13	0	6.2	44	0		0				
28-Apr-11	2300.46	0	6.2	44	0		0				
29-Apr-11	2305.76	0	6.2	44	0		0				
2-May-11	2301.72	1	18.6	192	0		0				
3-May-11	2293.95	1	18.6	192	0		0				
4-May-11	2278.63	1	18.6	192	0		0				
5-May-11	2258.08	1	18.6	192	0		0				
6-May-11	2266.97	1	18.6	192	0		0				
9-May-11	2277.3	1	18.6	192	0		0				
10-May-11	2295.72	1	18.6	192	0		0				
11-May-11	2271.47	1	18.6	192	0		0				
12-May-11	2282.84	1	18.6	192	0		0				
13-May-11	2264.52	1	18.6	192	0		0				
16-May-11	2250.61	1	18.6	192	0		0				
17-May-11	2250.35	1	18.6	192	0		0				
18-May-11	2270.57	1	18.6	192	0		0				
19-May-11	2275.71	1	18.6	192	0		0				
20-May-11	2258.21	1	18.6	192	0		0				
23-May-11	2231.31	1	18.6	192	0		0				
24-May-11	2229.49	1	18.6	192	0		0				
25-May-11	2236.75	1	18.6	192	0		0				
26-May-11	2246.13	1	18.6	192	0		0				
27-May-11	2255.74	1	18.6	192	0		0				
31-May-11	2279.66	1	18.6	192	0		0				
1-Jun-11	2227.96	1	18.6	192	0		0				
2-Jun-11	2225.36	1	18.6	192	0		0				
3-Jun-11	2203.81	1	18.6	192	0		0				
6-Jun-11	2180.14	1	18.6	192	0		0				
7-Jun-11	2178.15	1	18.6	192	0		0				
8-Jun-11	2169.5	1	18.6	192	0		0				
9-Jun-11	2185.52	1	18.6	192	0		0				
10-Jun-11	2155	1	18.6	192	0		0				
13-Jun-11	2157.15	1	18.6	192	0		0				
14-Jun-11	2184.48	1	18.6	192	0		0				
15-Jun-11	2146.45	1	18.6	192	0		0				
16-Jun-11	2150.58	1	18.6	192	0		0				
17-Jun-11	2157.14	1	18.6	192	0		0				
20-Jun-11	2168.8	1	18.6	192	0		0				
21-Jun-11	2198.15	1	18.6	192	0		0				
22-Jun-11	2184.03	1	18.6	192	0		0				
23-Jun-11	2177.85	1	18.6	192	0		0				
24-Jun-11	2152.31	1	18.6	192	0		0				
27-Jun-11	2172.08	1	18.6	192	0		0				
28-Jun-11	2200.68	1	18.6	192	0		0				
29-Jun-11	2219.2	1	18.6	192	0		0				
30-Jun-11	2241.66	1	18.6	192	0		0				
1-Jul-11	2274.26	1	18.6	192	0		0				
5-Jul-11	2271.29	1	18.6	192	0		0				
6-Jul-11	2274.42	1	18.6	192	0		0				
7-Jul-11	2298.31	1	18.6	192	0		0				
8-Jul-11	2282.32	1	18.6	192	0		0				
11-Jul-11	2241.07	1	18.6	192	0		0				
12-Jul-11	2231.15	1	18.6	192	0		0				
13-Jul-11	2238.29	1	18.6	192	0		0				
14-Jul-11	2223.29	1	18.6	192	0		0				
15-Jul-11	2235.65	1	18.6	192	0		0				
18-Jul-11	2217.55	1	18.6	192	0		0				
19-Jul-11	2253.71	1	18.6	192	0		0				
20-Jul-11	2252.52	1	18.6	192	0		0				
21-Jul-11	2283.23	1	18.6	192	0		0				
22-Jul-11	2285.34	1	18.6	192	1	2312.49	2285.34				
25-Jul-11	2272.47	1	18.6	192	1		2285.34				
26-Jul-11	2263.15	1	18.6	192	1		2285.34				
27-Jul-11	2217.29	1	18.6	192	1		2285.34				
28-Jul-11	2210.33	1	18.6	192	1		2285.34				
29-Jul-11	2196.08	1	18.6	192	1		2285.34				
1-Aug-11	2187	1	18.6	192	1		2285.34				
2-Aug-11	2131.1	1	18.6	192	1		2285.34				
3-Aug-11	2142.56	1	18.6	192	1		2285.34				
4-Aug-11	2040.2	1	18.6	192	1		2285.34				
5-Aug-11	2039.04	1	18.6	192	1		2285.34				
8-Aug-11	1903.47	1	18.6	192	1		2285.34				
9-Aug-11	1993.76	1	18.6	192	1		2285.34				
10-Aug-11	1906.53	1	18.6	192	1		2285.34				
11-Aug-11	1995.14	1	18.6	192	1		2285.34				
12-Aug-11	2005.67	1	18.6	192	1		2285.34				
15-Aug-11	2049.51	1	18.6	192	1		2285.34				
16-Aug-11	2029.92	1	18.6	192	1		2285.34				
17-Aug-11	2032.41	1	18.6	192	1		2285.34				
18-Aug-11	1941.92	1	18.6	192	1		2285.34				
19-Aug-11	1912.77	1	18.6	192	1		2285.34				
22-Aug-11	1913.27	1	18.6	192	1		2285.34				
23-Aug-11	1978.89	1	18.6	192	1		2285.34				
24-Aug-11	2005.13	1	18.6	192	1		2285.34				
25-Aug-11	1973.96	1	18.6	192	1		2285.34				
26-Aug-11	2004.11	1	18.6	192	1		2285.34				
29-Aug-11	2061.05	1	18.6	192	1		2285.34				
30-Aug-11	2066.37	1	18.6	192	1		2285.34				
31-Aug-11	2076.78	1	18.6	192	1		2285.34				
1-Sep-11	2052.3	1	18.6	192	1		2285.34				
2-Sep-11	2000.5	1	18.6	192	1		2285.34				
6-Sep-11	1985.67	1	18.6	192	1		2285.34				
7-Sep-11	2043.05	1	18.6	192	1		2285.34				
8-Sep-11	2021.42	1	18.6	192	1		2285.34				
9-Sep-11	1967.47	1	18.6	192	1		2285.34				
12-Sep-11	1981.3	1	18.6	192	1		2285.34				
13-Sep-11	2000.08	1	18.6	192	1		2285.34				
14-Sep-11	2027.04	1	18.6	192	1		2285.34				
15-Sep-11	2062.25	1	18.6	192	1		2285.34				
16-Sep-11	2074.06	1	18.6	192	1		2285.34				
19-Sep-11	2053.74	1	18.6	192	1		2285.34				
20-Sep-11	2050.39	1	18.6	192	1		2285.34				
21-Sep-11	1990.2	1	18.6	192	1		2285.34				
22-Sep-11	1926.76	1	18.6	192	1		2285.34				
23-Sep-11	1938.73	1	18.6	192	1		2285.34				
26-Sep-11	1983.97	1	18.6	192	1		2285.34				
27-Sep-11	2005.19	1	18.6	192	1		2285.34				
28-Sep-11	1964.2	1	18.6	192	1		2285.34				
29-Sep-11	1980.23	1	18.6	192	1		2285.34				
30-Sep-11	1930.79	1	18.6	192	1		2285.34				
3-Oct-11	1875.95	1	18.6	192	1		2285.34		18.59%		
4-Oct-11	1918.39	1	18.6	192	1		2285.34				
5-Oct-11	1953.67	1	18.6	192	1		2285.34				
6-Oct-11	1989.61	1	18.6	192	1		2285.34				
7-Oct-11	1973.42	1	18.6	192	1		2285.34				
10-Oct-11	2040.76	1	18.6	192	1		2285.34				
11-Oct-11	2041.9	1	18.6	192	1		2285.34				
12-Oct-11	2062.22	1	18.6	192	1		2285.34				
13-Oct-11	2056.26	1	18.6	192	1		2285.34				
14-Oct-11	2091.99	1	18.6	192	1		2285.34				
17-Oct-11	2051.54	1	18.6	192	1		2285.34				
18-Oct-11	2093.43	1	18.6	192	1		2285.34				
19-Oct-11	2067.28	1	18.6	192	1		2285.34				
20-Oct-11	2076.75	1	18.6	192	1		2285.34				
21-Oct-11	2115.86	1	18.6	192	1		2285.34				
24-Oct-11	2143.13	1	18.6	192	1		2285.34				
25-Oct-11	2100.17	1	18.6	192	1		2285.34				
26-Oct-11	2122.32	1	18.6	192	1		2285.34				
27-Oct-11	2195.22	1	18.6	192	1		2285.34				
28-Oct-11	2196.13	1	18.6	192	1		2285.34				
31-Oct-11	2141.81	1	18.6	192	1		2285.34				
1-Nov-11	2081.97	1	18.6	192	1		2285.34				
2-Nov-11	2115.7	1	18.6	192	1		2285.34				
3-Nov-11	2155.87	1	18.6	192	1		2285.34				
4-Nov-11	2142.34	1	18.6	192	1		2285.34				
7-Nov-11	2156	1	18.6	192	1		2285.34				
8-Nov-11	2182.61	1	18.6	192	1		2285.34				
9-Nov-11	2102.72	1	18.6	192	1		2285.34				
10-Nov-11	2121.14	1	18.6	192	1		2285.34				
11-Nov-11	2162.48	1	18.6	192	1		2285.34				
14-Nov-11	2142.09	1	18.6	192	1		2285.34				
15-Nov-11	2152.8	1	18.6	192	1		2285.34				
16-Nov-11	2117.64	1	18.6	192	1		2285.34				
17-Nov-11	2082.1	1	18.6	192	1		2285.34				
18-Nov-11	2081.42	1	18.6	192	1		2285.34				
21-Nov-11	2042.71	1	18.6	192	1		2285.34				
22-Nov-11	2034.41	1	18.6	192	1		2285.34				
23-Nov-11	1989.54	1	18.6	192	1		2285.34				
25-Nov-11	1984.5	1	18.6	192	1		2285.34				
28-Nov-11	2042.8	1	18.6	192	1		2285.34				
29-Nov-11	2048.06	1	18.6	192	1		2285.34				
30-Nov-11	2137.08	1	18.6	192	1		2285.34				
1-Dec-11	2133.07	1	18.6	192	1		2285.34				
2-Dec-11	2132.64	1	18.6	192	1		2285.34				
5-Dec-11	2154.68	1	18.6	192	1		2285.34				
6-Dec-11	2157.1	1	18.6	192	1		2285.34				
7-Dec-11	2162.07	1	18.6	192	1		2285.34				
8-Dec-11	2116.41	1	18.6	192	1		2285.34				
9-Dec-11	2152.15	1	18.6	192	1		2285.34				
12-Dec-11	2120.15	1	18.6	192	1		2285.34				
13-Dec-11	2102.15	1	18.6	192	1		2285.34				
14-Dec-11	2078.51	1	18.6	192	1		2285.34				
15-Dec-11	2085.44	1	18.6	192	1		2285.34				
16-Dec-11	2092.18	1	18.6	192	1		2285.34				
19-Dec-11	2067.67	1	18.6	192	1		2285.34				
20-Dec-11	2129.67	1	18.6	192	1		2285.34				
21-Dec-11	2133.86	1	18.6	192	1		2285.34				
22-Dec-11	2152.04	1	18.6	192	1		2285.34				
23-Dec-11	2171.5	1	18.6	192	1		2285.34				
27-Dec-11	2171.71	1	18.6	192	1		2285.34				
28-Dec-11	2145.09	1	18.6	192	1		2285.34				
29-Dec-11	2168.12	1	18.6	192	1		2285.34				
30-Dec-11	2158.94	1	18.6	192	1		2285.34				
3-Jan-12	2192.4	1	18.6	192	1		2285.34				
4-Jan-12	2193.28	1	18.6	192	1		2285.34				
5-Jan-12	2199.73	1	18.6	192	1		2285.34				
6-Jan-12	2194.98	1	18.6	192	1		2285.34				
9-Jan-12	2200	1	18.6	192	1		2285.34				
10-Jan-12	2219.58	1	18.6	192	1		2285.34				
11-Jan-12	2220.48	1	18.6	192	1		2285.34				
12-Jan-12	2225.74	1	18.6	192	1		2285.34				
13-Jan-12	2214.73	1	18.6	192	1		2285.34				
17-Jan-12	2222.59	1	18.6	192	1		2285.34				
18-Jan-12	2247.64	1	18.6	192	1		2285.34				
19-Jan-12	2258.8	1	18.6	192	1		2285.34				
20-Jan-12	2260.37	1	18.6	192	1		2285.34				
23-Jan-12	2261.47	1	18.6	192	1		2285.34				
24-Jan-12	2259.22	1	18.6	192	1		2285.34				
25-Jan-12	2278.83	1	18.6	192	1		2285.34				
26-Jan-12	2265.84	1	18.6	192	1		2285.34				
27-Jan-12	2262.35	1	18.6	192	1		2285.34				
30-Jan-12	2256.72	1	18.6	192	0		0				
31-Jan-12	2255.69	1	18.6	192	0		0				
1-Feb-12	2276.24	1	18.6	192	0		0				
2-Feb-12	2278.92	1	18.6	192	0		0				
3-Feb-12	2312.49	1	18.6	192	0		0				
6-Feb-12	2311.55	0	0	613	0		0				
7-Feb-12	2316.27	0	0	614	0		0				
8-Feb-12	2322.11	0	0	615	0		0				
9-Feb-12	2325.56	0	0	616	0		0				
10-Feb-12	2309.6	0	0	617	0		0				
13-Feb-12	2325.81	0	0	618	0		0				
14-Feb-12	2324	0	0	619	0		0				
15-Feb-12	2312.28	0	0	620	0		0				
16-Feb-12	2338.12	0	0	621	0		0				
17-Feb-12	2343.67	0	0	622	0		0				
21-Feb-12	2345.41	0	0	623	0		0				
22-Feb-12	2337.67	0	0	624	0		0				
23-Feb-12	2348.11	0	0	625	0		0				
24-Feb-12	2352.34	0	0	626	0		0				
27-Feb-12	2355.74	0	0	627	0		0				
28-Feb-12	2364.03	0	0	628	0		0				
29-Feb-12	2353.23	0	0	629	0		0				
1-Mar-12	2367.87	0	0	630	0		0				
2-Mar-12	2360.28	0	0	631	0		0				
5-Mar-12	2351.28	0	0	632	0		0				
6-Mar-12	2315.21	0	0	633	0		0				
7-Mar-12	2331.89	0	0	634	0		0				
8-Mar-12	2355.01	0	0	635	0		0				
9-Mar-12	2363.56	0	0	636	0		0				
12-Mar-12	2364.1	0	0	637	0		0				
13-Mar-12	2407.79	0	0	638	0		0				
14-Mar-12	2404.98	0	0	639	0		0				
15-Mar-12	2419.37	0	0	640	0		0				
16-Mar-12	2422.09	0	0	641	0		0				
19-Mar-12	2431.73	0	0	642	0		0				
20-Mar-12	2424.46	0	0	643	0		0				
21-Mar-12	2420.02	0	0	644	0		0				
22-Mar-12	2402.71	0	0	645	0		0				
23-Mar-12	2410.16	0	0	646	0		0				
26-Mar-12	2443.64	0	0	647	0		0				
27-Mar-12	2437.01	0	0	648	0		0				
28-Mar-12	2425.55	0	0	649	0		0				
29-Mar-12	2421.7	0	0	650	0		0				
30-Mar-12	2430.67	0	0	651	0		0				
2-Apr-12	2449.08	0	0	652	0		0				
3-Apr-12	2439.89	1	9.5	94	0		0	94			
4-Apr-12	2415.05	1	9.5	94	0		0				
5-Apr-12	2414.4	1	9.5	94	1		2439.89				
9-Apr-12	2387.03	1	9.5	94	1		2439.89				
10-Apr-12	2346.27	1	9.5	94	1		2439.89				
11-Apr-12	2364.09	1	9.5	94	1		2439.89				
12-Apr-12	2396.69	1	9.5	94	1		2439.89				
13-Apr-12	2366.84	1	9.5	94	1		2439.89				
16-Apr-12	2365.65	1	9.5	94	1		2439.89				
17-Apr-12	2402.29	1	9.5	94	1		2439.89				
18-Apr-12	2392.57	1	9.5	94	1		2439.89				
19-Apr-12	2378.48	1	9.5	94	1		2439.89				
20-Apr-12	2381.32	1	9.5	94	1		2439.89				
23-Apr-12	2361.35	1	9.5	94	1		2439.89				
24-Apr-12	2370.04	1	9.5	94	1		2439.89				
25-Apr-12	2402.71	1	9.5	94	1		2439.89				
26-Apr-12	2418.89	1	9.5	94	1		2439.89				
27-Apr-12	2424.78	1	9.5	94	1		2439.89				
30-Apr-12	2415.42	1	9.5	94	1		2439.89				
1-May-12	2429.1	1	9.5	94	1		2439.89				
2-May-12	2423.29	1	9.5	94	1		2439.89				
3-May-12	2405.17	1	9.5	94	1		2439.89				
4-May-12	2366.39	1	9.5	94	1		2439.89				
7-May-12	2367.26	1	9.5	94	1		2439.89				
8-May-12	2357.45	1	9.5	94	1		2439.89				
9-May-12	2342.31	1	9.5	94	1		2439.89				
10-May-12	2348.93	1	9.5	94	1		2439.89				
11-May-12	2341.23	1	9.5	94	1		2439.89				
14-May-12	2315.45	1	9.5	94	1		2439.89				
15-May-12	2302.56	1	9.5	94	1		2439.89				
16-May-12	2293.21	1	9.5	94	1		2439.89				
17-May-12	2258.93	1	9.5	94	1		2439.89				
18-May-12	2242.25	1	9.5	94	1		2439.89				
21-May-12	2278.24	1	9.5	94	1		2439.89				
22-May-12	2279.4	1	9.5	94	1		2439.89				
23-May-12	2283.36	1	9.5	94	1		2439.89				
24-May-12	2286.87	1	9.5	94	1		2439.89				
25-May-12	2281.92	1	9.5	94	1		2439.89				
29-May-12	2307.57	1	9.5	94	1		2439.89				
30-May-12	2275.19	1	9.5	94	1		2439.89				
31-May-12	2270.25	1	9.5	94	1		2439.89				
1-Jun-12	2214.41	1	9.5	94	1		2439.89				
4-Jun-12	2214.7	1	9.5	94	1		2439.89				
5-Jun-12	2227.45	1	9.5	94	1		2439.89				
6-Jun-12	2279.42	1	9.5	94	1		2439.89				
7-Jun-12	2279.28	1	9.5	94	1		2439.89				
8-Jun-12	2297.82	1	9.5	94	1		2439.89				
11-Jun-12	2268.94	1	9.5	94	1		2439.89				
12-Jun-12	2295.4	1	9.5	94	1		2439.89				
13-Jun-12	2280.13	1	9.5	94	1		2439.89				
14-Jun-12	2304.83	1	9.5	94	1		2439.89				
15-Jun-12	2328.66	1	9.5	94	1		2439.89				
18-Jun-12	2332.07	1	9.5	94	1		2439.89				
19-Jun-12	2355.01	1	9.5	94	1		2439.89				
20-Jun-12	2351.14	1	9.5	94	1		2439.89				
21-Jun-12	2299.16	1	9.5	94	1		2439.89				
22-Jun-12	2315.65	1	9.5	94	1		2439.89				
25-Jun-12	2278.98	1	9.5	94	1		2439.89				
26-Jun-12	2289.86	1	9.5	94	1		2439.89				
27-Jun-12	2310.98	1	9.5	94	1		2439.89				
28-Jun-12	2306.22	1	9.5	94	1		2439.89				
29-Jun-12	2363.79	1	9.5	94	1		2439.89				
2-Jul-12	2369.75	1	9.5	94	1		2439.89				
3-Jul-12	2385.06	1	9.5	94	1		2439.89				
5-Jul-12	2373.91	1	9.5	94	1		2439.89				
6-Jul-12	2352.34	1	9.5	94	1		2439.89				
9-Jul-12	2348.52	1	9.5	94	1		2439.89				
10-Jul-12	2329.46	1	9.5	94	1		2439.89				
11-Jul-12	2329.71	1	9.5	94	1		2439.89				
12-Jul-12	2318.09	1	9.5	94	1		2439.89				
13-Jul-12	2356.4	1	9.5	94	1		2439.89				
16-Jul-12	2350.94	1	9.5	94	1		2439.89				
17-Jul-12	2368.36	1	9.5	94	1		2439.89				
18-Jul-12	2384.54	1	9.5	94	1		2439.89				
19-Jul-12	2391.27	1	9.5	94	1		2439.89				
20-Jul-12	2367.26	1	9.5	94	1		2439.89				
23-Jul-12	2346.22	1	9.5	94	1		2439.89				
24-Jul-12	2325.02	1	9.5	94	1		2439.89				
25-Jul-12	2324.33	1	9.5	94	1		2439.89				
26-Jul-12	2362.85	1	9.5	94	1		2439.89				
27-Jul-12	2408.07	1	9.5	94	1		2439.89				
30-Jul-12	2406.99	1	9.5	94	1		2439.89				
31-Jul-12	2396.62	1	9.5	94	1		2439.89				
1-Aug-12	2389.73	1	9.5	94	1		2439.89				
2-Aug-12	2372.31	1	9.5	94	1		2439.89				
3-Aug-12	2417.77	1	9.5	94	1		2439.89				
6-Aug-12	2423.46	1	9.5	94	1		2439.89				
7-Aug-12	2435.88	1	9.5	94	1		2439.89				
8-Aug-12	2438.16	1	9.5	94	0		0				
9-Aug-12	2440.23	1	9.5	94	0		0				
10-Aug-12	2445.64	1	9.5	94	0		0				
13-Aug-12	2443.05	1	9.5	94	0		0				
14-Aug-12	2443.16	1	9.5	94	0		0				
15-Aug-12	2446.82	1	9.5	94	0		0				
16-Aug-12	2464.38	1	9.5	94	0		0			8	
17-Aug-12	2469	0	0	748	0		0				
20-Aug-12	2468.99	0	0	749	0		0				
21-Aug-12	2460.41	0	0	750	0		0				
22-Aug-12	2461.12	0	0	751	0		0				
23-Aug-12	2441.29	0	0	752	0		0				
24-Aug-12	2457.4	0	0	753	0		0				
27-Aug-12	2456.22	0	0	754	0		0				
28-Aug-12	2454.39	0	0	755	0		0				
29-Aug-12	2457.05	0	0	756	0		0				
30-Aug-12	2438.2	0	0	757	0		0				
31-Aug-12	2450.6	0	0	758	0		0				
4-Sep-12	2447.8	0	0	759	0		0				
5-Sep-12	2445.81	0	0	760	0		0				
6-Sep-12	2496.12	0	0	761	0		0				
7-Sep-12	2506.37	0	0	762	0		0				
10-Sep-12	2491.11	0	0	763	0		0				
11-Sep-12	2498.95	0	0	764	0		0				
12-Sep-12	2504.84	0	0	765	0		0				
13-Sep-12	2546.03	0	0	766	0		0				
14-Sep-12	2556.13	0	0	767	0		0				
17-Sep-12	2548.26	1	7.3	72	1	2568.55	2568.55		72		
18-Sep-12	2545.05	1	7.3	72	1		2568.55				
19-Sep-12	2548.11	1	7.3	72	1		2568.55			7.25	
20-Sep-12	2547.11	1	7.3	72	1		2568.55				
21-Sep-12	2546.92	1	7.3	72	1		2568.55				
24-Sep-12	2541.23	1	7.3	72	1		2568.55				
25-Sep-12	2514.83	1	7.3	72	1		2568.55				
26-Sep-12	2500.92	1	7.3	72	1		2568.55				
27-Sep-12	2525.23	1	7.3	72	1		2568.55				
28-Sep-12	2513.93	1	7.3	72	1		2568.55				
1-Oct-12	2520.71	1	7.3	72	1		2568.55				
2-Oct-12	2523.08	1	7.3	72	1		2568.55				
3-Oct-12	2532.79	1	7.3	72	1		2568.55				
4-Oct-12	2550.98	1	7.3	72	1		2568.55				
5-Oct-12	2551.03	1	7.3	72	1		2568.55				
8-Oct-12	2542.21	1	7.3	72	1		2568.55				
9-Oct-12	2517.14	1	7.3	72	1		2568.55				
10-Oct-12	2501.75	1	7.3	72	1		2568.55				
11-Oct-12	2502.66	1	7.3	72	1		2568.55				
12-Oct-12	2495.28	1	7.3	72	1		2568.55				
15-Oct-12	2515.44	1	7.3	72	1		2568.55				
16-Oct-12	2541.28	1	7.3	72	1		2568.55				
17-Oct-12	2552.05	1	7.3	72	1		2568.55				
18-Oct-12	2545.95	1	7.3	72	1		2568.55				
19-Oct-12	2503.8	1	7.3	72	1		2568.55				
22-Oct-12	2504.96	1	7.3	72	1		2568.55				
23-Oct-12	2468.78	1	7.3	72	1		2568.55				
24-Oct-12	2461.18	1	7.3	72	1		2568.55				
25-Oct-12	2468.6	1	7.3	72	1		2568.55				
26-Oct-12	2466.8	1	7.3	72	1		2568.55				
31-Oct-12	2467.51	1	7.3	72	1		2568.55				
1-Nov-12	2494.67	1	7.3	72	1		2568.55				
2-Nov-12	2471.3	1	7.3	72	1		2568.55				
5-Nov-12	2476.94	1	7.3	72	1		2568.55				
6-Nov-12	2496.46	1	7.3	72	1		2568.55				
7-Nov-12	2439.48	1	7.3	72	1		2568.55				
8-Nov-12	2409.72	1	7.3	72	1		2568.55				
9-Nov-12	2413.92	1	7.3	72	1		2568.55				
12-Nov-12	2414.24	1	7.3	72	1		2568.55				
13-Nov-12	2405.38	1	7.3	72	1		2568.55				
14-Nov-12	2372.94	1	7.3	72	1		2568.55				
15-Nov-12	2369.32	1	7.3	72	1		2568.55				
16-Nov-12	2381.02	1	7.3	72	1		2568.55				
19-Nov-12	2428.47	1	7.3	72	1		2568.55				
20-Nov-12	2430.29	1	7.3	72	1		2568.55				
21-Nov-12	2435.97	1	7.3	72	1		2568.55				
23-Nov-12	2468.06	1	7.3	72	1		2568.55				
26-Nov-12	2463.12	1	7.3	72	1		2568.55				
27-Nov-12	2450.48	1	7.3	72	1		2568.55				
28-Nov-12	2470.47	1	7.3	72	1		2568.55				
29-Nov-12	2481.42	1	7.3	72	1		2568.55				
30-Nov-12	2481.82	1	7.3	72	1		2568.55				
3-Dec-12	2470.07	1	7.3	72	1		2568.55				
4-Dec-12	2465.9	1	7.3	72	1		2568.55				
5-Dec-12	2470.59	1	7.3	72	1		2568.55				
6-Dec-12	2479.4	1	7.3	72	1		2568.55				
7-Dec-12	2486.84	1	7.3	72	1		2568.55				
10-Dec-12	2487.78	1	7.3	72	1		2568.55				
11-Dec-12	2504.08	1	7.3	72	1		2568.55				
12-Dec-12	2505.76	1	7.3	72	1		2568.55				
13-Dec-12	2490.56	1	7.3	72	1		2568.55				
14-Dec-12	2480.36	1	7.3	72	1		2568.55				
17-Dec-12	2509.84	1	7.3	72	1		2568.55				
18-Dec-12	2538.72	1	7.3	72	1		2568.55				
19-Dec-12	2519.54	1	7.3	72	1		2568.55				
20-Dec-12	2533.91	1	7.3	72	1		2568.55				
21-Dec-12	2510.32	1	7.3	72	1		2568.55				
24-Dec-12	2504.51	1	7.3	72	1		2568.55				
26-Dec-12	2492.54	1	7.3	72	1		2568.55				
27-Dec-12	2489.97	1	7.3	72	1		2568.55				
28-Dec-12	2462.71	1	7.3	72	1		2568.55				
31-Dec-12	2504.44	1	7.3	72	1		2568.55				
2-Jan-13	2568.55	1	7.3	72	0		0				
3-Jan-13	2563.19	0	0	841	0		0				
4-Jan-13	2575.66	0	0	842	0		0				
7-Jan-13	2567.63	0	0	843	0		0				
8-Jan-13	2560.17	0	0	844	0		0				
9-Jan-13	2567.02	0	0	845	0		0				
10-Jan-13	2586.52	0	0	846	0		0				
11-Jan-13	2586.69	0	0	847	0		0				
14-Jan-13	2584.27	0	0	848	0		0				
15-Jan-13	2587.2	0	0	849	0		0				
16-Jan-13	2588.02	0	0	850	0		0				
17-Jan-13	2602.64	0	0	851	0		0				
18-Jan-13	2611.54	0	0	852	0		0				
22-Jan-13	2623.22	0	0	853	0		0				
23-Jan-13	2627.23	0	0	854	0		0				
24-Jan-13	2627.33	0	0	855	0		0				
25-Jan-13	2641.64	0	0	856	0		0				
28-Jan-13	2636.83	0	0	857	0		0				
29-Jan-13	2650.43	0	0	858	0		0				
30-Jan-13	2640.77	0	0	859	0		0				
31-Jan-13	2634.16	0	0	860	0		0				
1-Feb-13	2660.7	0	0	861	0		0				
4-Feb-13	2630.05	0	0	862	0		0				
5-Feb-13	2657.76	0	0	863	0		0				
6-Feb-13	2659.55	0	0	864	0		0				
7-Feb-13	2655.84	0	0	865	0		0				
8-Feb-13	2670.85	0	0	866	0		0				
11-Feb-13	2669.37	0	0	867	0		0				
12-Feb-13	2673.77	0	0	868	0		0				
13-Feb-13	2676.6	0	0	869	0		0				
14-Feb-13	2678.77	0	0	870	0		0				
15-Feb-13	2676.21	0	0	871	0		0				
19-Feb-13	2696.26	0	0	872	0		0				
20-Feb-13	2662.94	0	0	873	0		0				
21-Feb-13	2646.75	0	0	874	0		0				
22-Feb-13	2670.36	0	0	875	0		0				
25-Feb-13	2621.46	0	0	876	0		0				
26-Feb-13	2637.89	0	0	877	0		0				
27-Feb-13	2672.11	0	0	878	0		0				
28-Feb-13	2669.92	0	0	879	0		0				
1-Mar-13	2676.18	0	0	880	0		0				
4-Mar-13	2688.54	0	0	881	0		0				
5-Mar-13	2714.35	0	0	882	0		0				
6-Mar-13	2718.07	0	0	883	0		0				
7-Mar-13	2723.27	0	0	884	0		0				
8-Mar-13	2735.67	0	0	885	0		0				
11-Mar-13	2744.81	0	0	886	0		0				
12-Mar-13	2738.35	0	0	887	0		0				
13-Mar-13	2742.87	0	0	888	0		0				
14-Mar-13	2758.3	0	0	889	0		0				
15-Mar-13	2753.82	0	0	890	0		0				
18-Mar-13	2738.68	0	0	891	0		0				
19-Mar-13	2732.09	0	0	892	0		0				
20-Mar-13	2750.42	0	0	893	0		0				
21-Mar-13	2727.69	0	0	894	0		0				
22-Mar-13	2747.25	0	0	895	0		0				
25-Mar-13	2738.08	0	0	896	0		0				
26-Mar-13	2760.32	0	0	897	0		0				
27-Mar-13	2758.85	0	0	898	0		0				
28-Mar-13	2770.05	0	0	899	0		0				
1-Apr-13	2757.83	0	0	900	0		0				
2-Apr-13	2772.11	0	0	901	0		0				
3-Apr-13	2743.38	0	0	902	0		0				
4-Apr-13	2754.67	0	0	903	0		0				
5-Apr-13	2742.86	0	0	904	0		0				
8-Apr-13	2761.05	0	0	905	0		0				
9-Apr-13	2770.84	0	0	906	0		0				
10-Apr-13	2804.81	0	0	907	0		0				
11-Apr-13	2815.02	0	0	908	0		0				
12-Apr-13	2807.1	0	0	909	0		0				
15-Apr-13	2742.63	0	0	910	0		0				
16-Apr-13	2781.86	0	0	911	0		0				
17-Apr-13	2742.01	0	0	912	0		0				
18-Apr-13	2723.72	0	0	913	0		0				
19-Apr-13	2747.94	0	0	914	0		0				
22-Apr-13	2760.8	0	0	915	0		0				
23-Apr-13	2789.56	0	0	916	0		0				
24-Apr-13	2789.93	0	0	917	0		0				
25-Apr-13	2801.28	0	0	918	0		0				
26-Apr-13	2796.24	0	0	919	0		0				
29-Apr-13	2816.39	0	0	920	0		0				
30-Apr-13	2823.42	0	0	921	0		0				
1-May-13	2797.28	0	0	922	0		0				
2-May-13	2823.82	0	0	923	0		0				
3-May-13	2853.88	0	0	924	0		0				
6-May-13	2859.34	0	0	925	0		0				
7-May-13	2874.46	0	0	926	0		0				
8-May-13	2887.61	0	0	927	0		0				
9-May-13	2878.3	0	0	928	0		0				
10-May-13	2890.77	0	0	929	0		0				
13-May-13	2891.17	0	0	930	0		0				
14-May-13	2921.12	0	0	931	0		0				
15-May-13	2936.98	0	0	932	0		0				
16-May-13	2922.4	0	0	933	0		0				
17-May-13	2952.56	0	0	934	0		0				
20-May-13	2950.53	0	0	935	0		0				
21-May-13	2955.69	0	0	936	0		0				
22-May-13	2931.58	0	0	937	0		0				
23-May-13	2923.43	0	0	938	0		0				
24-May-13	2921.88	0	0	939	0		0				
28-May-13	2940.45	0	0	940	0		0				
29-May-13	2920.18	0	0	941	0		0				
30-May-13	2931.39	0	0	942	0		0				
31-May-13	2889.46	0	0	943	0		0				
3-Jun-13	2906.91	0	0	944	0		0				
4-Jun-13	2891.02	0	0	945	0		0				
5-Jun-13	2851.89	0	0	946	0		0				
6-Jun-13	2876.5	0	0	947	0		0				
7-Jun-13	2913.46	0	0	948	0		0				
10-Jun-13	2912.63	0	0	949	0		0				
11-Jun-13	2883.07	0	0	950	0		0				
12-Jun-13	2859.62	0	0	951	0		0				
13-Jun-13	2902.32	0	0	952	0		0				
14-Jun-13	2885.24	0	0	953	0		0				
17-Jun-13	2907.12	0	0	954	0		0				
18-Jun-13	2929.81	0	0	955	0		0				
19-Jun-13	2889.25	0	0	956	0		0				
20-Jun-13	2817.44	0	0	957	0		0				
21-Jun-13	2824.97	0	0	958	0		0				
24-Jun-13	2790.66	0	0	959	0		0				
25-Jun-13	2817.44	0	0	960	0		0				
26-Jun-13	2845.04	0	0	961	0		0				
27-Jun-13	2862.92	0	0	962	0		0				
28-Jun-13	2850.66	0	0	963	0		0				
1-Jul-13	2866.41	0	0	964	0		0				
2-Jul-13	2865.48	0	0	965	0		0				
3-Jul-13	2867.85	0	0	966	0		0				
5-Jul-13	2897.12	0	0	967	0		0				
8-Jul-13	2913.2	0	0	968	0		0				
9-Jul-13	2934.31	0	0	969	0		0				
10-Jul-13	2934.97	0	0	970	0		0				
11-Jul-13	2975.06	0	0	971	0		0				
12-Jul-13	2984.24	0	0	972	0		0				
15-Jul-13	2988.35	0	0	973	0		0				
16-Jul-13	2977.26	0	0	974	0		0				
17-Jul-13	2985.85	0	0	975	0		0				
18-Jul-13	3001.21	0	0	976	0		0				
19-Jul-13	3006.13	0	0	977	0		0				
22-Jul-13	3012.3	0	0	978	0		0				
23-Jul-13	3006.72	0	0	979	0		0				
24-Jul-13	2995.3	0	0	980	0		0				
25-Jul-13	3003.01	0	0	981	0		0				
26-Jul-13	3005.51	0	0	982	0		0				
29-Jul-13	2994.45	0	0	983	0		0				
30-Jul-13	2995.68	0	0	984	0		0				
31-Jul-13	2995.72	0	0	985	0		0				
1-Aug-13	3033.59	0	0	986	0		0				
2-Aug-13	3038.63	0	0	987	0		0				
5-Aug-13	3034.43	0	0	988	0		0				
6-Aug-13	3017.16	0	0	989	0		0				
7-Aug-13	3006.63	0	0	990	0		0				
8-Aug-13	3019	0	0	991	0		0				
9-Aug-13	3008.79	0	0	992	0		0				
12-Aug-13	3005.42	0	0	993	0		0				
13-Aug-13	3014.43	0	0	994	0		0				
14-Aug-13	2999.42	0	0	995	0		0				
15-Aug-13	2957.08	0	0	996	0		0				
16-Aug-13	2947.46	0	0	997	0		0				
19-Aug-13	2930.27	0	0	998	0		0				
20-Aug-13	2941.58	0	0	999	0		0				
21-Aug-13	2924.73	0	0	1000	0		0				
22-Aug-13	2949.96	0	0	1001	0		0				
23-Aug-13	2962.06	0	0	1002	0		0				
26-Aug-13	2950.13	0	0	1003	0		0				
27-Aug-13	2903.29	0	0	1004	0		0				
28-Aug-13	2911.83	0	0	1005	0		0				
29-Aug-13	2917.96	0	0	1006	0		0				
30-Aug-13	2908.96	0	0	1007	0		0				
3-Sep-13	2921.23	0	0	1008	0		0				
4-Sep-13	2945.62	0	0	1009	0		0				
5-Sep-13	2949.27	0	0	1010	0		0				
6-Sep-13	2949.8	0	0	1011	0		0				
9-Sep-13	2979.45	0	0	1012	0		0				
10-Sep-13	3001.36	0	0	1013	0		0				
11-Sep-13	3010.94	0	0	1014	0		0				
12-Sep-13	3001.62	0	0	1015	0		0				
13-Sep-13	3009.79	0	0	1016	0		0				
16-Sep-13	3026.94	0	0	1017	0		0				
17-Sep-13	3039.75	0	0	1018	0		0				
18-Sep-13	3076.81	0	0	1019	0		0				
19-Sep-13	3071.61	0	0	1020	0		0				
20-Sep-13	3049.47	0	0	1021	0		0				
23-Sep-13	3035.09	0	0	1022	0		0				
24-Sep-13	3027.52	0	0	1023	0		0				
25-Sep-13	3019.31	0	0	1024	0		0				
26-Sep-13	3030.41	0	0	1025	0		0				
27-Sep-13	3018.24	0	0	1026	0		0				
30-Sep-13	3000.18	0	0	1027	0		0				
1-Oct-13	3024.38	0	0	1028	0		0				
2-Oct-13	3022.95	0	0	1029	0		0				
3-Oct-13	2995.81	0	0	1030	0		0				
4-Oct-13	3017.05	0	0	1031	0		0				
7-Oct-13	2991.39	0	0	1032	0		0				
8-Oct-13	2955.41	0	0	1033	0		0				
9-Oct-13	2957.4	0	0	1034	0		0				
10-Oct-13	3022.43	0	0	1035	0		0				
11-Oct-13	3041.43	0	0	1036	0		0				
14-Oct-13	3053.84	0	0	1037	0		0				
15-Oct-13	3032.27	0	0	1038	0		0				
16-Oct-13	3074.54	0	0	1039	0		0				
17-Oct-13	3095.42	0	0	1040	0		0				
18-Oct-13	3115.77	0	0	1041	0		0				
21-Oct-13	3116.09	0	0	1042	0		0				
22-Oct-13	3133.98	0	0	1043	0		0				
23-Oct-13	3119.2	0	0	1044	0		0				
24-Oct-13	3129.41	0	0	1045	0		0				
25-Oct-13	3143.16	0	0	1046	0		0				
28-Oct-13	3147.36	0	0	1047	0		0				
29-Oct-13	3165.11	0	0	1048	0		0				
30-Oct-13	3149.93	0	0	1049	0		0				
31-Oct-13	3138.09	0	0	1050	0		0				
1-Nov-13	3147.21	0	0	1051	0		0				
4-Nov-13	3158.47	0	0	1052	0		0				
5-Nov-13	3149.96	0	0	1053	0		0				
6-Nov-13	3165.13	0	0	1054	0		0				
7-Nov-13	3124.12	0	0	1055	0		0				
8-Nov-13	3166.11	0	0	1056	0		0				
11-Nov-13	3168.41	0	0	1057	0		0				
12-Nov-13	3161.1	0	0	1058	0		0				
13-Nov-13	3187.64	0	0	1059	0		0				
14-Nov-13	3203.65	0	0	1060	0		0				
15-Nov-13	3217.2	0	0	1061	0		0				
18-Nov-13	3205.46	0	0	1062	0		0				
19-Nov-13	3199.52	0	0	1063	0		0				
20-Nov-13	3188.04	0	0	1064	0		0				
21-Nov-13	3214.16	0	0	1065	0		0				
22-Nov-13	3230.54	0	0	1066	0		0				
25-Nov-13	3226.53	0	0	1067	0		0				
26-Nov-13	3227.36	0	0	1068	0		0				
27-Nov-13	3236.14	0	0	1069	0		0				
29-Nov-13	3233.72	0	0	1070	0		0				
2-Dec-13	3225.06	0	0	1071	0		0				
3-Dec-13	3214.95	0	0	1072	0		0				
4-Dec-13	3211.59	0	0	1073	0		0				
5-Dec-13	3197.76	0	0	1074	0		0				
6-Dec-13	3233.99	0	0	1075	0		0				
9-Dec-13	3239.99	0	0	1076	0		0				
10-Dec-13	3229.72	0	0	1077	0		0				
11-Dec-13	3193.52	0	0	1078	0		0				
12-Dec-13	3182.33	0	0	1079	0		0				
13-Dec-13	3182.07	0	0	1080	0		0				
16-Dec-13	3202.22	0	0	1081	0		0				
17-Dec-13	3192.33	0	0	1082	0		0				
18-Dec-13	3245.59	0	0	1083	0		0				
19-Dec-13	3244.15	0	0	1084	0		0				
20-Dec-13	3259.79	0	0	1085	0		0				
23-Dec-13	3277.62	0	0	1086	0		0				
24-Dec-13	3287.55	0	0	1087	0		0				
26-Dec-13	3303.15	0	0	1088	0		0				
27-Dec-13	3302.66	0	0	1089	0		0				
30-Dec-13	3302.3	0	0	1090	0		0				
31-Dec-13	3315.59	0	0	1091	0		0				
2-Jan-14	3286.69	0	0	1092	0		0				
3-Jan-14	3285.68	0	0	1093	0		0				
6-Jan-14	3277.48	0	0	1094	0		0				
7-Jan-14	3297.45	0	0	1095	0		0				
8-Jan-14	3297.74	0	0	1096	0		0				
9-Jan-14	3298.87	0	0	1097	0		0				
10-Jan-14	3306.49	0	0	1098	0		0				
13-Jan-14	3265.27	0	0	1099	0		0				
14-Jan-14	3300.61	0	0	1100	0		0				
15-Jan-14	3317.75	0	0	1101	0		0				
16-Jan-14	3313.36	1	5.7	25	0		0		25		
17-Jan-14	3300.51	1	5.7	25	1		3309.74				
21-Jan-14	3309.74	1	5.7	25	1		3309.74				
22-Jan-14	3312.04	1	5.7	25	1		3309.74				
23-Jan-14	3282.64	1	5.7	25	1		3309.74				
24-Jan-14	3214.14	1	5.7	25	1		3309.74				
27-Jan-14	3198.57	1	5.7	25	1		3309.74				
28-Jan-14	3218.21	1	5.7	25	1		3309.74				
29-Jan-14	3185.7	1	5.7	25	1		3309.74				
30-Jan-14	3221.78	1	5.7	25	1		3309.74				
31-Jan-14	3200.95	1	5.7	25	1		3309.74				
3-Feb-14	3127.87	1	5.7	25	1		3309.74				
4-Feb-14	3151.94	1	5.7	25	1		3309.74				
5-Feb-14	3146.49	1	5.7	25	1		3309.74				
6-Feb-14	3187.25	1	5.7	25	1		3309.74				
7-Feb-14	3229.65	1	5.7	25	1		3309.74				
10-Feb-14	3234.79	1	5.7	25	1		3309.74				
11-Feb-14	3270.74	1	5.7	25	1		3309.74				
12-Feb-14	3271.47	1	5.7	25	1		3309.74				
13-Feb-14	3290.82	1	5.7	25	1		3309.74				
14-Feb-14	3306.92	1	5.7	25	1		3309.74				
18-Feb-14	3311.27	1	5.7	25	0		0				
19-Feb-14	3289.83	1	5.7	25	0		0				
20-Feb-14	3310.27	1	5.7	25	0		0				
21-Feb-14	3304.36	1	5.7	25	0		0				
24-Feb-14	3324.84	1	5.7	25	0		0				
25-Feb-14	3320.43	0	0	1128	0		0				
26-Feb-14	3321.15	0	0	1129	0		0				
27-Feb-14	3338.05	0	0	1130	0		0				
28-Feb-14	3347.38	0	0	1131	0		0				
3-Mar-14	3322.85	0	0	1132	0		0				
4-Mar-14	3373.64	0	0	1133	0		0				
5-Mar-14	3374.1	0	0	1134	0		0				
6-Mar-14	3380.49	0	0	1135	0		0				
7-Mar-14	3382.57	0	0	1136	0		0				
10-Mar-14	3381.22	0	0	1137	0		0				
11-Mar-14	3364.17	0	0	1138	0		0				
12-Mar-14	3366.07	0	0	1139	0		0				
13-Mar-14	3327.11	0	0	1140	0		0				
14-Mar-14	3317.81	0	0	1141	0		0				
17-Mar-14	3349.71	0	0	1142	0		0				
18-Mar-14	3373.98	0	0	1143	0		0				
19-Mar-14	3353.29	0	0	1144	0		0				
20-Mar-14	3373.6	0	0	1145	0		0				
21-Mar-14	3363.72	0	0	1146	0		0				
24-Mar-14	3347.36	0	0	1147	0		0				
25-Mar-14	3362.44	0	0	1148	0		0				
26-Mar-14	3339	0	0	1149	0		0				
27-Mar-14	3333.23	0	0	1150	0		0				
28-Mar-14	3348.83	0	0	1151	0		0				
31-Mar-14	3375.51	0	0	1152	0		0				
1-Apr-14	3399.51	0	0	1153	0		0				
2-Apr-14	3409.8	0	0	1154	0		0				
3-Apr-14	3406	0	0	1155	0		0				
4-Apr-14	3363.41	0	0	1156	0		0				
7-Apr-14	3327.27	0	0	1157	0		0				
8-Apr-14	3340.84	0	0	1158	0		0				
9-Apr-14	3377.61	0	0	1159	0		0				
10-Apr-14	3307.08	0	0	1160	0		0				
11-Apr-14	3276.04	0	0	1161	0		0				
14-Apr-14	3302.98	0	0	1162	0		0				
15-Apr-14	3325.3	0	0	1163	0		0				
16-Apr-14	3360.27	0	0	1164	0		0				
17-Apr-14	3365	0	0	1165	0		0				
21-Apr-14	3377.75	0	0	1166	0		0				
22-Apr-14	3391.58	0	0	1167	0		0				
23-Apr-14	3384.5	0	0	1168	0		0				
24-Apr-14	3390.39	0	0	1169	0		0				
25-Apr-14	3362.95	0	0	1170	0		0				
28-Apr-14	3374.04	0	0	1171	0		0				
29-Apr-14	3390.16	0	0	1172	0		0				
30-Apr-14	3400.46	0	0	1173	0		0				
1-May-14	3400.2	0	0	1174	0		0				
2-May-14	3395.61	0	0	1175	0		0				
5-May-14	3402.23	0	0	1176	0		0				
6-May-14	3371.72	0	0	1177	0		0				
7-May-14	3392.1	0	0	1178	0		0				
8-May-14	3388.29	0	0	1179	0		0				
9-May-14	3394.05	0	0	1180	0		0				
12-May-14	3427.01	0	0	1181	0		0				
13-May-14	3429.3	0	0	1182	0		0				
14-May-14	3413.84	0	0	1183	0		0				
15-May-14	3382.52	0	0	1184	0		0				
16-May-14	3395.21	0	0	1185	0		0				
19-May-14	3408.52	0	0	1186	0		0				
20-May-14	3386.48	0	0	1187	0		0				
21-May-14	3414.45	0	0	1188	0		0				
22-May-14	3422.99	0	0	1189	0		0				
23-May-14	3437.58	0	0	1190	0		0				
27-May-14	3458.19	0	0	1191	0		0				
28-May-14	3454.88	0	0	1192	0		0				
29-May-14	3473.86	0	0	1193	0		0				
30-May-14	3480.29	0	0	1194	0		0				
2-Jun-14	3483.14	0	0	1195	0		0				
3-Jun-14	3482	0	0	1196	0		0				
4-Jun-14	3489.21	0	0	1197	0		0				
5-Jun-14	3512.21	0	0	1198	0		0				
6-Jun-14	3528.98	0	0	1199	0		0				
9-Jun-14	3532.47	0	0	1200	0		0				
10-Jun-14	3531.62	0	0	1201	0		0				
11-Jun-14	3519.52	0	0	1202	0		0				
12-Jun-14	3495.57	0	0	1203	0		0				
13-Jun-14	3506.58	0	0	1204	0		0				
16-Jun-14	3509.54	0	0	1205	0		0				
17-Jun-14	3517.23	0	0	1206	0		0				
18-Jun-14	3544.42	0	0	1207	0		0				
19-Jun-14	3549.44	0	0	1208	0		0				
20-Jun-14	3555.6	0	0	1209	0		0				
23-Jun-14	3555.14	0	0	1210	0		0				
24-Jun-14	3532.57	0	0	1211	0		0				
25-Jun-14	3549.96	0	0	1212	0		0				
26-Jun-14	3546.38	0	0	1213	0		0				
27-Jun-14	3553.35	0	0	1214	0		0				
30-Jun-14	3552.18	0	0	1215	0		0				
1-Jul-14	3576.55	0	0	1216	0		0				
2-Jul-14	3579.11	0	0	1217	0		0				
3-Jul-14	3598.73	0	0	1218	0		0				
7-Jul-14	3584.75	0	0	1219	0		0				
8-Jul-14	3560.53	0	0	1220	0		0				
9-Jul-14	3577.28	0	0	1221	0		0				
10-Jul-14	3562.49	0	0	1222	0		0				
11-Jul-14	3568.08	0	0	1223	0		0				
14-Jul-14	3585.37	0	0	1224	0		0				
15-Jul-14	3578.46	0	0	1225	0		0				
16-Jul-14	3593.91	0	0	1226	0		0				
17-Jul-14	3551.73	0	0	1227	0		0				
18-Jul-14	3588.21	0	0	1228	0		0				
21-Jul-14	3579.99	0	0	1229	0		0				
22-Jul-14	3597.95	0	0	1230	0		0				
23-Jul-14	3604.3	0	0	1231	0		0				
24-Jul-14	3606.1	0	0	1232	0		0				
25-Jul-14	3588.68	0	0	1233	0		0				
28-Jul-14	3589.73	0	0	1234	0		0				
29-Jul-14	3573.65	0	0	1235	0		0				
30-Jul-14	3574.45	0	0	1236	0		0				
31-Jul-14	3503.19	0	0	1237	0		0				
1-Aug-14	3493.18	0	0	1238	0		0				
4-Aug-14	3518.31	0	0	1239	0		0				
5-Aug-14	3484.56	0	0	1240	0		0				
6-Aug-14	3485.67	0	0	1241	0		0				
7-Aug-14	3467.14	0	0	1242	0		0				
8-Aug-14	3507.21	0	0	1243	0		0				
11-Aug-14	3517.53	0	0	1244	0		0				
12-Aug-14	3511.96	0	0	1245	0		0				
13-Aug-14	3536.42	0	0	1246	0		0				
14-Aug-14	3551.97	0	0	1247	0		0				
15-Aug-14	3552.17	0	0	1248	0		0				
18-Aug-14	3582.7	0	0	1249	0		0				
19-Aug-14	3601.33	0	0	1250	0		0				
20-Aug-14	3610.49	0	0	1251	0		0				
21-Aug-14	3621.23	0	0	1252	0		0				
22-Aug-14	3614.5	0	0	1253	0		0				
25-Aug-14	3631.86	0	0	1254	0		0				
26-Aug-14	3635.71	0	0	1255	0		0				
27-Aug-14	3636.64	0	0	1256	0		0				
28-Aug-14	3630.98	0	0	1257	0		0				
29-Aug-14	3643.33	0	0	1258	0		0				
2-Sep-14	3641.52	0	0	1259	0		0				
3-Sep-14	3639.35	0	0	1260	0		0				
4-Sep-14	3633.87	0	0	1261	0		0				
5-Sep-14	3652.26	0	0	1262	0		0				
8-Sep-14	3641.66	0	0	1263	0		0				
9-Sep-14	3617.89	0	0	1264	0		0				
10-Sep-14	3631.45	0	0	1265	0		0				
11-Sep-14	3635.66	0	0	1266	0		0				
12-Sep-14	3614.06	0	0	1267	0		0				
15-Sep-14	3611.52	0	0	1268	0		0				
16-Sep-14	3638.6	0	0	1269	0		0				
17-Sep-14	3643.4	0	0	1270	0		0				
18-Sep-14	3661.73	0	0	1271	0		0				
19-Sep-14	3660.03	1	7.3	30	1		3660.03		30		
22-Sep-14	3630.7	1	7.3	30	1		3660.03				
23-Sep-14	3610.1	1	7.3	30	1		3660.03				
24-Sep-14	3638.44	1	7.3	30	1		3660.03				
25-Sep-14	3579.61	1	7.3	30	1		3660.03				
26-Sep-14	3610.98	1	7.3	30	1		3660.03				
29-Sep-14	3602.09	1	7.3	30	1		3660.03				
30-Sep-14	3592.25	1	7.3	30	1		3660.03				
1-Oct-14	3544.98	1	7.3	30	1		3660.03				
2-Oct-14	3545.3	1	7.3	30	1		3660.03				
3-Oct-14	3584.94	1	7.3	30	1		3660.03				
6-Oct-14	3579.42	1	7.3	30	1		3660.03				
7-Oct-14	3525.29	1	7.3	30	1		3660.03				
8-Oct-14	3588.07	1	7.3	30	1		3660.03				
9-Oct-14	3514.12	1	7.3	30	1		3660.03				
10-Oct-14	3474.23	1	7.3	30	1		3660.03				
13-Oct-14	3417.01	1	7.3	30	1		3660.03				
14-Oct-14	3422.43	1	7.3	30	1		3660.03				
15-Oct-14	3395.03	1	7.3	30	1		3660.03				
16-Oct-14	3395.64	1	7.3	30	1		3660.03				
17-Oct-14	3439.39	1	7.3	30	1		3660.03				
20-Oct-14	3470.89	1	7.3	30	1		3660.03				
21-Oct-14	3538.9	1	7.3	30	1		3660.03				
22-Oct-14	3513.47	1	7.3	30	1		3660.03				
23-Oct-14	3556.7	1	7.3	30	1		3660.03				
24-Oct-14	3581.82	1	7.3	30	1		3660.03				
27-Oct-14	3576.47	1	7.3	30	1		3660.03				
28-Oct-14	3619.16	1	7.3	30	0		0				
29-Oct-14	3614.53	1	7.3	30	0		0				
30-Oct-14	3637.3	1	7.3	30	0		0				
31-Oct-14	3679.99	1	7.3	30	0		0				
3-Nov-14	3679.58	0	0	1303	0		0				
4-Nov-14	3669.18	0	0	1304	0		0				
5-Nov-14	3691.38	0	0	1305	0		0				
6-Nov-14	3706.45	0	0	1306	0		0				
7-Nov-14	3708.46	0	0	1307	0		0				
10-Nov-14	3720.25	0	0	1308	0		0				
11-Nov-14	3722.84	0	0	1309	0		0				
12-Nov-14	3721.3	0	0	1310	0		0				
13-Nov-14	3723.58	0	0	1311	0		0				
14-Nov-14	3724.92	0	0	1312	0		0				
17-Nov-14	3727.86	0	0	1313	0		0				
18-Nov-14	3747.74	0	0	1314	0		0				
19-Nov-14	3742.35	0	0	1315	0		0				
20-Nov-14	3749.87	0	0	1316	0		0				
21-Nov-14	3770.03	0	0	1317	0		0				
24-Nov-14	3780.88	0	0	1318	0		0				
25-Nov-14	3776.94	0	0	1319	0		0				
26-Nov-14	3788.42	0	0	1320	0		0				
28-Nov-14	3778.96	0	0	1321	0		0				
1-Dec-14	3753.31	0	0	1322	0		0				
2-Dec-14	3777.47	0	0	1323	0		0				
3-Dec-14	3792.68	0	0	1324	0		0				
4-Dec-14	3788.34	0	0	1325	0		0				
5-Dec-14	3794.68	0	0	1326	0		0				
8-Dec-14	3767.7	0	0	1327	0		0				
9-Dec-14	3758.87	0	0	1328	0		0				
10-Dec-14	3705.51	0	0	1329	0		0				
11-Dec-14	3723.32	0	0	1330	0		0				
12-Dec-14	3663.1	0	0	1331	0		0				
15-Dec-14	3639.97	0	0	1332	0		0				
16-Dec-14	3609.06	0	0	1333	0		0				
17-Dec-14	3682.7	0	0	1334	0		0				
18-Dec-14	3771.72	0	0	1335	0		0				
19-Dec-14	3788.97	0	0	1336	0		0				
22-Dec-14	3803.94	0	0	1337	0		0				
23-Dec-14	3810.78	0	0	1338	0		0				
24-Dec-14	3810.39	0	0	1339	0		0				
26-Dec-14	3823	0	0	1340	0		0				
29-Dec-14	3826.95	0	0	1341	0		0				
30-Dec-14	3808.69	0	0	1342	0		0				
31-Dec-14	3769.44	0	0	1343	0		0				
2-Jan-15	3768.68	0	0	1344	0		0				
5-Jan-15	3700.03	0	0	1345	0		0				
6-Jan-15	3667.14	0	0	1346	0		0				
7-Jan-15	3710.94	0	0	1347	0		0				
8-Jan-15	3777.4	0	0	1348	0		0				
9-Jan-15	3745.67	0	0	1349	0		0				
12-Jan-15	3715.36	0	0	1350	0		0				
13-Jan-15	3706.15	0	0	1351	0		0				
14-Jan-15	3684.72	0	0	1352	0		0				
15-Jan-15	3650.74	0	0	1353	0		0				
16-Jan-15	3699.79	0	0	1354	0		0				
20-Jan-15	3705.64	0	0	1355	0		0				
21-Jan-15	3723.62	0	0	1356	0		0				
22-Jan-15	3780.51	0	0	1357	0		0				
23-Jan-15	3759.76	0	0	1358	0		0				
26-Jan-15	3769.45	0	0	1359	0		0				
27-Jan-15	3718.99	0	0	1360	0		0				
28-Jan-15	3669.1	0	0	1361	0		0				
29-Jan-15	3704.35	0	0	1362	0		0				
30-Jan-15	3656.28	0	0	1363	0		0				
2-Feb-15	3703.77	0	0	1364	0		0				
3-Feb-15	3757.34	0	0	1365	0		0				
4-Feb-15	3742.84	0	0	1366	0		0				
5-Feb-15	3782.11	0	0	1367	0		0				
6-Feb-15	3770.2	0	0	1368	0		0				
9-Feb-15	3754.36	0	0	1369	0		0				
10-Feb-15	3794.62	0	0	1370	0		0				
11-Feb-15	3795.82	0	0	1371	0		0				
12-Feb-15	3833.35	0	0	1372	0		0				
13-Feb-15	3849.29	0	0	1373	0		0				
17-Feb-15	3856.04	0	0	1374	0		0				
18-Feb-15	3855	0	0	1375	0		0				
19-Feb-15	3851.53	0	0	1376	0		0				
20-Feb-15	3875.6	0	0	1377	0		0				
23-Feb-15	3874.46	0	0	1378	0		0				
24-Feb-15	3885.27	0	0	1379	0		0				
25-Feb-15	3882.95	0	0	1380	0		0				
26-Feb-15	3877.85	0	0	1381	0		0				
27-Feb-15	3866.42	0	0	1382	0		0				
2-Mar-15	3890.32	0	0	1383	0		0				
3-Mar-15	3872.71	0	0	1384	0		0				
4-Mar-15	3856.51	0	0	1385	0		0				
5-Mar-15	3861.29	0	0	1386	0		0				
6-Mar-15	3807.04	0	0	1387	0		0				
9-Mar-15	3822.42	0	0	1388	0		0				
10-Mar-15	3757.83	0	0	1389	0		0				
11-Mar-15	3751.2	0	0	1390	0		0				
12-Mar-15	3799.43	0	0	1391	0		0				
13-Mar-15	3776.44	0	0	1392	0		0				
16-Mar-15	3827.62	0	0	1393	0		0				
17-Mar-15	3814.91	0	0	1394	0		0				
18-Mar-15	3861.39	0	0	1395	0		0				
19-Mar-15	3842.62	0	0	1396	0		0				
20-Mar-15	3877.26	0	0	1397	0		0				
23-Mar-15	3870.49	0	0	1398	0		0				
24-Mar-15	3847.05	0	0	1399	0		0				
25-Mar-15	3791.13	0	0	1400	0		0				
26-Mar-15	3782.21	0	0	1401	0		0				
27-Mar-15	3791.9	0	0	1402	0		0				
30-Mar-15	3838.65	0	0	1403	0		0				
31-Mar-15	3805.27	0	0	1404	0		0				
1-Apr-15	3790.66	0	0	1405	0		0				
2-Apr-15	3804.14	0	0	1406	0		0				
6-Apr-15	3829.31	0	0	1407	0		0				
7-Apr-15	3821.49	0	0	1408	0		0				
8-Apr-15	3833.2	0	0	1409	0		0				
9-Apr-15	3850.29	0	0	1410	0		0				
10-Apr-15	3870.31	0	0	1411	0		0				
13-Apr-15	3852.93	0	0	1412	0		0				
14-Apr-15	3859.22	0	0	1413	0		0				
15-Apr-15	3879.1	0	0	1414	0		0				
16-Apr-15	3876.17	0	0	1415	0		0				
17-Apr-15	3832.33	0	0	1416	0		0				
20-Apr-15	3867.82	0	0	1417	0		0				
21-Apr-15	3862.15	0	0	1418	0		0				
22-Apr-15	3881.93	0	0	1419	0		0				
23-Apr-15	3891.46	0	0	1420	0		0				
24-Apr-15	3900.24	0	0	1421	0		0				
27-Apr-15	3884.1	0	0	1422	0		0				
28-Apr-15	3895.21	0	0	1423	0		0				
29-Apr-15	3880.9	0	0	1424	0		0				
30-Apr-15	3841.78	0	0	1425	0		0				
1-May-15	3883.75	0	0	1426	0		0				
4-May-15	3895.16	0	0	1427	0		0				
5-May-15	3849.41	0	0	1428	0		0				
6-May-15	3833.7	0	0	1429	0		0				
7-May-15	3849.13	0	0	1430	0		0				
8-May-15	3901.01	0	0	1431	0		0				
11-May-15	3881.93	0	0	1432	0		0				
12-May-15	3870.69	0	0	1433	0		0				
13-May-15	3870.36	0	0	1434	0		0				
14-May-15	3912.52	0	0	1435	0		0				
15-May-15	3915.99	0	0	1436	0		0				
18-May-15	3928.15	0	0	1437	0		0				
19-May-15	3926.41	0	0	1438	0		0				
20-May-15	3923.18	0	0	1439	0		0				
21-May-15	3932.9	0	0	1440	0		0				
22-May-15	3924.16	0	0	1441	0		0				
26-May-15	3883.88	0	0	1442	0		0				
27-May-15	3920.11	0	0	1443	0		0				
28-May-15	3915.82	0	0	1444	0		0				
29-May-15	3891.18	0	0	1445	0		0				
1-Jun-15	3899.59	0	0	1446	0		0				
2-Jun-15	3895.85	0	0	1447	0		0				
3-Jun-15	3904.83	0	0	1448	0		0				
4-Jun-15	3871.23	0	0	1449	0		0				
5-Jun-15	3865.83	0	0	1450	0		0				
8-Jun-15	3841.45	0	0	1451	0		0				
9-Jun-15	3843.16	0	0	1452	0		0				
10-Jun-15	3889.7	0	0	1453	0		0				
11-Jun-15	3897.59	0	0	1454	0		0				
12-Jun-15	3870.56	0	0	1455	0		0				
15-Jun-15	3852.75	0	0	1456	0		0				
16-Jun-15	3874.73	0	0	1457	0		0				
17-Jun-15	3882.49	0	0	1458	0		0				
18-Jun-15	3921.43	0	0	1459	0		0				
19-Jun-15	3900.64	0	0	1460	0		0				
22-Jun-15	3924.41	0	0	1461	0		0				
23-Jun-15	3927.23	0	0	1462	0		0				
24-Jun-15	3898.47	0	0	1463	0		0				
25-Jun-15	3887.04	0	0	1464	0		0				
26-Jun-15	3886.21	0	0	1465	0		0				
29-Jun-15	3805.5	0	0	1466	0		0				
30-Jun-15	3815.85	0	0	1467	0		0				
1-Jul-15	3843.26	0	0	1468	0		0				
2-Jul-15	3842.06	0	0	1469	0		0				
6-Jul-15	3827.35	0	0	1470	0		0				
7-Jul-15	3850.66	0	0	1471	0		0				
8-Jul-15	3787.67	0	0	1472	0		0				
9-Jul-15	3796.26	0	0	1473	0		0				
10-Jul-15	3843.1	0	0	1474	0		0				
13-Jul-15	3885.97	0	0	1475	0		0				
14-Jul-15	3903.31	0	0	1476	0		0				
15-Jul-15	3900.5	0	0	1477	0		0				
16-Jul-15	3931.85	0	0	1478	0		0				
17-Jul-15	3936.22	0	0	1479	0		0				
20-Jul-15	3939.35	0	0	1480	0		0				
21-Jul-15	3922.7	1	12.9	187	1	3922.7	3922.7			187	
22-Jul-15	3913.75	1	12.9	187	1		3922.7				
23-Jul-15	3891.79	1	12.9	187	1		3922.7				
24-Jul-15	3850.15	1	12.9	187	1		3922.7				
27-Jul-15	3827.93	1	12.9	187	1		3922.7				
28-Jul-15	3875.37	1	12.9	187	1		3922.7				
29-Jul-15	3904.21	1	12.9	187	1		3922.7				
30-Jul-15	3904.64	1	12.9	187	1		3922.7				
31-Jul-15	3895.8	1	12.9	187	1		3922.7				
3-Aug-15	3885.07	1	12.9	187	1		3922.7				
4-Aug-15	3876.44	1	12.9	187	1		3922.7				
5-Aug-15	3889.99	1	12.9	187	1		3922.7				
6-Aug-15	3860.92	1	12.9	187	1		3922.7				
7-Aug-15	3849.96	1	12.9	187	1		3922.7				
10-Aug-15	3899.36	1	12.9	187	1		3922.7				
11-Aug-15	3862.81	1	12.9	187	1		3922.7				
12-Aug-15	3867.37	1	12.9	187	1		3922.7				
13-Aug-15	3863.03	1	12.9	187	1		3922.7				
14-Aug-15	3878.16	1	12.9	187	1		3922.7				
17-Aug-15	3899.1	1	12.9	187	1		3922.7				
18-Aug-15	3889.6	1	12.9	187	1		3922.7				
19-Aug-15	3857.74	1	12.9	187	1		3922.7				
20-Aug-15	3776.36	1	12.9	187	1		3922.7				
21-Aug-15	3656.67	1	12.9	187	1		3922.7				
24-Aug-15	3512.65	1	12.9	187	1		3922.7				
25-Aug-15	3465.19	1	12.9	187	1		3922.7				
26-Aug-15	3600.73	1	12.9	187	1		3922.7				
27-Aug-15	3688.6	1	12.9	187	1		3922.7				
28-Aug-15	3691.3	1	12.9	187	1		3922.7				
31-Aug-15	3660.75	1	12.9	187	1		3922.7				
1-Sep-15	3552.65	1	12.9	187	1		3922.7				
2-Sep-15	3618.25	1	12.9	187	1		3922.7				
3-Sep-15	3622.66	1	12.9	187	1		3922.7				
4-Sep-15	3567.41	1	12.9	187	1		3922.7				
8-Sep-15	3657.32	1	12.9	187	1		3922.7				
9-Sep-15	3606.8	1	12.9	187	1		3922.7				
10-Sep-15	3626.14	1	12.9	187	1		3922.7				
11-Sep-15	3643.54	1	12.9	187	1		3922.7				
14-Sep-15	3628.87	1	12.9	187	1		3922.7				
15-Sep-15	3675.48	1	12.9	187	1		3922.7				
16-Sep-15	3707.62	1	12.9	187	1		3922.7				
17-Sep-15	3698.74	1	12.9	187	1		3922.7				
18-Sep-15	3638.99	1	12.9	187	1		3922.7				
21-Sep-15	3655.64	1	12.9	187	1		3922.7				
22-Sep-15	3610.7	1	12.9	187	1		3922.7				
23-Sep-15	3603.49	1	12.9	187	1		3922.7				
24-Sep-15	3591.37	1	12.9	187	1		3922.7				
25-Sep-15	3589.71	1	12.9	187	1		3922.7				
28-Sep-15	3498.61	1	12.9	187	1		3922.7				
29-Sep-15	3503.13	1	12.9	187	1		3922.7				
30-Sep-15	3570.17	1	12.9	187	1		3922.7				
1-Oct-15	3577.47	1	12.9	187	1		3922.7				
2-Oct-15	3629.04	1	12.9	187	1		3922.7				
5-Oct-15	3695.61	1	12.9	187	1		3922.7				
6-Oct-15	3682.33	1	12.9	187	1		3922.7				
7-Oct-15	3713.36	1	12.9	187	1		3922.7				
8-Oct-15	3746.12	1	12.9	187	1		3922.7				
9-Oct-15	3748.96	1	12.9	187	1		3922.7				
12-Oct-15	3753.73	1	12.9	187	1		3922.7				
13-Oct-15	3728.48	1	12.9	187	1		3922.7				
14-Oct-15	3711.11	1	12.9	187	1		3922.7				
15-Oct-15	3766.43	1	12.9	187	1		3922.7				
16-Oct-15	3783.64	1	12.9	187	1		3922.7				
19-Oct-15	3784.72	1	12.9	187	1		3922.7				
20-Oct-15	3779.44	1	12.9	187	1		3922.7				
21-Oct-15	3757.91	1	12.9	187	1		3922.7				
22-Oct-15	3820.49	1	12.9	187	1		3922.7				
23-Oct-15	3862.65	1	12.9	187	1		3922.7				
26-Oct-15	3855.29	1	12.9	187	1		3922.7				
27-Oct-15	3845.45	1	12.9	187	1		3922.7				
28-Oct-15	3891.34	1	12.9	187	1		3922.7				
29-Oct-15	3890.04	1	12.9	187	1		3922.7				
30-Oct-15	3871.33	1	12.9	187	1		3922.7				
2-Nov-15	3917.3	1	12.9	187	0		0				
3-Nov-15	3928.05	1	12.9	187	0		0				
4-Nov-15	3915.52	1	12.9	187	0		0				
5-Nov-15	3911.89	1	12.9	187	0		0				
6-Nov-15	3910.98	1	12.9	187	0		0				
9-Nov-15	3873.37	1	12.9	187	0		0				
10-Nov-15	3880.23	1	12.9	187	0		0				
11-Nov-15	3867.71	1	12.9	187	0		0				
12-Nov-15	3814.29	1	12.9	187	0		0				
13-Nov-15	3771.59	1	12.9	187	0		0				
16-Nov-15	3828.46	1	12.9	187	0		0				
17-Nov-15	3824.14	1	12.9	187	0		0				
18-Nov-15	3886.26	1	12.9	187	0		0				
19-Nov-15	3882.06	1	12.9	187	0		0				
20-Nov-15	3897.45	1	12.9	187	0		0				
23-Nov-15	3892.8	1	12.9	187	0		0				
24-Nov-15	3897.67	1	12.9	187	0		0				
25-Nov-15	3897.57	1	12.9	187	0		0				
27-Nov-15	3900.74	1	12.9	187	0		0				
30-Nov-15	3882.84	1	12.9	187	0		0				
1-Dec-15	3924.63	1	12.9	187	0		0				
2-Dec-15	3882.38	1	12.9	187	0		0				
3-Dec-15	3826.74	1	12.9	187	0		0				
4-Dec-15	3905.31	1	12.9	187	0		0				
7-Dec-15	3878.31	1	12.9	187	0		0				
8-Dec-15	3853.48	1	12.9	187	0		0				
9-Dec-15	3823.9	1	12.9	187	0		0				
10-Dec-15	3832.93	1	12.9	187	0		0				
11-Dec-15	3759.09	1	12.9	187	0		0				
14-Dec-15	3777.22	1	12.9	187	0		0				
15-Dec-15	3817.36	1	12.9	187	0		0				
16-Dec-15	3873.12	1	12.9	187	0		0				
17-Dec-15	3815.46	1	12.9	187	0		0				
18-Dec-15	3747.56	1	12.9	187	0		0				
21-Dec-15	3777.15	1	12.9	187	0		0				
22-Dec-15	3810.85	1	12.9	187	0		0				
23-Dec-15	3858.47	1	12.9	187	0		0				
24-Dec-15	3852.31	1	12.9	187	1		3852.31				
28-Dec-15	3843.94	1	12.9	187	1		3852.31				
29-Dec-15	3885.55	1	12.9	187	1		3852.31				
30-Dec-15	3857.9	1	12.9	187	1		3852.31				
31-Dec-15	3821.6	1	12.9	187	1	3941.86	3852.31				
4-Jan-16	3763.99	1	12.9	187	1		3852.31				
5-Jan-16	3771.57	1	12.9	187	1		3852.31				
6-Jan-16	3723.44	1	12.9	187	1		3852.31				
7-Jan-16	3635.29	1	12.9	187	1		3852.31				
8-Jan-16	3595.91	1	12.9	187	1		3852.31				
11-Jan-16	3598.97	1	12.9	187	1		3852.31				
12-Jan-16	3627.06	1	12.9	187	1		3852.31				
13-Jan-16	3536.92	1	12.9	187	1		3852.31				
14-Jan-16	3596.03	1	12.9	187	1		3852.31				
15-Jan-16	3518.51	1	12.9	187	1		3852.31				
19-Jan-16	3520.4	1	12.9	187	1		3852.31				
20-Jan-16	3479.75	1	12.9	187	1		3852.31				
21-Jan-16	3497.94	1	12.9	187	1		3852.31				
22-Jan-16	3568.9	1	12.9	187	1		3852.31				
25-Jan-16	3513.11	1	12.9	187	1		3852.31				
26-Jan-16	3562.81	1	12.9	187	1		3852.31				
27-Jan-16	3524.33	1	12.9	187	1		3852.31				
28-Jan-16	3544.13	1	12.9	187	1		3852.31				
29-Jan-16	3631.96	1	12.9	187	1		3852.31				
1-Feb-16	3630.46	1	12.9	187	1		3852.31				
2-Feb-16	3562.52	1	12.9	187	1		3852.31				
3-Feb-16	3581.53	1	12.9	187	1		3852.31				
4-Feb-16	3587.71	1	12.9	187	1		3852.31				
5-Feb-16	3521.6	1	12.9	187	1		3852.31				
8-Feb-16	3472.08	1	12.9	187	1		3852.31				
9-Feb-16	3470.5	1	12.9	187	1		3852.31				
10-Feb-16	3471.04	1	12.9	187	1		3852.31				
11-Feb-16	3428.99	1	12.9	187	1		3852.31				
12-Feb-16	3496.28	1	12.9	187	1		3852.31				
16-Feb-16	3555.2	1	12.9	187	1		3852.31				
17-Feb-16	3614.16	1	12.9	187	1		3852.31				
18-Feb-16	3597.49	1	12.9	187	1		3852.31				
19-Feb-16	3597.92	1	12.9	187	1		3852.31				
22-Feb-16	3649.92	1	12.9	187	1		3852.31				
23-Feb-16	3604.68	1	12.9	187	1		3852.31				
24-Feb-16	3620.87	1	12.9	187	1		3852.31				
25-Feb-16	3662.84	1	12.9	187	1		3852.31				
26-Feb-16	3656.42	1	12.9	187	1		3852.31				
29-Feb-16	3627.06	1	12.9	187	1		3852.31				
1-Mar-16	3713.7	1	12.9	187	1		3852.31				
2-Mar-16	3729.59	1	12.9	187	1		3852.31				
3-Mar-16	3743.02	1	12.9	187	1		3852.31				
4-Mar-16	3755.47	1	12.9	187	1		3852.31				
7-Mar-16	3759.05	1	12.9	187	1		3852.31				
8-Mar-16	3717.49	1	12.9	187	1		3852.31				
9-Mar-16	3736.92	1	12.9	187	1		3852.31				
10-Mar-16	3737.74	1	12.9	187	1		3852.31				
11-Mar-16	3800.07	1	12.9	187	1		3852.31				
14-Mar-16	3795.53	1	12.9	187	1		3852.31				
15-Mar-16	3788.62	1	12.9	187	1		3852.31				
16-Mar-16	3810.09	1	12.9	187	1		3852.31				
17-Mar-16	3835.26	1	12.9	187	1		3852.31				
18-Mar-16	3852.15	1	12.9	187	0		0				
21-Mar-16	3855.97	1	12.9	187	0		0				
22-Mar-16	3853.18	1	12.9	187	0		0				
23-Mar-16	3828.58	1	12.9	187	0		0				
24-Mar-16	3827.14	1	12.9	187	0		0				
28-Mar-16	3829.26	1	12.9	187	0		0				
29-Mar-16	3863.8	1	12.9	187	0		0				
30-Mar-16	3881.01	1	12.9	187	0		0				
31-Mar-16	3873.11	1	12.9	187	0		0				
1-Apr-16	3897.66	1	12.9	187	0		0				
4-Apr-16	3886	1	12.9	187	0		0				
5-Apr-16	3846.59	1	12.9	187	0		0				
6-Apr-16	3888.41	1	12.9	187	0		0				
7-Apr-16	3841.98	1	12.9	187	0		0				
8-Apr-16	3852.72	1	12.9	187	0		0				
11-Apr-16	3842.17	1	12.9	187	0		0				
12-Apr-16	3879.42	1	12.9	187	0		0				
13-Apr-16	3918.95	1	12.9	187	0		0				
14-Apr-16	3920.03	1	12.9	187	0		0				
15-Apr-16	3916.17	1	12.9	187	0		0				
18-Apr-16	3941.86	1	12.9	187	0		0		9.52		
19-Apr-16	3954.01	0	0	1669	0		0				
20-Apr-16	3957.25	0	0	1670	0		0				
21-Apr-16	3936.8	0	0	1671	0		0				
22-Apr-16	3937	0	0	1672	0		0				
25-Apr-16	3929.88	0	0	1673	0		0				
26-Apr-16	3937.23	0	0	1674	0		0				
27-Apr-16	3944.02	0	0	1675	0		0				
28-Apr-16	3907.88	0	0	1676	0		0				
29-Apr-16	3888.13	0	0	1677	0		0				
2-May-16	3918.53	0	0	1678	0		0				
3-May-16	3884.63	0	0	1679	0		0				
4-May-16	3862.4	0	0	1680	0		0				
5-May-16	3862.4	0	0	1681	0		0				
6-May-16	3875.18	0	0	1682	0		0				
9-May-16	3878.14	0	0	1683	0		0				
10-May-16	3926.63	0	0	1684	0		0				
11-May-16	3891.13	0	0	1685	0		0				
12-May-16	3890.85	0	0	1686	0		0				
13-May-16	3858.17	0	0	1687	0		0				
16-May-16	3896.36	0	0	1688	0		0				
17-May-16	3860.88	0	0	1689	0		0				
18-May-16	3862.25	0	0	1690	0		0				
19-May-16	3847.97	0	0	1691	0		0				
20-May-16	3871.75	0	0	1692	0		0				
23-May-16	3863.82	0	0	1693	0		0				
24-May-16	3916.77	0	0	1694	0		0				
25-May-16	3944.33	0	0	1695	0		0				
26-May-16	3944.05	0	0	1696	0		0				
27-May-16	3961.67	0	0	1697	0		0				
31-May-16	3957.95	0	0	1698	0		0				
1-Jun-16	3963.1	0	0	1699	0		0				
2-Jun-16	3974.76	0	0	1700	0		0				
3-Jun-16	3963.23	0	0	1701	0		0				
6-Jun-16	3982.74	0	0	1702	0		0				
7-Jun-16	3987.96	0	0	1703	0		0				
8-Jun-16	4001.98	0	0	1704	0		0				
9-Jun-16	3995.28	0	0	1705	0		0				
10-Jun-16	3958.68	0	0	1706	0		0				
13-Jun-16	3927.73	0	0	1707	0		0				
14-Jun-16	3920.93	0	0	1708	0		0				
15-Jun-16	3914.02	0	0	1709	0		0				
16-Jun-16	3926.93	0	0	1710	0		0				
17-Jun-16	3914.15	0	0	1711	0		0				
20-Jun-16	3936.91	0	0	1712	0		0				
21-Jun-16	3947.94	0	0	1713	0		0				
22-Jun-16	3941.45	0	0	1714	0		0				
23-Jun-16	3994.18	0	0	1715	0		0				
24-Jun-16	3850.7	0	0	1716	0		0				
27-Jun-16	3781.02	0	0	1717	0		0				
28-Jun-16	3849.05	0	0	1718	0		0				
29-Jun-16	3915.1	0	0	1719	0		0				
30-Jun-16	3968.21	0	0	1720	0		0				
1-Jul-16	3976.68	0	0	1721	0		0				
5-Jul-16	3949.72	0	0	1722	0		0				
6-Jul-16	3972.26	0	0	1723	0		0				
7-Jul-16	3969.19	0	0	1724	0		0				
8-Jul-16	4029.75	0	0	1725	0		0				
11-Jul-16	4043.49	0	0	1726	0		0				
12-Jul-16	4071.85	0	0	1727	0		0				
13-Jul-16	4072.77	0	0	1728	0		0				
14-Jul-16	4094.28	0	0	1729	0		0				
15-Jul-16	4090.49	0	0	1730	0		0				
18-Jul-16	4100.4	0	0	1731	0		0				
19-Jul-16	4094.61	0	0	1732	0		0				
20-Jul-16	4112.61	0	0	1733	0		0				
21-Jul-16	4097.82	0	0	1734	0		0				
22-Jul-16	4116.5	0	0	1735	0		0				
25-Jul-16	4104.13	0	0	1736	0		0				
26-Jul-16	4105.57	0	0	1737	0		0				
27-Jul-16	4100.81	0	0	1738	0		0				
28-Jul-16	4107.75	0	0	1739	0		0				
29-Jul-16	4114.51	0	0	1740	0		0				
1-Aug-16	4109.28	0	0	1741	0		0				
2-Aug-16	4083.25	0	0	1742	0		0				
3-Aug-16	4097.3	0	0	1743	0		0				
4-Aug-16	4099.21	0	0	1744	0		0				
5-Aug-16	4134.56	0	0	1745	0		0				
8-Aug-16	4131.19	0	0	1746	0		0				
9-Aug-16	4132.96	0	0	1747	0		0				
10-Aug-16	4122.65	0	0	1748	0		0				
11-Aug-16	4142.72	0	0	1749	0		0				
12-Aug-16	4139.63	0	0	1750	0		0				
15-Aug-16	4151.69	0	0	1751	0		0				
16-Aug-16	4129.68	0	0	1752	0		0				
17-Aug-16	4138.42	0	0	1753	0		0				
18-Aug-16	4147.64	0	0	1754	0		0				
19-Aug-16	4142.23	0	0	1755	0		0				
22-Aug-16	4139.97	0	0	1756	0		0				
23-Aug-16	4148.16	0	0	1757	0		0				
24-Aug-16	4126.65	0	0	1758	0		0				
25-Aug-16	4121.09	0	0	1759	0		0				
26-Aug-16	4114.68	0	0	1760	0		0				
29-Aug-16	4136.75	0	0	1761	0		0				
30-Aug-16	4129.34	0	0	1762	0		0				
31-Aug-16	4120.29	0	0	1763	0		0				
1-Sep-16	4120.17	0	0	1764	0		0				
2-Sep-16	4137.7	0	0	1765	0		0				
6-Sep-16	4150.11	0	0	1766	0		0				
7-Sep-16	4150.51	0	0	1767	0		0				
8-Sep-16	4141.46	0	0	1768	0		0				
9-Sep-16	4039.95	0	0	1769	0		0				
12-Sep-16	4099.47	0	0	1770	0		0				
13-Sep-16	4039.92	0	0	1771	0		0				
14-Sep-16	4037.83	0	0	1772	0		0				
15-Sep-16	4079.32	0	0	1773	0		0				
16-Sep-16	4063.97	0	0	1774	0		0				
19-Sep-16	4063.94	0	0	1775	0		0				
20-Sep-16	4065.2	0	0	1776	0		0				
21-Sep-16	4109.63	0	0	1777	0		0				
22-Sep-16	4136.41	0	0	1778	0		0				
23-Sep-16	4112.69	0	0	1779	0		0				
26-Sep-16	4077.71	0	0	1780	0		0				
27-Sep-16	4104.18	0	0	1781	0		0				
28-Sep-16	4126.83	0	0	1782	0		0				
29-Sep-16	4088.47	0	0	1783	0		0				
30-Sep-16	4121.06	0	0	1784	0		0				
3-Oct-16	4108.13	0	0	1785	0		0				
4-Oct-16	4088.17	0	0	1786	0		0				
5-Oct-16	4107.4	0	0	1787	0		0				
6-Oct-16	4109.49	0	0	1788	0		0				
7-Oct-16	4096.25	0	0	1789	0		0				
10-Oct-16	4115.12	0	0	1790	0		0				
11-Oct-16	4063.92	0	0	1791	0		0				
12-Oct-16	4068.92	0	0	1792	0		0				
13-Oct-16	4056.45	0	0	1793	0		0				
14-Oct-16	4057.28	0	0	1794	0		0				
17-Oct-16	4045.07	0	0	1795	0		0				
18-Oct-16	4069.99	0	0	1796	0		0				
19-Oct-16	4079.5	0	0	1797	0		0				
20-Oct-16	4074.18	0	0	1798	0		0				
21-Oct-16	4073.85	0	0	1799	0		0				
24-Oct-16	4093.22	0	0	1800	0		0				
25-Oct-16	4077.8	0	0	1801	0		0				
26-Oct-16	4070.76	0	0	1802	0		0				
27-Oct-16	4058.75	0	0	1803	0		0				
28-Oct-16	4046.36	0	0	1804	0		0				
31-Oct-16	4045.89	0	0	1805	0		0				
1-Nov-16	4018.47	0	0	1806	0		0				
2-Nov-16	3992.76	0	0	1807	0		0				
3-Nov-16	3976.56	0	0	1808	0		0				
4-Nov-16	3970.02	0	0	1809	0		0				
7-Nov-16	4058.3	0	0	1810	0		0				
8-Nov-16	4075.61	0	0	1811	0		0				
9-Nov-16	4121.03	0	0	1812	0		0				
10-Nov-16	4129.46	0	0	1813	0		0				
11-Nov-16	4123.69	0	0	1814	0		0				
14-Nov-16	4123.81	0	0	1815	0		0				
15-Nov-16	4155.62	0	0	1816	0		0				
16-Nov-16	4150.21	0	0	1817	0		0				
17-Nov-16	4169.87	0	0	1818	0		0				
18-Nov-16	4160.58	0	0	1819	0		0				
21-Nov-16	4191.68	0	0	1820	0		0				
22-Nov-16	4200.95	0	0	1821	0		0				
23-Nov-16	4204.49	0	0	1822	0		0				
25-Nov-16	4221.02	0	0	1823	0		0				
28-Nov-16	4199.39	0	0	1824	0		0				
29-Nov-16	4205.99	0	0	1825	0		0				
30-Nov-16	4195.73	0	0	1826	0		0				
1-Dec-16	4181.15	0	0	1827	0		0				
2-Dec-16	4182.81	0	0	1828	0		0				
5-Dec-16	4207.57	0	0	1829	0		0				
6-Dec-16	4222.04	0	0	1830	0		0				
7-Dec-16	4278.44	0	0	1831	0		0				
8-Dec-16	4288.1	0	0	1832	0		0				
9-Dec-16	4313.61	0	0	1833	0		0				
12-Dec-16	4308.94	0	0	1834	0		0				
13-Dec-16	4337.86	0	0	1835	0		0				
14-Dec-16	4302.93	0	0	1836	0		0				
15-Dec-16	4319.84	0	0	1837	0		0				
16-Dec-16	4312.4	0	0	1838	0		0				
19-Dec-16	4321.02	0	0	1839	0		0				
20-Dec-16	4337.36	0	0	1840	0		0				
21-Dec-16	4326.85	0	0	1841	0		0				
22-Dec-16	4319.33	0	0	1842	0		0				
23-Dec-16	4325.17	0	0	1843	0		0				
27-Dec-16	4334.93	0	0	1844	0		0				
28-Dec-16	4299.45	0	0	1845	0		0				
29-Dec-16	4298.39	0	0	1846	0		0				
30-Dec-16	4278.66	0	0	1847	0		0				
3-Jan-17	4315.08	0	0	1848	0		0				
4-Jan-17	4340.75	0	0	1849	0		0				
5-Jan-17	4337.45	0	0	1850	0		0				
6-Jan-17	4354.05	0	0	1851	0		0				
9-Jan-17	4338.62	0	0	1852	0		0				
10-Jan-17	4338.64	0	0	1853	0		0				
11-Jan-17	4351.32	0	0	1854	0		0				
12-Jan-17	4342.09	0	0	1855	0		0				
13-Jan-17	4350.11	0	0	1856	0		0				
17-Jan-17	4337.2	0	0	1857	0		0				
18-Jan-17	4345.57	0	0	1858	0		0				
19-Jan-17	4329.96	0	0	1859	0		0				
20-Jan-17	4344.67	0	0	1860	0		0				
23-Jan-17	4333.1	0	0	1861	0		0				
24-Jan-17	4361.56	0	0	1862	0		0				
25-Jan-17	4396.57	0	0	1863	0		0				
26-Jan-17	4393.43	0	0	1864	0		0				
27-Jan-17	4389.85	0	0	1865	0		0				
30-Jan-17	4363.67	0	0	1866	0		0				
31-Jan-17	4359.81	0	0	1867	0		0				
1-Feb-17	4362.1	0	0	1868	0		0				
2-Feb-17	4364.85	0	0	1869	0		0				
3-Feb-17	4396.95	0	0	1870	0		0				
6-Feb-17	4387.67	0	0	1871	0		0				
7-Feb-17	4388.87	0	0	1872	0		0				
8-Feb-17	4393.31	0	0	1873	0		0				
9-Feb-17	4419.4	0	0	1874	0		0				
10-Feb-17	4435.42	0	0	1875	0		0				
13-Feb-17	4459.83	0	0	1876	0		0				
14-Feb-17	4478.98	0	0	1877	0		0				
15-Feb-17	4501.99	0	0	1878	0		0				
16-Feb-17	4498.56	0	0	1879	0		0				
17-Feb-17	4506.2	0	0	1880	0		0				
21-Feb-17	4533.46	0	0	1881	0		0				
22-Feb-17	4528.97	0	0	1882	0		0				
23-Feb-17	4531.39	0	0	1883	0		0				
24-Feb-17	4539.25	0	0	1884	0		0				
27-Feb-17	4544.51	0	0	1885	0		0				
28-Feb-17	4532.93	0	0	1886	0		0				
1-Mar-17	4595.73	0	0	1887	0		0				
2-Mar-17	4569.17	0	0	1888	0		0				
3-Mar-17	4571.6	0	0	1889	0		0				
6-Mar-17	4556.72	0	0	1890	0		0				
7-Mar-17	4543.75	0	0	1891	0		0				
8-Mar-17	4534.68	0	0	1892	0		0				
9-Mar-17	4538.36	0	0	1893	0		0				
10-Mar-17	4553.28	0	0	1894	0		0				
13-Mar-17	4556.44	0	0	1895	0		0				
14-Mar-17	4541.26	0	0	1896	0		0				
15-Mar-17	4579.44	0	0	1897	0		0				
16-Mar-17	4572.16	0	0	1898	0		0				
17-Mar-17	4566.17	0	0	1899	0		0				
20-Mar-17	4557.12	0	0	1900	0		0				
21-Mar-17	4500.98	0	0	1901	0		0				
22-Mar-17	4509.65	0	0	1902	0		0				
23-Mar-17	4504.92	0	0	1903	0		0				
24-Mar-17	4501.11	0	0	1904	0		0				
27-Mar-17	4496.53	0	0	1905	0		0				
28-Mar-17	4529.17	0	0	1906	0		0				
29-Mar-17	4535.01	0	0	1907	0		0				
30-Mar-17	4548.46	0	0	1908	0		0				
31-Mar-17	4538.21	0	0	1909	0		0				
3-Apr-17	4530.98	0	0	1910	0		0				
4-Apr-17	4534.25	0	0	1911	0		0				
5-Apr-17	4520.86	0	0	1912	0		0				
6-Apr-17	4530.93	0	0	1913	0		0				
7-Apr-17	4527.2	0	0	1914	0		0				
10-Apr-17	4530.57	0	0	1915	0		0				
11-Apr-17	4524.71	0	0	1916	0		0				
12-Apr-17	4507.76	0	0	1917	0		0				
13-Apr-17	4477.07	0	0	1918	0		0				
17-Apr-17	4515.65	0	0	1919	0		0				
18-Apr-17	4502.66	0	0	1920	0		0				
19-Apr-17	4495.56	0	0	1921	0		0				
20-Apr-17	4529.65	0	0	1922	0		0				
21-Apr-17	4515.9	0	0	1923	0		0				
24-Apr-17	4564.93	0	0	1924	0		0				
25-Apr-17	4592.74	0	0	1925	0		0				
26-Apr-17	4590.56	0	0	1926	0		0				
27-Apr-17	4593.57	0	0	1927	0		0				
28-Apr-17	4584.82	0	0	1928	0		0				
