date,close,down,downSize,recovery,redMark,,val
1-Sep-09,1633.63, ,,1, ,,0
2-Sep-09,1628.66,0,-0.3,2,0,,0
3-Sep-09,1642.68,0,0.55,3,0,,0
4-Sep-09,1664.34,0,1.88,4,0,,0
8-Sep-09,1679.32,0,2.8,5,0,,0
9-Sep-09,1692.48,0,3.6,6,0,,0
10-Sep-09,1710.14,0,4.68,7,0,,0
11-Sep-09,1708.18,0,4.56,8,0,,0
14-Sep-09,1719.04,0,5.23,9,0,,0
15-Sep-09,1724.45,0,5.56,10,0,,0
16-Sep-09,1750.91,0,7.18,11,0,,0
17-Sep-09,1745.8,0,6.87,12,0,,0
18-Sep-09,1750.43,0,7.15,13,0,,0
21-Sep-09,1744.47,0,6.78,14,0,,0
22-Sep-09,1755.99,0,7.49,15,0,,0
23-Sep-09,1738.32,0,6.41,16,0,,0
24-Sep-09,1722.02,0,5.41,17,0,,0
25-Sep-09,1711.53,0,4.77,18,0,,0
28-Sep-09,1742.32,0,6.65,19,0,,0
29-Sep-09,1738.48,0,6.42,20,0,,0
30-Sep-09,1732.86,0,6.07,21,0,,0
1-Oct-09,1688.24,0,3.34,22,0,,0
2-Oct-09,1680.7,0,2.88,23,0,,0
5-Oct-09,1705.73,0,4.41,24,0,,0
6-Oct-09,1729.14,0,5.85,25,0,,0
7-Oct-09,1734.74,0,6.19,26,0,,0
8-Oct-09,1747.7,0,6.98,27,0,,0
9-Oct-09,1757.6,0,7.59,28,0,,0
12-Oct-09,1765.31,0,8.06,29,0,,0
13-Oct-09,1760.51,0,7.77,30,0,,0
14-Oct-09,1791.47,0,9.66,31,0,,0
15-Oct-09,1798.91,0,10.12,32,0,,0
16-Oct-09,1784.35,0,9.23,33,0,,0
19-Oct-09,1801.12,0,10.25,34,0,,0
20-Oct-09,1789.93,1,9.57,35,0,,0
21-Oct-09,1774.33,1,8.61,36,0,,0
22-Oct-09,1793.34,1,9.78,37,0,,0
23-Oct-09,1771.5,1,8.44,38,0,,0
26-Oct-09,1750.75,1,7.17,39,0,,0
27-Oct-09,1744.95,1,6.81,40,0,,0
28-Oct-09,1711.09,1,4.74,41,0,,0
29-Oct-09,1749.76,1,7.11,42,0,,0
30-Oct-09,1700.67,1,4.1,43,1,1804.93,1804.93
2-Nov-09,1711.65,1,4.78,44,1,,1804.93
3-Nov-09,1715.81,1,5.03,45,1,,1804.93
4-Nov-09,1718.21,1,5.18,46,1,,1804.93
5-Nov-09,1751.45,1,7.21,47,1,,1804.93
6-Nov-09,1756.07,1,7.49,48,1,,1804.93
9-Nov-09,1795.56,1,9.91,49,1,,1804.93
10-Nov-09,1795.9,1,9.93,50,1,,1804.93
11-Nov-09,1804.93,1,10.49,51,1,,1804.93
12-Nov-09,1786.66,0,9.37,52,1,,1804.93
13-Nov-09,1796.93,0,10,53,1,,1804.93
16-Nov-09,1823.29,0,11.61,54,0,,0
17-Nov-09,1825.18,0,11.73,55,0,,0
18-Nov-09,1824.61,0,11.69,56,0,,0
19-Nov-09,1800.12,0,10.19,57,0,,0
20-Nov-09,1794.65,0,9.86,58,0,,0
23-Nov-09,1819.17,0,11.36,59,0,,0
24-Nov-09,1818.31,0,11.3,60,0,,0
25-Nov-09,1826.74,0,11.82,61,0,,0
27-Nov-09,1795.7,0,9.92,62,0,,0
30-Nov-09,1802.68,0,10.35,63,0,,0
1-Dec-09,1824.54,0,11.69,64,0,,0
2-Dec-09,1825.4,0,11.74,65,0,,0
3-Dec-09,1810.13,0,10.8,66,0,,0
4-Dec-09,1820.11,0,11.42,67,0,,0
7-Dec-09,1815.7,0,11.15,68,0,,0
8-Dec-09,1797.31,0,10.02,69,0,,0
9-Dec-09,1804.1,0,10.44,70,0,,0
10-Dec-09,1814.81,0,11.09,71,0,,0
11-Dec-09,1821.5,0,11.5,72,0,,0
14-Dec-09,1834.55,0,12.3,73,0,,0
15-Dec-09,1824.37,0,11.68,74,0,,0
16-Dec-09,1826.45,0,11.8,75,0,,0
17-Dec-09,1804.96,0,10.49,76,0,,0
18-Dec-09,1815.35,0,11.12,77,0,,0
21-Dec-09,1834.59,0,12.3,78,0,,0
22-Dec-09,1841.17,0,12.7,79,0,,0
23-Dec-09,1845.8,0,12.99,80,0,,0
24-Dec-09,1855.5,0,13.58,81,0,,0
28-Dec-09,1857.89,0,13.73,82,0,,0
29-Dec-09,1855.61,0,13.59,83,0,,0
30-Dec-09,1856.14,0,13.62,84,0,,0
31-Dec-09,1837.5,0,12.48,85,0,,0
4-Jan-10,1867.06,0,14.29,86,0,,0
5-Jan-10,1872.9,0,14.65,87,0,,0
6-Jan-10,1874.73,0,14.76,88,0,,0
7-Jan-10,1882.34,0,15.22,89,0,,0
8-Jan-10,1887.77,0,15.56,90,0,,0
11-Jan-10,1891.06,0,15.76,91,0,,0
12-Jan-10,1873.32,0,14.67,92,0,,0
13-Jan-10,1889.1,0,15.64,93,0,,0
14-Jan-10,1893.72,0,15.92,94,0,,0
15-Jan-10,1873.3,0,14.67,95,0,,0
19-Jan-10,1896.72,0,16.1,96,0,,0
20-Jan-10,1876.9,1,14.89,97,0,,0
21-Jan-10,1841.39,1,12.72,98,0,,0
22-Jan-10,1800.61,1,10.22,99,0,,0
25-Jan-10,1808.93,1,10.73,100,0,,0
26-Jan-10,1801.34,1,10.27,101,0,,0
27-Jan-10,1810.21,1,10.81,102,0,,0
28-Jan-10,1788.97,1,9.51,103,0,,0
29-Jan-10,1771.4,1,8.43,104,0,,0
1-Feb-10,1796.67,1,9.98,105,0,,0
2-Feb-10,1819.99,1,11.41,106,0,,0
3-Feb-10,1810.64,1,10.84,107,0,,0
4-Feb-10,1754.3,1,7.39,108,0,,0
5-Feb-10,1759.38,1,7.7,109,0,,0
8-Feb-10,1744.37,1,6.78,110,0,,0
9-Feb-10,1767.18,1,8.18,111,0,,0
10-Feb-10,1763.69,1,7.96,112,0,,0
11-Feb-10,1781.01,1,9.02,113,0,,0
12-Feb-10,1776.5,1,8.75,114,0,,0
16-Feb-10,1808.72,1,10.72,115,0,,0
17-Feb-10,1816.7,1,11.21,116,0,,0
18-Feb-10,1828.81,1,11.95,117,0,,0
19-Feb-10,1833.09,1,12.21,118,0,,0
22-Feb-10,1831.21,1,12.09,119,0,,0
23-Feb-10,1809.05,1,10.74,120,0,,0
24-Feb-10,1826.99,1,11.84,121,0,,0
25-Feb-10,1823.64,1,11.63,122,0,,0
26-Feb-10,1826.27,1,11.79,123,0,,0
1-Mar-10,1844.87,1,12.93,124,0,,0
2-Mar-10,1849.17,1,13.19,125,0,,0
3-Mar-10,1850.24,1,13.26,126,0,,0
4-Mar-10,1857.2,1,13.69,127,0,,0
5-Mar-10,1883.28,1,15.28,128,0,,0
8-Mar-10,1883.29,1,15.28,129,0,,0
9-Mar-10,1886.6,1,15.49,130,0,,0
10-Mar-10,1895.38,1,16.02,131,0,,0
11-Mar-10,1903.68,1,16.53,132,0,,0
12-Mar-10,1903.29,0,16.51,133,0,,0
15-Mar-10,1904.19,0,16.56,134,0,,0
16-Mar-10,1919.02,0,17.47,135,0,,0
17-Mar-10,1930.22,0,18.16,136,0,,0
18-Mar-10,1929.63,0,18.12,137,0,,0
19-Mar-10,1919.8,0,17.52,138,0,,0
22-Mar-10,1929.64,0,18.12,139,0,,0
23-Mar-10,1943.7,0,18.98,140,0,,0
24-Mar-10,1933.04,0,18.33,141,0,,0
25-Mar-10,1929.75,0,18.13,142,0,,0
26-Mar-10,1931.18,0,18.21,143,0,,0
29-Mar-10,1942.51,0,18.91,144,0,,0
30-Mar-10,1942.81,0,18.93,145,0,,0
31-Mar-10,1936.48,0,18.54,146,0,,0
1-Apr-10,1950.91,0,19.42,147,0,,0
5-Apr-10,1966.44,0,20.37,148,0,,0
6-Apr-10,1969.76,0,20.58,149,0,,0
7-Apr-10,1959.04,0,19.92,150,0,,0
8-Apr-10,1965.72,0,20.33,151,0,,0
9-Apr-10,1978.86,0,21.13,152,0,,0
12-Apr-10,1982.4,0,21.35,153,0,,0
13-Apr-10,1983.91,0,21.44,154,0,,0
14-Apr-10,2006.06,0,22.8,155,0,,0
15-Apr-10,2007.74,0,22.9,156,0,,0
16-Apr-10,1975.36,0,20.92,157,0,,0
19-Apr-10,1984.32,0,21.47,158,0,,0
20-Apr-10,2000.33,0,22.45,159,0,,0
21-Apr-10,1998.31,0,22.32,160,0,,0
22-Apr-10,2002.93,0,22.61,161,0,,0
23-Apr-10,2017.19,0,23.48,162,0,,0
26-Apr-10,2008.55,1,22.95,163,1,2045.62,2045.62
27-Apr-10,1961.6,1,20.08,164,1,,2045.62
28-Apr-10,1974.63,1,20.87,165,1,,2045.62
29-Apr-10,2000.34,1,22.45,166,1,,2045.62
30-Apr-10,1967.05,1,20.41,167,1,,2045.62
3-May-10,1992.87,1,21.99,168,1,,2045.62
4-May-10,1945.37,1,19.08,169,1,,2045.62
5-May-10,1933.25,1,18.34,170,1,,2045.62
6-May-10,1870.95,1,14.53,171,1,,2045.62
7-May-10,1842.32,1,12.77,172,1,,2045.62
10-May-10,1923.39,1,17.74,173,1,,2045.62
11-May-10,1917.25,1,17.36,174,1,,2045.62
12-May-10,1944.25,1,19.01,175,1,,2045.62
13-May-10,1920.76,1,17.58,176,1,,2045.62
14-May-10,1884.67,1,15.37,177,1,,2045.62
17-May-10,1887.11,1,15.52,178,1,,2045.62
18-May-10,1860.65,1,13.9,179,1,,2045.62
19-May-10,1851.28,1,13.32,180,1,,2045.62
20-May-10,1779.3,1,8.92,181,1,,2045.62
21-May-10,1806.05,1,10.55,182,1,,2045.62
24-May-10,1782.77,1,9.13,183,1,,2045.62
25-May-10,1783.4,1,9.17,184,1,,2045.62
26-May-10,1773.65,1,8.57,185,1,,2045.62
27-May-10,1832.61,1,12.18,186,1,,2045.62
28-May-10,1809.98,1,10.79,187,1,,2045.62
1-Jun-10,1778.99,1,8.9,188,1,,2045.62
2-Jun-10,1825.25,1,11.73,189,1,,2045.62
3-Jun-10,1832.72,1,12.19,190,1,,2045.62
4-Jun-10,1769.72,1,8.33,191,1,,2045.62
7-Jun-10,1745.87,1,6.87,192,1,,2045.62
8-Jun-10,1765.29,1,8.06,193,1,,2045.62
9-Jun-10,1754.91,1,7.42,194,1,,2045.62
10-Jun-10,1806.69,1,10.59,195,1,,2045.62
11-Jun-10,1815.26,1,11.12,196,1,,2045.62
14-Jun-10,1812.02,1,10.92,197,1,,2045.62
15-Jun-10,1854.61,1,13.53,198,1,,2045.62
16-Jun-10,1853.62,1,13.47,199,1,,2045.62
17-Jun-10,1856.25,1,13.63,200,1,,2045.62
18-Jun-10,1858.7,1,13.78,201,1,,2045.62
21-Jun-10,1851.55,1,13.34,202,1,,2045.62
22-Jun-10,1822.05,1,11.53,203,1,,2045.62
23-Jun-10,1816.65,1,11.2,204,1,,2045.62
24-Jun-10,1786.13,1,9.34,205,1,,2045.62
25-Jun-10,1791.24,1,9.65,206,1,,2045.62
28-Jun-10,1787.94,1,9.45,207,1,,2045.62
29-Jun-10,1732.55,1,6.06,208,1,,2045.62
30-Jun-10,1715.23,1,5,209,1,,2045.62
1-Jul-10,1709.77,1,4.66,210,1,,2045.62
2-Jul-10,1701.86,1,4.18,211,1,,2045.62
6-Jul-10,1710.97,1,4.73,212,1,,2045.62
7-Jul-10,1765.42,1,8.07,213,1,,2045.62
8-Jul-10,1782.1,1,9.09,214,1,,2045.62
9-Jul-10,1794.94,1,9.87,215,1,,2045.62
12-Jul-10,1796.3,1,9.96,216,1,,2045.62
13-Jul-10,1824.07,1,11.66,217,1,,2045.62
14-Jul-10,1823.82,1,11.64,218,1,,2045.62
15-Jul-10,1826,1,11.78,219,1,,2045.62
16-Jul-10,1773.43,1,8.56,220,1,,2045.62
19-Jul-10,1784.06,1,9.21,221,1,,2045.62
20-Jul-10,1804.48,1,10.46,222,1,,2045.62
21-Jul-10,1781.6,1,9.06,223,1,,2045.62
22-Jul-10,1821.76,1,11.52,224,1,,2045.62
23-Jul-10,1836.75,1,12.43,225,1,,2045.62
26-Jul-10,1857.34,1,13.69,226,1,,2045.62
27-Jul-10,1855.39,1,13.57,227,1,,2045.62
28-Jul-10,1842.66,1,12.8,228,1,,2045.62
29-Jul-10,1835.29,1,12.34,229,1,,2045.62
30-Jul-10,1835.4,1,12.35,230,1,,2045.62
2-Aug-10,1875.85,1,14.83,231,1,,2045.62
3-Aug-10,1866.87,1,14.28,232,1,,2045.62
4-Aug-10,1878.81,1,15.01,233,1,,2045.62
5-Aug-10,1876.51,1,14.87,234,1,,2045.62
6-Aug-10,1869.77,1,14.45,235,1,,2045.62
9-Aug-10,1880.06,1,15.08,236,1,,2045.62
10-Aug-10,1868.88,1,14.4,237,1,,2045.62
11-Aug-10,1817.13,1,11.23,238,1,,2045.62
12-Aug-10,1807.61,1,10.65,239,1,,2045.62
13-Aug-10,1800.39,1,10.21,240,1,,2045.62
16-Aug-10,1800.7,1,10.23,241,1,,2045.62
17-Aug-10,1823.18,1,11.6,242,1,,2045.62
18-Aug-10,1826.14,1,11.78,243,1,,2045.62
19-Aug-10,1795.24,1,9.89,244,1,,2045.62
20-Aug-10,1788.67,1,9.49,245,1,,2045.62
23-Aug-10,1781.47,1,9.05,246,1,,2045.62
24-Aug-10,1755.65,1,7.47,247,1,,2045.62
25-Aug-10,1761.62,1,7.83,248,1,,2045.62
26-Aug-10,1748.14,1,7.01,249,1,,2045.62
27-Aug-10,1777.6,1,8.81,250,1,,2045.62
30-Aug-10,1751.79,1,7.23,251,1,,2045.62
31-Aug-10,1752.55,1,7.28,252,1,,2045.62
1-Sep-10,1804.46,1,10.46,253,1,,2045.62
2-Sep-10,1820.98,1,11.47,254,1,,2045.62
3-Sep-10,1845.1,1,12.94,255,1,,2045.62
7-Sep-10,1824.05,1,11.66,256,1,,2045.62
8-Sep-10,1836.21,1,12.4,257,1,,2045.62
9-Sep-10,1845.09,1,12.94,258,1,,2045.62
10-Sep-10,1854.1,1,13.5,259,1,,2045.62
13-Sep-10,1875.41,1,14.8,260,1,,2045.62
14-Sep-10,1874.07,1,14.72,261,1,,2045.62
15-Sep-10,1880.74,1,15.13,262,1,,2045.62
16-Sep-10,1880.37,1,15.1,263,1,,2045.62
17-Sep-10,1881.93,1,15.2,264,1,,2045.62
20-Sep-10,1910.6,1,16.95,265,1,,2045.62
21-Sep-10,1905.74,1,16.66,266,1,,2045.62
22-Sep-10,1896.77,1,16.11,267,1,,2045.62
23-Sep-10,1880.97,1,15.14,268,1,,2045.62
24-Sep-10,1920.84,1,17.58,269,1,,2045.62
27-Sep-10,1909.98,1,16.92,270,1,,2045.62
28-Sep-10,1919.59,1,17.5,271,1,,2045.62
29-Sep-10,1914.84,1,17.21,272,1,,2045.62
30-Sep-10,1908.95,1,16.85,273,1,,2045.62
1-Oct-10,1917.42,1,17.37,274,1,,2045.62
4-Oct-10,1902.15,1,16.44,275,1,,2045.62
5-Oct-10,1941.82,1,18.87,276,1,,2045.62
6-Oct-10,1941.5,1,18.85,277,1,,2045.62
7-Oct-10,1938.31,1,18.65,278,1,,2045.62
8-Oct-10,1950.18,1,19.38,279,1,,2045.62
11-Oct-10,1950.47,1,19.39,280,1,,2045.62
12-Oct-10,1957.92,1,19.85,281,1,,2045.62
13-Oct-10,1972.08,1,20.72,282,1,,2045.62
14-Oct-10,1964.9,1,20.28,283,1,,2045.62
15-Oct-10,1968.87,1,20.52,284,1,,2045.62
18-Oct-10,1983.17,1,21.4,285,1,,2045.62
19-Oct-10,1951.67,1,19.47,286,1,,2045.62
20-Oct-10,1972.51,1,20.74,287,1,,2045.62
21-Oct-10,1976.12,1,20.96,288,1,,2045.62
22-Oct-10,1980.83,1,21.25,289,1,,2045.62
25-Oct-10,1985.11,1,21.52,290,1,,2045.62
26-Oct-10,1985.13,1,21.52,291,1,,2045.62
27-Oct-10,1980.05,1,21.21,292,1,,2045.62
28-Oct-10,1982.45,1,21.35,293,1,,2045.62
29-Oct-10,1981.59,1,21.3,294,1,,2045.62
1-Nov-10,1983.47,1,21.41,295,1,,2045.62
2-Nov-10,1998.86,1,22.36,296,1,,2045.62
3-Nov-10,2006.58,1,22.83,297,1,,2045.62
4-Nov-10,2045.62,1,25.22,298,1,,2045.62
5-Nov-10,2053.77,0,25.72,299,0,,0
8-Nov-10,2049.69,0,25.47,300,0,,0
9-Nov-10,2033.85,0,24.5,301,0,,0
10-Nov-10,2043.16,0,25.07,302,0,,0
11-Nov-10,2034.48,0,24.54,303,0,,0
12-Nov-10,2010.57,0,23.07,304,0,,0
15-Nov-10,2008.25,0,22.93,305,0,,0
16-Nov-10,1976.26,0,20.97,306,0,,0
17-Nov-10,1977,0,21.02,307,0,,0
18-Nov-10,2007.38,0,22.88,308,0,,0
19-Nov-10,2012.59,0,23.2,309,0,,0
22-Nov-10,2009.52,0,23.01,310,0,,0
23-Nov-10,1980.89,0,21.26,311,0,,0
24-Nov-10,2010.56,0,23.07,312,0,,0
26-Nov-10,1996.03,0,22.18,313,0,,0
29-Nov-10,1993.83,0,22.05,314,0,,0
30-Nov-10,1981.84,0,21.32,315,0,,0
1-Dec-10,2024.97,0,23.96,316,0,,0
2-Dec-10,2050.96,0,25.55,317,0,,0
3-Dec-10,2056.4,0,25.88,318,0,,0
6-Dec-10,2053.8,0,25.72,319,0,,0
7-Dec-10,2054.89,0,25.79,320,0,,0
8-Dec-10,2063.03,0,26.29,321,0,,0
9-Dec-10,2071.12,1,26.78,322,0,,0
10-Dec-10,2083.57,1,27.54,323,0,,0
13-Dec-10,2084,1,27.57,324,0,,0
14-Dec-10,2085.93,1,27.69,325,0,,0
15-Dec-10,2075.29,1,27.04,326,0,,0
16-Dec-10,2088.19,1,27.83,327,0,,0
17-Dec-10,2089.95,1,27.93,328,0,,0
20-Dec-10,2095.32,1,28.26,329,0,,0
21-Dec-10,2108.26,1,29.05,330,0,,0
22-Dec-10,2115.69,1,29.51,331,0,,0
23-Dec-10,2112.37,1,29.31,332,0,,0
27-Dec-10,2113.67,1,29.38,333,0,,0
28-Dec-10,2115.32,1,29.49,334,0,,0
29-Dec-10,2117.83,1,29.64,335,0,,0
30-Dec-10,2114.7,1,29.45,336,0,,0
31-Dec-10,2114.29,1,29.42,337,0,,0
3-Jan-11,2138.3,1,30.89,338,0,,0
4-Jan-11,2135.53,1,30.72,339,0,,0
5-Jan-11,2146.5,1,31.39,340,0,,0
6-Jan-11,2142.76,1,31.17,341,0,,0
7-Jan-11,2138.81,1,30.92,342,0,,0
10-Jan-11,2135.86,1,30.74,343,0,,0
11-Jan-11,2143.82,1,31.23,344,0,,0
12-Jan-11,2163.36,1,32.43,345,0,,0
13-Jan-11,2159.66,1,32.2,346,0,,0
14-Jan-11,2175.68,1,33.18,347,0,,0
18-Jan-11,2178.72,1,33.37,348,0,,0
19-Jan-11,2156.97,1,32.04,349,0,,0
20-Jan-11,2154.18,1,31.86,350,0,,0
21-Jan-11,2159.43,1,32.19,351,0,,0
24-Jan-11,2172.03,1,32.96,352,0,,0
25-Jan-11,2172.67,1,33,353,0,,0
26-Jan-11,2181.92,1,33.56,354,0,,0
27-Jan-11,2186.93,1,33.87,355,0,,0
28-Jan-11,2147.95,1,31.48,356,0,,0
31-Jan-11,2164.4,1,32.49,357,0,,0
1-Feb-11,2200.54,1,34.7,358,0,,0
2-Feb-11,2194.94,1,34.36,359,0,,0
3-Feb-11,2200.42,1,34.7,360,0,,0
4-Feb-11,2206.8,1,35.09,361,0,,0
7-Feb-11,2220.6,1,35.93,362,0,,0
8-Feb-11,2230.59,1,36.54,363,0,,0
9-Feb-11,2224.64,1,36.18,364,0,,0
10-Feb-11,2226.51,1,36.29,365,0,,0
11-Feb-11,2239.08,1,37.06,366,0,,0
14-Feb-11,2244.89,1,37.42,367,0,,0
15-Feb-11,2237.9,1,36.99,368,0,,0
16-Feb-11,2252.3,1,37.87,369,0,,0
17-Feb-11,2259.42,1,38.31,370,0,,0
18-Feb-11,2263.79,1,38.57,371,0,,0
22-Feb-11,2217.35,1,35.73,372,0,,0
23-Feb-11,2203.89,1,34.91,373,0,,0
24-Feb-11,2202.23,1,34.81,374,0,,0
25-Feb-11,2226.05,1,36.26,375,0,,0
28-Feb-11,2238.55,1,37.03,376,0,,0
1-Mar-11,2203.32,1,34.87,377,0,,0
2-Mar-11,2207.24,1,35.11,378,0,,0
3-Mar-11,2245.33,1,37.44,379,0,,0
4-Mar-11,2228.78,1,36.43,380,0,,0
7-Mar-11,2210.26,1,35.3,381,0,,0
8-Mar-11,2230.4,1,36.53,382,0,,0
9-Mar-11,2227.7,1,36.37,383,0,,0
10-Mar-11,2185.65,1,33.79,384,0,,0
11-Mar-11,2201.81,1,34.78,385,0,,0
14-Mar-11,2188.56,1,33.97,386,0,,0
15-Mar-11,2164.06,1,32.47,387,0,,0
16-Mar-11,2121.94,1,29.89,388,0,,0
17-Mar-11,2150.43,1,31.64,389,0,,0
18-Mar-11,2159.69,1,32.2,390,0,,0
21-Mar-11,2192.09,1,34.19,391,0,,0
22-Mar-11,2184.57,1,33.72,392,0,,0
23-Mar-11,2190.96,1,34.12,393,0,,0
24-Mar-11,2211.42,1,35.37,394,0,,0
25-Mar-11,2218.42,1,35.8,395,0,,0
28-Mar-11,2212.32,1,35.42,396,0,,0
29-Mar-11,2228.41,1,36.41,397,0,,0
30-Mar-11,2243.55,1,37.34,398,0,,0
31-Mar-11,2239.44,1,37.08,399,0,,0
1-Apr-11,2250.58,1,37.77,400,0,,0
4-Apr-11,2251.64,1,37.83,401,0,,0
5-Apr-11,2251.26,1,37.81,402,0,,0
6-Apr-11,2257.11,1,38.17,403,0,,0
7-Apr-11,2253.76,1,37.96,404,0,,0
8-Apr-11,2244.74,1,37.41,405,0,,0
11-Apr-11,2238.51,1,37.03,406,0,,0
12-Apr-11,2221.12,1,35.96,407,0,,0
13-Apr-11,2221.77,1,36,408,0,,0
14-Apr-11,2221.99,1,36.02,409,0,,0
15-Apr-11,2230.7,1,36.55,410,0,,0
18-Apr-11,2206.15,1,35.05,411,0,,0
19-Apr-11,2218.86,1,35.82,412,0,,0
20-Apr-11,2248.9,1,37.66,413,0,,0
21-Apr-11,2260.84,1,38.39,414,0,,0
25-Apr-11,2257.24,1,38.17,415,0,,0
26-Apr-11,2277.51,1,39.41,416,0,,0
27-Apr-11,2292.13,0,40.31,417,0,,0
28-Apr-11,2300.46,0,40.82,418,0,,0
29-Apr-11,2305.76,0,41.14,419,0,,0
2-May-11,2301.72,1,40.9,420,0,,0
3-May-11,2293.95,1,40.42,421,0,,0
4-May-11,2278.63,1,39.48,422,0,,0
5-May-11,2258.08,1,38.22,423,0,,0
6-May-11,2266.97,1,38.77,424,0,,0
9-May-11,2277.3,1,39.4,425,0,,0
10-May-11,2295.72,1,40.53,426,0,,0
11-May-11,2271.47,1,39.04,427,0,,0
12-May-11,2282.84,1,39.74,428,0,,0
13-May-11,2264.52,1,38.62,429,0,,0
16-May-11,2250.61,1,37.77,430,0,,0
17-May-11,2250.35,1,37.75,431,0,,0
18-May-11,2270.57,1,38.99,432,0,,0
19-May-11,2275.71,1,39.3,433,0,,0
20-May-11,2258.21,1,38.23,434,0,,0
23-May-11,2231.31,1,36.59,435,0,,0
24-May-11,2229.49,1,36.47,436,0,,0
25-May-11,2236.75,1,36.92,437,0,,0
26-May-11,2246.13,1,37.49,438,0,,0
27-May-11,2255.74,1,38.08,439,0,,0
31-May-11,2279.66,1,39.55,440,0,,0
1-Jun-11,2227.96,1,36.38,441,0,,0
2-Jun-11,2225.36,1,36.22,442,0,,0
3-Jun-11,2203.81,1,34.9,443,0,,0
6-Jun-11,2180.14,1,33.45,444,0,,0
7-Jun-11,2178.15,1,33.33,445,0,,0
8-Jun-11,2169.5,1,32.8,446,0,,0
9-Jun-11,2185.52,1,33.78,447,0,,0
10-Jun-11,2155,1,31.91,448,0,,0
13-Jun-11,2157.15,1,32.05,449,0,,0
14-Jun-11,2184.48,1,33.72,450,0,,0
15-Jun-11,2146.45,1,31.39,451,0,,0
16-Jun-11,2150.58,1,31.64,452,0,,0
17-Jun-11,2157.14,1,32.05,453,0,,0
20-Jun-11,2168.8,1,32.76,454,0,,0
21-Jun-11,2198.15,1,34.56,455,0,,0
22-Jun-11,2184.03,1,33.69,456,0,,0
23-Jun-11,2177.85,1,33.31,457,0,,0
24-Jun-11,2152.31,1,31.75,458,0,,0
27-Jun-11,2172.08,1,32.96,459,0,,0
28-Jun-11,2200.68,1,34.71,460,0,,0
29-Jun-11,2219.2,1,35.84,461,0,,0
30-Jun-11,2241.66,1,37.22,462,0,,0
1-Jul-11,2274.26,1,39.22,463,0,,0
5-Jul-11,2271.29,1,39.03,464,0,,0
6-Jul-11,2274.42,1,39.22,465,0,,0
7-Jul-11,2298.31,1,40.69,466,0,,0
8-Jul-11,2282.32,1,39.71,467,0,,0
11-Jul-11,2241.07,1,37.18,468,0,,0
12-Jul-11,2231.15,1,36.58,469,0,,0
13-Jul-11,2238.29,1,37.01,470,0,,0
14-Jul-11,2223.29,1,36.1,471,0,,0
15-Jul-11,2235.65,1,36.85,472,0,,0
18-Jul-11,2217.55,1,35.74,473,0,,0
19-Jul-11,2253.71,1,37.96,474,0,,0
20-Jul-11,2252.52,1,37.88,475,0,,0
21-Jul-11,2283.23,1,39.76,476,0,,0
22-Jul-11,2285.34,1,39.89,477,1,2312.49,2312.49
25-Jul-11,2272.47,1,39.11,478,1,,2312.49
26-Jul-11,2263.15,1,38.54,479,1,,2312.49
27-Jul-11,2217.29,1,35.73,480,1,,2312.49
28-Jul-11,2210.33,1,35.3,481,1,,2312.49
29-Jul-11,2196.08,1,34.43,482,1,,2312.49
1-Aug-11,2187,1,33.87,483,1,,2312.49
2-Aug-11,2131.1,1,30.45,484,1,,2312.49
3-Aug-11,2142.56,1,31.15,485,1,,2312.49
4-Aug-11,2040.2,1,24.89,486,1,,2312.49
5-Aug-11,2039.04,1,24.82,487,1,,2312.49
8-Aug-11,1903.47,1,16.52,488,1,,2312.49
9-Aug-11,1993.76,1,22.04,489,1,,2312.49
10-Aug-11,1906.53,1,16.71,490,1,,2312.49
11-Aug-11,1995.14,1,22.13,491,1,,2312.49
12-Aug-11,2005.67,1,22.77,492,1,,2312.49
15-Aug-11,2049.51,1,25.46,493,1,,2312.49
16-Aug-11,2029.92,1,24.26,494,1,,2312.49
17-Aug-11,2032.41,1,24.41,495,1,,2312.49
18-Aug-11,1941.92,1,18.87,496,1,,2312.49
19-Aug-11,1912.77,1,17.09,497,1,,2312.49
22-Aug-11,1913.27,1,17.12,498,1,,2312.49
23-Aug-11,1978.89,1,21.13,499,1,,2312.49
24-Aug-11,2005.13,1,22.74,500,1,,2312.49
25-Aug-11,1973.96,1,20.83,501,1,,2312.49
26-Aug-11,2004.11,1,22.68,502,1,,2312.49
29-Aug-11,2061.05,1,26.16,503,1,,2312.49
30-Aug-11,2066.37,1,26.49,504,1,,2312.49
31-Aug-11,2076.78,1,27.13,505,1,,2312.49
1-Sep-11,2052.3,1,25.63,506,1,,2312.49
2-Sep-11,2000.5,1,22.46,507,1,,2312.49
6-Sep-11,1985.67,1,21.55,508,1,,2312.49
7-Sep-11,2043.05,1,25.06,509,1,,2312.49
8-Sep-11,2021.42,1,23.74,510,1,,2312.49
9-Sep-11,1967.47,1,20.44,511,1,,2312.49
12-Sep-11,1981.3,1,21.28,512,1,,2312.49
13-Sep-11,2000.08,1,22.43,513,1,,2312.49
14-Sep-11,2027.04,1,24.08,514,1,,2312.49
15-Sep-11,2062.25,1,26.24,515,1,,2312.49
16-Sep-11,2074.06,1,26.96,516,1,,2312.49
19-Sep-11,2053.74,1,25.72,517,1,,2312.49
20-Sep-11,2050.39,1,25.51,518,1,,2312.49
21-Sep-11,1990.2,1,21.83,519,1,,2312.49
22-Sep-11,1926.76,1,17.94,520,1,,2312.49
23-Sep-11,1938.73,1,18.68,521,1,,2312.49
26-Sep-11,1983.97,1,21.45,522,1,,2312.49
27-Sep-11,2005.19,1,22.74,523,1,,2312.49
28-Sep-11,1964.2,1,20.24,524,1,,2312.49
29-Sep-11,1980.23,1,21.22,525,1,,2312.49
30-Sep-11,1930.79,1,18.19,526,1,,2312.49
3-Oct-11,1875.95,1,14.83,527,1,,2312.49
4-Oct-11,1918.39,1,17.43,528,1,,2312.49
5-Oct-11,1953.67,1,19.59,529,1,,2312.49
6-Oct-11,1989.61,1,21.79,530,1,,2312.49
7-Oct-11,1973.42,1,20.8,531,1,,2312.49
10-Oct-11,2040.76,1,24.92,532,1,,2312.49
11-Oct-11,2041.9,1,24.99,533,1,,2312.49
12-Oct-11,2062.22,1,26.24,534,1,,2312.49
13-Oct-11,2056.26,1,25.87,535,1,,2312.49
14-Oct-11,2091.99,1,28.06,536,1,,2312.49
17-Oct-11,2051.54,1,25.58,537,1,,2312.49
18-Oct-11,2093.43,1,28.15,538,1,,2312.49
19-Oct-11,2067.28,1,26.55,539,1,,2312.49
20-Oct-11,2076.75,1,27.12,540,1,,2312.49
21-Oct-11,2115.86,1,29.52,541,1,,2312.49
24-Oct-11,2143.13,1,31.19,542,1,,2312.49
25-Oct-11,2100.17,1,28.56,543,1,,2312.49
26-Oct-11,2122.32,1,29.91,544,1,,2312.49
27-Oct-11,2195.22,1,34.38,545,1,,2312.49
28-Oct-11,2196.13,1,34.43,546,1,,2312.49
31-Oct-11,2141.81,1,31.11,547,1,,2312.49
1-Nov-11,2081.97,1,27.44,548,1,,2312.49
2-Nov-11,2115.7,1,29.51,549,1,,2312.49
3-Nov-11,2155.87,1,31.97,550,1,,2312.49
4-Nov-11,2142.34,1,31.14,551,1,,2312.49
7-Nov-11,2156,1,31.98,552,1,,2312.49
8-Nov-11,2182.61,1,33.6,553,1,,2312.49
9-Nov-11,2102.72,1,28.71,554,1,,2312.49
10-Nov-11,2121.14,1,29.84,555,1,,2312.49
11-Nov-11,2162.48,1,32.37,556,1,,2312.49
14-Nov-11,2142.09,1,31.12,557,1,,2312.49
15-Nov-11,2152.8,1,31.78,558,1,,2312.49
16-Nov-11,2117.64,1,29.63,559,1,,2312.49
17-Nov-11,2082.1,1,27.45,560,1,,2312.49
18-Nov-11,2081.42,1,27.41,561,1,,2312.49
21-Nov-11,2042.71,1,25.04,562,1,,2312.49
22-Nov-11,2034.41,1,24.53,563,1,,2312.49
23-Nov-11,1989.54,1,21.79,564,1,,2312.49
25-Nov-11,1984.5,1,21.48,565,1,,2312.49
28-Nov-11,2042.8,1,25.05,566,1,,2312.49
29-Nov-11,2048.06,1,25.37,567,1,,2312.49
30-Nov-11,2137.08,1,30.82,568,1,,2312.49
1-Dec-11,2133.07,1,30.57,569,1,,2312.49
2-Dec-11,2132.64,1,30.55,570,1,,2312.49
5-Dec-11,2154.68,1,31.9,571,1,,2312.49
6-Dec-11,2157.1,1,32.04,572,1,,2312.49
7-Dec-11,2162.07,1,32.35,573,1,,2312.49
8-Dec-11,2116.41,1,29.55,574,1,,2312.49
9-Dec-11,2152.15,1,31.74,575,1,,2312.49
12-Dec-11,2120.15,1,29.78,576,1,,2312.49
13-Dec-11,2102.15,1,28.68,577,1,,2312.49
14-Dec-11,2078.51,1,27.23,578,1,,2312.49
15-Dec-11,2085.44,1,27.66,579,1,,2312.49
16-Dec-11,2092.18,1,28.07,580,1,,2312.49
19-Dec-11,2067.67,1,26.57,581,1,,2312.49
20-Dec-11,2129.67,1,30.36,582,1,,2312.49
21-Dec-11,2133.86,1,30.62,583,1,,2312.49
22-Dec-11,2152.04,1,31.73,584,1,,2312.49
23-Dec-11,2171.5,1,32.92,585,1,,2312.49
27-Dec-11,2171.71,1,32.94,586,1,,2312.49
28-Dec-11,2145.09,1,31.31,587,1,,2312.49
29-Dec-11,2168.12,1,32.72,588,1,,2312.49
30-Dec-11,2158.94,1,32.16,589,1,,2312.49
3-Jan-12,2192.4,1,34.2,590,1,,2312.49
4-Jan-12,2193.28,1,34.26,591,1,,2312.49
5-Jan-12,2199.73,1,34.65,592,1,,2312.49
6-Jan-12,2194.98,1,34.36,593,1,,2312.49
9-Jan-12,2200,1,34.67,594,1,,2312.49
10-Jan-12,2219.58,1,35.87,595,1,,2312.49
11-Jan-12,2220.48,1,35.92,596,1,,2312.49
12-Jan-12,2225.74,1,36.25,597,1,,2312.49
13-Jan-12,2214.73,1,35.57,598,1,,2312.49
17-Jan-12,2222.59,1,36.05,599,1,,2312.49
18-Jan-12,2247.64,1,37.59,600,1,,2312.49
19-Jan-12,2258.8,1,38.27,601,1,,2312.49
20-Jan-12,2260.37,1,38.36,602,1,,2312.49
23-Jan-12,2261.47,1,38.43,603,1,,2312.49
24-Jan-12,2259.22,1,38.29,604,1,,2312.49
25-Jan-12,2278.83,1,39.49,605,1,,2312.49
26-Jan-12,2265.84,1,38.7,606,1,,2312.49
27-Jan-12,2262.35,1,38.49,607,1,,2312.49
30-Jan-12,2256.72,1,38.14,608,1,,2312.49
31-Jan-12,2255.69,1,38.08,609,1,,2312.49
1-Feb-12,2276.24,1,39.34,610,1,,2312.49
2-Feb-12,2278.92,1,39.5,611,1,,2312.49
3-Feb-12,2312.49,1,41.56,612,1,,2312.49
6-Feb-12,2311.55,0,41.5,613,0,,0
7-Feb-12,2316.27,0,41.79,614,0,,0
8-Feb-12,2322.11,0,42.14,615,0,,0
9-Feb-12,2325.56,0,42.36,616,0,,0
10-Feb-12,2309.6,0,41.38,617,0,,0
13-Feb-12,2325.81,0,42.37,618,0,,0
14-Feb-12,2324,0,42.26,619,0,,0
15-Feb-12,2312.28,0,41.54,620,0,,0
16-Feb-12,2338.12,0,43.12,621,0,,0
17-Feb-12,2343.67,0,43.46,622,0,,0
21-Feb-12,2345.41,0,43.57,623,0,,0
22-Feb-12,2337.67,0,43.1,624,0,,0
23-Feb-12,2348.11,0,43.74,625,0,,0
24-Feb-12,2352.34,0,43.99,626,0,,0
27-Feb-12,2355.74,0,44.2,627,0,,0
28-Feb-12,2364.03,0,44.71,628,0,,0
29-Feb-12,2353.23,0,44.05,629,0,,0
1-Mar-12,2367.87,0,44.95,630,0,,0
2-Mar-12,2360.28,0,44.48,631,0,,0
5-Mar-12,2351.28,0,43.93,632,0,,0
6-Mar-12,2315.21,0,41.72,633,0,,0
7-Mar-12,2331.89,0,42.74,634,0,,0
8-Mar-12,2355.01,0,44.16,635,0,,0
9-Mar-12,2363.56,0,44.68,636,0,,0
12-Mar-12,2364.1,0,44.71,637,0,,0
13-Mar-12,2407.79,0,47.39,638,0,,0
14-Mar-12,2404.98,0,47.22,639,0,,0
15-Mar-12,2419.37,0,48.1,640,0,,0
16-Mar-12,2422.09,0,48.26,641,0,,0
19-Mar-12,2431.73,0,48.85,642,0,,0
20-Mar-12,2424.46,0,48.41,643,0,,0
21-Mar-12,2420.02,0,48.14,644,0,,0
22-Mar-12,2402.71,0,47.08,645,0,,0
23-Mar-12,2410.16,0,47.53,646,0,,0
26-Mar-12,2443.64,0,49.58,647,0,,0
27-Mar-12,2437.01,0,49.18,648,0,,0
28-Mar-12,2425.55,0,48.48,649,0,,0
29-Mar-12,2421.7,0,48.24,650,0,,0
30-Mar-12,2430.67,0,48.79,651,0,,0
2-Apr-12,2449.08,0,49.92,652,0,,0
3-Apr-12,2439.89,1,49.35,653,1,2464.38,2464.38
4-Apr-12,2415.05,1,47.83,654,1,,2464.38
5-Apr-12,2414.4,1,47.79,655,1,,2464.38
9-Apr-12,2387.03,1,46.12,656,1,,2464.38
10-Apr-12,2346.27,1,43.62,657,1,,2464.38
11-Apr-12,2364.09,1,44.71,658,1,,2464.38
12-Apr-12,2396.69,1,46.71,659,1,,2464.38
13-Apr-12,2366.84,1,44.88,660,1,,2464.38
16-Apr-12,2365.65,1,44.81,661,1,,2464.38
17-Apr-12,2402.29,1,47.05,662,1,,2464.38
18-Apr-12,2392.57,1,46.46,663,1,,2464.38
19-Apr-12,2378.48,1,45.59,664,1,,2464.38
20-Apr-12,2381.32,1,45.77,665,1,,2464.38
23-Apr-12,2361.35,1,44.55,666,1,,2464.38
24-Apr-12,2370.04,1,45.08,667,1,,2464.38
25-Apr-12,2402.71,1,47.08,668,1,,2464.38
26-Apr-12,2418.89,1,48.07,669,1,,2464.38
27-Apr-12,2424.78,1,48.43,670,1,,2464.38
30-Apr-12,2415.42,1,47.86,671,1,,2464.38
1-May-12,2429.1,1,48.69,672,1,,2464.38
2-May-12,2423.29,1,48.34,673,1,,2464.38
3-May-12,2405.17,1,47.23,674,1,,2464.38
4-May-12,2366.39,1,44.85,675,1,,2464.38
7-May-12,2367.26,1,44.91,676,1,,2464.38
8-May-12,2357.45,1,44.31,677,1,,2464.38
9-May-12,2342.31,1,43.38,678,1,,2464.38
10-May-12,2348.93,1,43.79,679,1,,2464.38
11-May-12,2341.23,1,43.31,680,1,,2464.38
14-May-12,2315.45,1,41.74,681,1,,2464.38
15-May-12,2302.56,1,40.95,682,1,,2464.38
16-May-12,2293.21,1,40.38,683,1,,2464.38
17-May-12,2258.93,1,38.28,684,1,,2464.38
18-May-12,2242.25,1,37.26,685,1,,2464.38
21-May-12,2278.24,1,39.46,686,1,,2464.38
22-May-12,2279.4,1,39.53,687,1,,2464.38
23-May-12,2283.36,1,39.77,688,1,,2464.38
24-May-12,2286.87,1,39.99,689,1,,2464.38
25-May-12,2281.92,1,39.68,690,1,,2464.38
29-May-12,2307.57,1,41.25,691,1,,2464.38
30-May-12,2275.19,1,39.27,692,1,,2464.38
31-May-12,2270.25,1,38.97,693,1,,2464.38
1-Jun-12,2214.41,1,35.55,694,1,,2464.38
4-Jun-12,2214.7,1,35.57,695,1,,2464.38
5-Jun-12,2227.45,1,36.35,696,1,,2464.38
6-Jun-12,2279.42,1,39.53,697,1,,2464.38
7-Jun-12,2279.28,1,39.52,698,1,,2464.38
8-Jun-12,2297.82,1,40.66,699,1,,2464.38
11-Jun-12,2268.94,1,38.89,700,1,,2464.38
12-Jun-12,2295.4,1,40.51,701,1,,2464.38
13-Jun-12,2280.13,1,39.57,702,1,,2464.38
14-Jun-12,2304.83,1,41.09,703,1,,2464.38
15-Jun-12,2328.66,1,42.55,704,1,,2464.38
18-Jun-12,2332.07,1,42.75,705,1,,2464.38
19-Jun-12,2355.01,1,44.16,706,1,,2464.38
20-Jun-12,2351.14,1,43.92,707,1,,2464.38
21-Jun-12,2299.16,1,40.74,708,1,,2464.38
22-Jun-12,2315.65,1,41.75,709,1,,2464.38
25-Jun-12,2278.98,1,39.5,710,1,,2464.38
26-Jun-12,2289.86,1,40.17,711,1,,2464.38
27-Jun-12,2310.98,1,41.46,712,1,,2464.38
28-Jun-12,2306.22,1,41.17,713,1,,2464.38
29-Jun-12,2363.79,1,44.7,714,1,,2464.38
2-Jul-12,2369.75,1,45.06,715,1,,2464.38
3-Jul-12,2385.06,1,46,716,1,,2464.38
5-Jul-12,2373.91,1,45.32,717,1,,2464.38
6-Jul-12,2352.34,1,43.99,718,1,,2464.38
9-Jul-12,2348.52,1,43.76,719,1,,2464.38
10-Jul-12,2329.46,1,42.59,720,1,,2464.38
11-Jul-12,2329.71,1,42.61,721,1,,2464.38
12-Jul-12,2318.09,1,41.9,722,1,,2464.38
13-Jul-12,2356.4,1,44.24,723,1,,2464.38
16-Jul-12,2350.94,1,43.91,724,1,,2464.38
17-Jul-12,2368.36,1,44.98,725,1,,2464.38
18-Jul-12,2384.54,1,45.97,726,1,,2464.38
19-Jul-12,2391.27,1,46.38,727,1,,2464.38
20-Jul-12,2367.26,1,44.91,728,1,,2464.38
23-Jul-12,2346.22,1,43.62,729,1,,2464.38
24-Jul-12,2325.02,1,42.32,730,1,,2464.38
25-Jul-12,2324.33,1,42.28,731,1,,2464.38
26-Jul-12,2362.85,1,44.64,732,1,,2464.38
27-Jul-12,2408.07,1,47.41,733,1,,2464.38
30-Jul-12,2406.99,1,47.34,734,1,,2464.38
31-Jul-12,2396.62,1,46.71,735,1,,2464.38
1-Aug-12,2389.73,1,46.28,736,1,,2464.38
2-Aug-12,2372.31,1,45.22,737,1,,2464.38
3-Aug-12,2417.77,1,48,738,1,,2464.38
6-Aug-12,2423.46,1,48.35,739,1,,2464.38
7-Aug-12,2435.88,1,49.11,740,1,,2464.38
8-Aug-12,2438.16,1,49.25,741,1,,2464.38
9-Aug-12,2440.23,1,49.37,742,1,,2464.38
10-Aug-12,2445.64,1,49.71,743,1,,2464.38
13-Aug-12,2443.05,1,49.55,744,1,,2464.38
14-Aug-12,2443.16,1,49.55,745,1,,2464.38
15-Aug-12,2446.82,1,49.78,746,1,,2464.38
16-Aug-12,2464.38,1,50.85,747,1,,2464.38
17-Aug-12,2469,0,51.14,748,0,,0
20-Aug-12,2468.99,0,51.14,749,0,,0
21-Aug-12,2460.41,0,50.61,750,0,,0
22-Aug-12,2461.12,0,50.65,751,0,,0
23-Aug-12,2441.29,0,49.44,752,0,,0
24-Aug-12,2457.4,0,50.43,753,0,,0
27-Aug-12,2456.22,0,50.35,754,0,,0
28-Aug-12,2454.39,0,50.24,755,0,,0
29-Aug-12,2457.05,0,50.4,756,0,,0
30-Aug-12,2438.2,0,49.25,757,0,,0
31-Aug-12,2450.6,0,50.01,758,0,,0
4-Sep-12,2447.8,0,49.84,759,0,,0
5-Sep-12,2445.81,0,49.72,760,0,,0
6-Sep-12,2496.12,0,52.8,761,0,,0
7-Sep-12,2506.37,0,53.42,762,0,,0
10-Sep-12,2491.11,0,52.49,763,0,,0
11-Sep-12,2498.95,0,52.97,764,0,,0
12-Sep-12,2504.84,0,53.33,765,0,,0
13-Sep-12,2546.03,0,55.85,766,0,,0
14-Sep-12,2556.13,0,56.47,767,0,,0
17-Sep-12,2548.26,1,55.99,768,1,2568.55,2568.55
18-Sep-12,2545.05,1,55.79,769,1,,2568.55
19-Sep-12,2548.11,1,55.98,770,1,,2568.55
20-Sep-12,2547.11,1,55.92,771,1,,2568.55
21-Sep-12,2546.92,1,55.91,772,1,,2568.55
24-Sep-12,2541.23,1,55.56,773,1,,2568.55
25-Sep-12,2514.83,1,53.94,774,1,,2568.55
26-Sep-12,2500.92,1,53.09,775,1,,2568.55
27-Sep-12,2525.23,1,54.58,776,1,,2568.55
28-Sep-12,2513.93,1,53.89,777,1,,2568.55
1-Oct-12,2520.71,1,54.3,778,1,,2568.55
2-Oct-12,2523.08,1,54.45,779,1,,2568.55
3-Oct-12,2532.79,1,55.04,780,1,,2568.55
4-Oct-12,2550.98,1,56.15,781,1,,2568.55
5-Oct-12,2551.03,1,56.16,782,1,,2568.55
8-Oct-12,2542.21,1,55.62,783,1,,2568.55
9-Oct-12,2517.14,1,54.08,784,1,,2568.55
10-Oct-12,2501.75,1,53.14,785,1,,2568.55
11-Oct-12,2502.66,1,53.2,786,1,,2568.55
12-Oct-12,2495.28,1,52.74,787,1,,2568.55
15-Oct-12,2515.44,1,53.98,788,1,,2568.55
16-Oct-12,2541.28,1,55.56,789,1,,2568.55
17-Oct-12,2552.05,1,56.22,790,1,,2568.55
18-Oct-12,2545.95,1,55.85,791,1,,2568.55
19-Oct-12,2503.8,1,53.27,792,1,,2568.55
22-Oct-12,2504.96,1,53.34,793,1,,2568.55
23-Oct-12,2468.78,1,51.12,794,1,,2568.55
24-Oct-12,2461.18,1,50.66,795,1,,2568.55
25-Oct-12,2468.6,1,51.11,796,1,,2568.55
26-Oct-12,2466.8,1,51,797,1,,2568.55
31-Oct-12,2467.51,1,51.04,798,1,,2568.55
1-Nov-12,2494.67,1,52.71,799,1,,2568.55
2-Nov-12,2471.3,1,51.28,800,1,,2568.55
5-Nov-12,2476.94,1,51.62,801,1,,2568.55
6-Nov-12,2496.46,1,52.82,802,1,,2568.55
7-Nov-12,2439.48,1,49.33,803,1,,2568.55
8-Nov-12,2409.72,1,47.51,804,1,,2568.55
9-Nov-12,2413.92,1,47.76,805,1,,2568.55
12-Nov-12,2414.24,1,47.78,806,1,,2568.55
13-Nov-12,2405.38,1,47.24,807,1,,2568.55
14-Nov-12,2372.94,1,45.26,808,1,,2568.55
15-Nov-12,2369.32,1,45.03,809,1,,2568.55
16-Nov-12,2381.02,1,45.75,810,1,,2568.55
19-Nov-12,2428.47,1,48.65,811,1,,2568.55
20-Nov-12,2430.29,1,48.77,812,1,,2568.55
21-Nov-12,2435.97,1,49.11,813,1,,2568.55
23-Nov-12,2468.06,1,51.08,814,1,,2568.55
26-Nov-12,2463.12,1,50.78,815,1,,2568.55
27-Nov-12,2450.48,1,50,816,1,,2568.55
28-Nov-12,2470.47,1,51.23,817,1,,2568.55
29-Nov-12,2481.42,1,51.9,818,1,,2568.55
30-Nov-12,2481.82,1,51.92,819,1,,2568.55
3-Dec-12,2470.07,1,51.2,820,1,,2568.55
4-Dec-12,2465.9,1,50.95,821,1,,2568.55
5-Dec-12,2470.59,1,51.23,822,1,,2568.55
6-Dec-12,2479.4,1,51.77,823,1,,2568.55
7-Dec-12,2486.84,1,52.23,824,1,,2568.55
10-Dec-12,2487.78,1,52.29,825,1,,2568.55
11-Dec-12,2504.08,1,53.28,826,1,,2568.55
12-Dec-12,2505.76,1,53.39,827,1,,2568.55
13-Dec-12,2490.56,1,52.46,828,1,,2568.55
14-Dec-12,2480.36,1,51.83,829,1,,2568.55
17-Dec-12,2509.84,1,53.64,830,1,,2568.55
18-Dec-12,2538.72,1,55.4,831,1,,2568.55
19-Dec-12,2519.54,1,54.23,832,1,,2568.55
20-Dec-12,2533.91,1,55.11,833,1,,2568.55
21-Dec-12,2510.32,1,53.67,834,1,,2568.55
24-Dec-12,2504.51,1,53.31,835,1,,2568.55
26-Dec-12,2492.54,1,52.58,836,1,,2568.55
27-Dec-12,2489.97,1,52.42,837,1,,2568.55
28-Dec-12,2462.71,1,50.75,838,1,,2568.55
31-Dec-12,2504.44,1,53.31,839,1,,2568.55
2-Jan-13,2568.55,1,57.23,840,1,,2568.55
3-Jan-13,2563.19,0,56.9,841,0,,0
4-Jan-13,2575.66,0,57.66,842,0,,0
7-Jan-13,2567.63,0,57.17,843,0,,0
8-Jan-13,2560.17,0,56.72,844,0,,0
9-Jan-13,2567.02,0,57.14,845,0,,0
10-Jan-13,2586.52,0,58.33,846,0,,0
11-Jan-13,2586.69,0,58.34,847,0,,0
14-Jan-13,2584.27,0,58.19,848,0,,0
15-Jan-13,2587.2,0,58.37,849,0,,0
16-Jan-13,2588.02,0,58.42,850,0,,0
17-Jan-13,2602.64,0,59.32,851,0,,0
18-Jan-13,2611.54,0,59.86,852,0,,0
22-Jan-13,2623.22,0,60.58,853,0,,0
23-Jan-13,2627.23,0,60.82,854,0,,0
24-Jan-13,2627.33,0,60.83,855,0,,0
25-Jan-13,2641.64,0,61.7,856,0,,0
28-Jan-13,2636.83,0,61.41,857,0,,0
29-Jan-13,2650.43,0,62.24,858,0,,0
30-Jan-13,2640.77,0,61.65,859,0,,0
31-Jan-13,2634.16,0,61.25,860,0,,0
1-Feb-13,2660.7,0,62.87,861,0,,0
4-Feb-13,2630.05,0,60.99,862,0,,0
5-Feb-13,2657.76,0,62.69,863,0,,0
6-Feb-13,2659.55,0,62.8,864,0,,0
7-Feb-13,2655.84,0,62.57,865,0,,0
8-Feb-13,2670.85,0,63.49,866,0,,0
11-Feb-13,2669.37,0,63.4,867,0,,0
12-Feb-13,2673.77,0,63.67,868,0,,0
13-Feb-13,2676.6,0,63.84,869,0,,0
14-Feb-13,2678.77,0,63.98,870,0,,0
15-Feb-13,2676.21,0,63.82,871,0,,0
19-Feb-13,2696.26,0,65.05,872,0,,0
20-Feb-13,2662.94,0,63.01,873,0,,0
21-Feb-13,2646.75,0,62.02,874,0,,0
22-Feb-13,2670.36,0,63.46,875,0,,0
25-Feb-13,2621.46,0,60.47,876,0,,0
26-Feb-13,2637.89,0,61.47,877,0,,0
27-Feb-13,2672.11,0,63.57,878,0,,0
28-Feb-13,2669.92,0,63.43,879,0,,0
1-Mar-13,2676.18,0,63.82,880,0,,0
4-Mar-13,2688.54,0,64.57,881,0,,0
5-Mar-13,2714.35,0,66.15,882,0,,0
6-Mar-13,2718.07,0,66.38,883,0,,0
7-Mar-13,2723.27,0,66.7,884,0,,0
8-Mar-13,2735.67,0,67.46,885,0,,0
11-Mar-13,2744.81,0,68.02,886,0,,0
12-Mar-13,2738.35,0,67.62,887,0,,0
13-Mar-13,2742.87,0,67.9,888,0,,0
14-Mar-13,2758.3,0,68.84,889,0,,0
15-Mar-13,2753.82,0,68.57,890,0,,0
18-Mar-13,2738.68,0,67.64,891,0,,0
19-Mar-13,2732.09,0,67.24,892,0,,0
20-Mar-13,2750.42,0,68.36,893,0,,0
21-Mar-13,2727.69,0,66.97,894,0,,0
22-Mar-13,2747.25,0,68.17,895,0,,0
25-Mar-13,2738.08,0,67.61,896,0,,0
26-Mar-13,2760.32,0,68.97,897,0,,0
27-Mar-13,2758.85,0,68.88,898,0,,0
28-Mar-13,2770.05,0,69.56,899,0,,0
1-Apr-13,2757.83,0,68.82,900,0,,0
2-Apr-13,2772.11,0,69.69,901,0,,0
3-Apr-13,2743.38,0,67.93,902,0,,0
4-Apr-13,2754.67,0,68.62,903,0,,0
5-Apr-13,2742.86,0,67.9,904,0,,0
8-Apr-13,2761.05,0,69.01,905,0,,0
9-Apr-13,2770.84,0,69.61,906,0,,0
10-Apr-13,2804.81,0,71.69,907,0,,0
11-Apr-13,2815.02,0,72.32,908,0,,0
12-Apr-13,2807.1,0,71.83,909,0,,0
15-Apr-13,2742.63,0,67.89,910,0,,0
16-Apr-13,2781.86,0,70.29,911,0,,0
17-Apr-13,2742.01,0,67.85,912,0,,0
18-Apr-13,2723.72,0,66.73,913,0,,0
19-Apr-13,2747.94,0,68.21,914,0,,0
22-Apr-13,2760.8,0,69,915,0,,0
23-Apr-13,2789.56,0,70.76,916,0,,0
24-Apr-13,2789.93,0,70.78,917,0,,0
25-Apr-13,2801.28,0,71.48,918,0,,0
26-Apr-13,2796.24,0,71.17,919,0,,0
29-Apr-13,2816.39,0,72.4,920,0,,0
30-Apr-13,2823.42,0,72.83,921,0,,0
1-May-13,2797.28,0,71.23,922,0,,0
2-May-13,2823.82,0,72.86,923,0,,0
3-May-13,2853.88,0,74.7,924,0,,0
6-May-13,2859.34,0,75.03,925,0,,0
7-May-13,2874.46,0,75.96,926,0,,0
8-May-13,2887.61,0,76.76,927,0,,0
9-May-13,2878.3,0,76.19,928,0,,0
10-May-13,2890.77,0,76.95,929,0,,0
13-May-13,2891.17,0,76.98,930,0,,0
14-May-13,2921.12,0,78.81,931,0,,0
15-May-13,2936.98,0,79.78,932,0,,0
16-May-13,2922.4,0,78.89,933,0,,0
17-May-13,2952.56,0,80.74,934,0,,0
20-May-13,2950.53,0,80.61,935,0,,0
21-May-13,2955.69,0,80.93,936,0,,0
22-May-13,2931.58,0,79.45,937,0,,0
23-May-13,2923.43,0,78.95,938,0,,0
24-May-13,2921.88,0,78.86,939,0,,0
28-May-13,2940.45,0,79.99,940,0,,0
29-May-13,2920.18,0,78.75,941,0,,0
30-May-13,2931.39,0,79.44,942,0,,0
31-May-13,2889.46,0,76.87,943,0,,0
3-Jun-13,2906.91,0,77.94,944,0,,0
4-Jun-13,2891.02,0,76.97,945,0,,0
5-Jun-13,2851.89,0,74.57,946,0,,0
6-Jun-13,2876.5,0,76.08,947,0,,0
7-Jun-13,2913.46,0,78.34,948,0,,0
10-Jun-13,2912.63,0,78.29,949,0,,0
11-Jun-13,2883.07,0,76.48,950,0,,0
12-Jun-13,2859.62,0,75.05,951,0,,0
13-Jun-13,2902.32,0,77.66,952,0,,0
14-Jun-13,2885.24,0,76.62,953,0,,0
17-Jun-13,2907.12,0,77.95,954,0,,0
18-Jun-13,2929.81,0,79.34,955,0,,0
19-Jun-13,2889.25,0,76.86,956,0,,0
20-Jun-13,2817.44,0,72.46,957,0,,0
21-Jun-13,2824.97,0,72.93,958,0,,0
24-Jun-13,2790.66,0,70.83,959,0,,0
25-Jun-13,2817.44,0,72.46,960,0,,0
26-Jun-13,2845.04,0,74.15,961,0,,0
27-Jun-13,2862.92,0,75.25,962,0,,0
28-Jun-13,2850.66,0,74.5,963,0,,0
1-Jul-13,2866.41,0,75.46,964,0,,0
2-Jul-13,2865.48,0,75.41,965,0,,0
3-Jul-13,2867.85,0,75.55,966,0,,0
5-Jul-13,2897.12,0,77.34,967,0,,0
8-Jul-13,2913.2,0,78.33,968,0,,0
9-Jul-13,2934.31,0,79.62,969,0,,0
10-Jul-13,2934.97,0,79.66,970,0,,0
11-Jul-13,2975.06,0,82.11,971,0,,0
12-Jul-13,2984.24,0,82.68,972,0,,0
15-Jul-13,2988.35,0,82.93,973,0,,0
16-Jul-13,2977.26,0,82.25,974,0,,0
17-Jul-13,2985.85,0,82.77,975,0,,0
18-Jul-13,3001.21,0,83.71,976,0,,0
19-Jul-13,3006.13,0,84.02,977,0,,0
22-Jul-13,3012.3,0,84.39,978,0,,0
23-Jul-13,3006.72,0,84.05,979,0,,0
24-Jul-13,2995.3,0,83.35,980,0,,0
25-Jul-13,3003.01,0,83.82,981,0,,0
26-Jul-13,3005.51,0,83.98,982,0,,0
29-Jul-13,2994.45,0,83.3,983,0,,0
30-Jul-13,2995.68,0,83.38,984,0,,0
31-Jul-13,2995.72,0,83.38,985,0,,0
1-Aug-13,3033.59,0,85.7,986,0,,0
2-Aug-13,3038.63,0,86,987,0,,0
5-Aug-13,3034.43,0,85.75,988,0,,0
6-Aug-13,3017.16,0,84.69,989,0,,0
7-Aug-13,3006.63,0,84.05,990,0,,0
8-Aug-13,3019,0,84.8,991,0,,0
9-Aug-13,3008.79,0,84.18,992,0,,0
12-Aug-13,3005.42,0,83.97,993,0,,0
13-Aug-13,3014.43,0,84.52,994,0,,0
14-Aug-13,2999.42,0,83.6,995,0,,0
15-Aug-13,2957.08,0,81.01,996,0,,0
16-Aug-13,2947.46,0,80.42,997,0,,0
19-Aug-13,2930.27,0,79.37,998,0,,0
20-Aug-13,2941.58,0,80.06,999,0,,0
21-Aug-13,2924.73,0,79.03,1000,0,,0
22-Aug-13,2949.96,0,80.58,1001,0,,0
23-Aug-13,2962.06,0,81.32,1002,0,,0
26-Aug-13,2950.13,0,80.59,1003,0,,0
27-Aug-13,2903.29,0,77.72,1004,0,,0
28-Aug-13,2911.83,0,78.24,1005,0,,0
29-Aug-13,2917.96,0,78.62,1006,0,,0
30-Aug-13,2908.96,0,78.07,1007,0,,0
3-Sep-13,2921.23,0,78.82,1008,0,,0
4-Sep-13,2945.62,0,80.31,1009,0,,0
5-Sep-13,2949.27,0,80.53,1010,0,,0
6-Sep-13,2949.8,0,80.57,1011,0,,0
9-Sep-13,2979.45,0,82.38,1012,0,,0
10-Sep-13,3001.36,0,83.72,1013,0,,0
11-Sep-13,3010.94,0,84.31,1014,0,,0
12-Sep-13,3001.62,0,83.74,1015,0,,0
13-Sep-13,3009.79,0,84.24,1016,0,,0
16-Sep-13,3026.94,0,85.29,1017,0,,0
17-Sep-13,3039.75,0,86.07,1018,0,,0
18-Sep-13,3076.81,0,88.34,1019,0,,0
19-Sep-13,3071.61,0,88.02,1020,0,,0
20-Sep-13,3049.47,0,86.67,1021,0,,0
23-Sep-13,3035.09,0,85.79,1022,0,,0
24-Sep-13,3027.52,0,85.32,1023,0,,0
25-Sep-13,3019.31,0,84.82,1024,0,,0
26-Sep-13,3030.41,0,85.5,1025,0,,0
27-Sep-13,3018.24,0,84.76,1026,0,,0
30-Sep-13,3000.18,0,83.65,1027,0,,0
1-Oct-13,3024.38,0,85.13,1028,0,,0
2-Oct-13,3022.95,0,85.04,1029,0,,0
3-Oct-13,2995.81,0,83.38,1030,0,,0
4-Oct-13,3017.05,0,84.68,1031,0,,0
7-Oct-13,2991.39,0,83.11,1032,0,,0
8-Oct-13,2955.41,0,80.91,1033,0,,0
9-Oct-13,2957.4,0,81.03,1034,0,,0
10-Oct-13,3022.43,0,85.01,1035,0,,0
11-Oct-13,3041.43,0,86.18,1036,0,,0
14-Oct-13,3053.84,0,86.94,1037,0,,0
15-Oct-13,3032.27,0,85.62,1038,0,,0
16-Oct-13,3074.54,0,88.2,1039,0,,0
17-Oct-13,3095.42,0,89.48,1040,0,,0
18-Oct-13,3115.77,0,90.73,1041,0,,0
21-Oct-13,3116.09,0,90.75,1042,0,,0
22-Oct-13,3133.98,0,91.84,1043,0,,0
23-Oct-13,3119.2,0,90.94,1044,0,,0
24-Oct-13,3129.41,0,91.56,1045,0,,0
25-Oct-13,3143.16,0,92.4,1046,0,,0
28-Oct-13,3147.36,0,92.66,1047,0,,0
29-Oct-13,3165.11,0,93.75,1048,0,,0
30-Oct-13,3149.93,0,92.82,1049,0,,0
31-Oct-13,3138.09,0,92.09,1050,0,,0
1-Nov-13,3147.21,0,92.65,1051,0,,0
4-Nov-13,3158.47,0,93.34,1052,0,,0
5-Nov-13,3149.96,0,92.82,1053,0,,0
6-Nov-13,3165.13,0,93.75,1054,0,,0
7-Nov-13,3124.12,0,91.24,1055,0,,0
8-Nov-13,3166.11,0,93.81,1056,0,,0
11-Nov-13,3168.41,0,93.95,1057,0,,0
12-Nov-13,3161.1,0,93.5,1058,0,,0
13-Nov-13,3187.64,0,95.13,1059,0,,0
14-Nov-13,3203.65,0,96.11,1060,0,,0
15-Nov-13,3217.2,0,96.94,1061,0,,0
18-Nov-13,3205.46,0,96.22,1062,0,,0
19-Nov-13,3199.52,0,95.85,1063,0,,0
20-Nov-13,3188.04,0,95.15,1064,0,,0
21-Nov-13,3214.16,0,96.75,1065,0,,0
22-Nov-13,3230.54,0,97.75,1066,0,,0
25-Nov-13,3226.53,0,97.51,1067,0,,0
26-Nov-13,3227.36,0,97.56,1068,0,,0
27-Nov-13,3236.14,0,98.1,1069,0,,0
29-Nov-13,3233.72,0,97.95,1070,0,,0
2-Dec-13,3225.06,0,97.42,1071,0,,0
3-Dec-13,3214.95,0,96.8,1072,0,,0
4-Dec-13,3211.59,0,96.59,1073,0,,0
5-Dec-13,3197.76,0,95.75,1074,0,,0
6-Dec-13,3233.99,0,97.96,1075,0,,0
9-Dec-13,3239.99,0,98.33,1076,0,,0
10-Dec-13,3229.72,0,97.7,1077,0,,0
11-Dec-13,3193.52,0,95.49,1078,0,,0
12-Dec-13,3182.33,0,94.8,1079,0,,0
13-Dec-13,3182.07,0,94.79,1080,0,,0
16-Dec-13,3202.22,0,96.02,1081,0,,0
17-Dec-13,3192.33,0,95.41,1082,0,,0
18-Dec-13,3245.59,0,98.67,1083,0,,0
19-Dec-13,3244.15,0,98.59,1084,0,,0
20-Dec-13,3259.79,0,99.54,1085,0,,0
23-Dec-13,3277.62,0,100.63,1086,0,,0
24-Dec-13,3287.55,0,101.24,1087,0,,0
26-Dec-13,3303.15,0,102.2,1088,0,,0
27-Dec-13,3302.66,0,102.17,1089,0,,0
30-Dec-13,3302.3,0,102.14,1090,0,,0
31-Dec-13,3315.59,0,102.96,1091,0,,0
2-Jan-14,3286.69,0,101.19,1092,0,,0
3-Jan-14,3285.68,0,101.13,1093,0,,0
6-Jan-14,3277.48,0,100.63,1094,0,,0
7-Jan-14,3297.45,0,101.85,1095,0,,0
8-Jan-14,3297.74,0,101.87,1096,0,,0
9-Jan-14,3298.87,0,101.93,1097,0,,0
10-Jan-14,3306.49,0,102.4,1098,0,,0
13-Jan-14,3265.27,0,99.88,1099,0,,0
14-Jan-14,3300.61,0,102.04,1100,0,,0
15-Jan-14,3317.75,0,103.09,1101,0,,0
16-Jan-14,3313.36,1,102.82,1102,0,,0
17-Jan-14,3300.51,1,102.04,1103,0,,0
21-Jan-14,3309.74,1,102.6,1104,0,,0
22-Jan-14,3312.04,1,102.74,1105,0,,0
23-Jan-14,3282.64,1,100.94,1106,0,,0
24-Jan-14,3214.14,1,96.75,1107,0,,0
27-Jan-14,3198.57,1,95.8,1108,0,,0
28-Jan-14,3218.21,1,97,1109,0,,0
29-Jan-14,3185.7,1,95.01,1110,0,,0
30-Jan-14,3221.78,1,97.22,1111,0,,0
31-Jan-14,3200.95,1,95.94,1112,0,,0
3-Feb-14,3127.87,1,91.47,1113,0,,0
4-Feb-14,3151.94,1,92.94,1114,0,,0
5-Feb-14,3146.49,1,92.61,1115,0,,0
6-Feb-14,3187.25,1,95.1,1116,0,,0
7-Feb-14,3229.65,1,97.7,1117,0,,0
10-Feb-14,3234.79,1,98.01,1118,0,,0
11-Feb-14,3270.74,1,100.21,1119,0,,0
12-Feb-14,3271.47,1,100.26,1120,0,,0
13-Feb-14,3290.82,1,101.44,1121,0,,0
14-Feb-14,3306.92,1,102.43,1122,0,,0
18-Feb-14,3311.27,1,102.69,1123,0,,0
19-Feb-14,3289.83,1,101.38,1124,0,,0
20-Feb-14,3310.27,1,102.63,1125,0,,0
21-Feb-14,3304.36,1,102.27,1126,0,,0
24-Feb-14,3324.84,1,103.52,1127,0,,0
25-Feb-14,3320.43,0,103.25,1128,0,,0
26-Feb-14,3321.15,0,103.3,1129,0,,0
27-Feb-14,3338.05,0,104.33,1130,0,,0
28-Feb-14,3347.38,0,104.9,1131,0,,0
3-Mar-14,3322.85,0,103.4,1132,0,,0
4-Mar-14,3373.64,0,106.51,1133,0,,0
5-Mar-14,3374.1,0,106.54,1134,0,,0
6-Mar-14,3380.49,0,106.93,1135,0,,0
7-Mar-14,3382.57,0,107.06,1136,0,,0
10-Mar-14,3381.22,0,106.98,1137,0,,0
11-Mar-14,3364.17,0,105.93,1138,0,,0
12-Mar-14,3366.07,0,106.05,1139,0,,0
13-Mar-14,3327.11,0,103.66,1140,0,,0
14-Mar-14,3317.81,0,103.09,1141,0,,0
17-Mar-14,3349.71,0,105.05,1142,0,,0
18-Mar-14,3373.98,0,106.53,1143,0,,0
19-Mar-14,3353.29,0,105.27,1144,0,,0
20-Mar-14,3373.6,0,106.51,1145,0,,0
21-Mar-14,3363.72,0,105.9,1146,0,,0
24-Mar-14,3347.36,0,104.9,1147,0,,0
25-Mar-14,3362.44,0,105.83,1148,0,,0
26-Mar-14,3339,0,104.39,1149,0,,0
27-Mar-14,3333.23,0,104.04,1150,0,,0
28-Mar-14,3348.83,0,104.99,1151,0,,0
31-Mar-14,3375.51,0,106.63,1152,0,,0
1-Apr-14,3399.51,0,108.1,1153,0,,0
2-Apr-14,3409.8,0,108.73,1154,0,,0
3-Apr-14,3406,0,108.49,1155,0,,0
4-Apr-14,3363.41,0,105.89,1156,0,,0
7-Apr-14,3327.27,0,103.67,1157,0,,0
8-Apr-14,3340.84,0,104.5,1158,0,,0
9-Apr-14,3377.61,0,106.75,1159,0,,0
10-Apr-14,3307.08,0,102.44,1160,0,,0
11-Apr-14,3276.04,0,100.54,1161,0,,0
14-Apr-14,3302.98,0,102.19,1162,0,,0
15-Apr-14,3325.3,0,103.55,1163,0,,0
16-Apr-14,3360.27,0,105.69,1164,0,,0
17-Apr-14,3365,0,105.98,1165,0,,0
21-Apr-14,3377.75,0,106.76,1166,0,,0
22-Apr-14,3391.58,0,107.61,1167,0,,0
23-Apr-14,3384.5,0,107.18,1168,0,,0
24-Apr-14,3390.39,0,107.54,1169,0,,0
25-Apr-14,3362.95,0,105.86,1170,0,,0
28-Apr-14,3374.04,0,106.54,1171,0,,0
29-Apr-14,3390.16,0,107.52,1172,0,,0
30-Apr-14,3400.46,0,108.15,1173,0,,0
1-May-14,3400.2,0,108.14,1174,0,,0
2-May-14,3395.61,0,107.86,1175,0,,0
5-May-14,3402.23,0,108.26,1176,0,,0
6-May-14,3371.72,0,106.39,1177,0,,0
7-May-14,3392.1,0,107.64,1178,0,,0
8-May-14,3388.29,0,107.41,1179,0,,0
9-May-14,3394.05,0,107.76,1180,0,,0
12-May-14,3427.01,0,109.78,1181,0,,0
13-May-14,3429.3,0,109.92,1182,0,,0
14-May-14,3413.84,0,108.97,1183,0,,0
15-May-14,3382.52,0,107.06,1184,0,,0
16-May-14,3395.21,0,107.83,1185,0,,0
19-May-14,3408.52,0,108.65,1186,0,,0
20-May-14,3386.48,0,107.3,1187,0,,0
21-May-14,3414.45,0,109.01,1188,0,,0
22-May-14,3422.99,0,109.53,1189,0,,0
23-May-14,3437.58,0,110.43,1190,0,,0
27-May-14,3458.19,0,111.69,1191,0,,0
28-May-14,3454.88,0,111.48,1192,0,,0
29-May-14,3473.86,0,112.65,1193,0,,0
30-May-14,3480.29,0,113.04,1194,0,,0
2-Jun-14,3483.14,0,113.21,1195,0,,0
3-Jun-14,3482,0,113.14,1196,0,,0
4-Jun-14,3489.21,0,113.59,1197,0,,0
5-Jun-14,3512.21,0,114.99,1198,0,,0
6-Jun-14,3528.98,0,116.02,1199,0,,0
9-Jun-14,3532.47,0,116.23,1200,0,,0
10-Jun-14,3531.62,0,116.18,1201,0,,0
11-Jun-14,3519.52,0,115.44,1202,0,,0
12-Jun-14,3495.57,0,113.98,1203,0,,0
13-Jun-14,3506.58,0,114.65,1204,0,,0
16-Jun-14,3509.54,0,114.83,1205,0,,0
17-Jun-14,3517.23,0,115.3,1206,0,,0
18-Jun-14,3544.42,0,116.97,1207,0,,0
19-Jun-14,3549.44,0,117.27,1208,0,,0
20-Jun-14,3555.6,0,117.65,1209,0,,0
23-Jun-14,3555.14,0,117.62,1210,0,,0
24-Jun-14,3532.57,0,116.24,1211,0,,0
25-Jun-14,3549.96,0,117.31,1212,0,,0
26-Jun-14,3546.38,0,117.09,1213,0,,0
27-Jun-14,3553.35,0,117.51,1214,0,,0
30-Jun-14,3552.18,0,117.44,1215,0,,0
1-Jul-14,3576.55,0,118.93,1216,0,,0
2-Jul-14,3579.11,0,119.09,1217,0,,0
3-Jul-14,3598.73,0,120.29,1218,0,,0
7-Jul-14,3584.75,0,119.43,1219,0,,0
8-Jul-14,3560.53,0,117.95,1220,0,,0
9-Jul-14,3577.28,0,118.98,1221,0,,0
10-Jul-14,3562.49,0,118.07,1222,0,,0
11-Jul-14,3568.08,0,118.41,1223,0,,0
14-Jul-14,3585.37,0,119.47,1224,0,,0
15-Jul-14,3578.46,0,119.05,1225,0,,0
16-Jul-14,3593.91,0,120,1226,0,,0
17-Jul-14,3551.73,0,117.41,1227,0,,0
18-Jul-14,3588.21,0,119.65,1228,0,,0
21-Jul-14,3579.99,0,119.14,1229,0,,0
22-Jul-14,3597.95,0,120.24,1230,0,,0
23-Jul-14,3604.3,0,120.63,1231,0,,0
24-Jul-14,3606.1,0,120.74,1232,0,,0
25-Jul-14,3588.68,0,119.68,1233,0,,0
28-Jul-14,3589.73,0,119.74,1234,0,,0
29-Jul-14,3573.65,0,118.76,1235,0,,0
30-Jul-14,3574.45,0,118.8,1236,0,,0
31-Jul-14,3503.19,0,114.44,1237,0,,0
1-Aug-14,3493.18,0,113.83,1238,0,,0
4-Aug-14,3518.31,0,115.37,1239,0,,0
5-Aug-14,3484.56,0,113.3,1240,0,,0
6-Aug-14,3485.67,0,113.37,1241,0,,0
7-Aug-14,3467.14,0,112.24,1242,0,,0
8-Aug-14,3507.21,0,114.69,1243,0,,0
11-Aug-14,3517.53,0,115.32,1244,0,,0
12-Aug-14,3511.96,0,114.98,1245,0,,0
13-Aug-14,3536.42,0,116.48,1246,0,,0
14-Aug-14,3551.97,0,117.43,1247,0,,0
15-Aug-14,3552.17,0,117.44,1248,0,,0
18-Aug-14,3582.7,0,119.31,1249,0,,0
19-Aug-14,3601.33,0,120.45,1250,0,,0
20-Aug-14,3610.49,0,121.01,1251,0,,0
21-Aug-14,3621.23,0,121.67,1252,0,,0
22-Aug-14,3614.5,0,121.26,1253,0,,0
25-Aug-14,3631.86,0,122.32,1254,0,,0
26-Aug-14,3635.71,0,122.55,1255,0,,0
27-Aug-14,3636.64,0,122.61,1256,0,,0
28-Aug-14,3630.98,0,122.26,1257,0,,0
29-Aug-14,3643.33,0,123.02,1258,0,,0
2-Sep-14,3641.52,0,122.91,1259,0,,0
3-Sep-14,3639.35,0,122.78,1260,0,,0
4-Sep-14,3633.87,0,122.44,1261,0,,0
5-Sep-14,3652.26,0,123.57,1262,0,,0
8-Sep-14,3641.66,0,122.92,1263,0,,0
9-Sep-14,3617.89,0,121.46,1264,0,,0
10-Sep-14,3631.45,0,122.29,1265,0,,0
11-Sep-14,3635.66,0,122.55,1266,0,,0
12-Sep-14,3614.06,0,121.23,1267,0,,0
15-Sep-14,3611.52,0,121.07,1268,0,,0
16-Sep-14,3638.6,0,122.73,1269,0,,0
17-Sep-14,3643.4,0,123.02,1270,0,,0
18-Sep-14,3661.73,0,124.15,1271,0,,0
19-Sep-14,3660.03,1,124.04,1272,0,,0
22-Sep-14,3630.7,1,122.25,1273,0,,0
23-Sep-14,3610.1,1,120.99,1274,0,,0
24-Sep-14,3638.44,1,122.72,1275,0,,0
25-Sep-14,3579.61,1,119.12,1276,0,,0
26-Sep-14,3610.98,1,121.04,1277,0,,0
29-Sep-14,3602.09,1,120.5,1278,0,,0
30-Sep-14,3592.25,1,119.89,1279,0,,0
1-Oct-14,3544.98,1,117,1280,0,,0
2-Oct-14,3545.3,1,117.02,1281,0,,0
3-Oct-14,3584.94,1,119.45,1282,0,,0
6-Oct-14,3579.42,1,119.11,1283,0,,0
7-Oct-14,3525.29,1,115.79,1284,0,,0
8-Oct-14,3588.07,1,119.64,1285,0,,0
9-Oct-14,3514.12,1,115.11,1286,0,,0
10-Oct-14,3474.23,1,112.67,1287,0,,0
13-Oct-14,3417.01,1,109.17,1288,0,,0
14-Oct-14,3422.43,1,109.5,1289,0,,0
15-Oct-14,3395.03,1,107.82,1290,0,,0
16-Oct-14,3395.64,1,107.86,1291,0,,0
17-Oct-14,3439.39,1,110.54,1292,0,,0
20-Oct-14,3470.89,1,112.46,1293,0,,0
21-Oct-14,3538.9,1,116.63,1294,0,,0
22-Oct-14,3513.47,1,115.07,1295,0,,0
23-Oct-14,3556.7,1,117.72,1296,0,,0
24-Oct-14,3581.82,1,119.26,1297,0,,0
27-Oct-14,3576.47,1,118.93,1298,0,,0
28-Oct-14,3619.16,1,121.54,1299,0,,0
29-Oct-14,3614.53,1,121.26,1300,0,,0
30-Oct-14,3637.3,1,122.65,1301,0,,0
31-Oct-14,3679.99,1,125.26,1302,0,,0
3-Nov-14,3679.58,0,125.24,1303,0,,0
4-Nov-14,3669.18,0,124.6,1304,0,,0
5-Nov-14,3691.38,0,125.96,1305,0,,0
6-Nov-14,3706.45,0,126.88,1306,0,,0
7-Nov-14,3708.46,0,127.01,1307,0,,0
10-Nov-14,3720.25,0,127.73,1308,0,,0
11-Nov-14,3722.84,0,127.89,1309,0,,0
12-Nov-14,3721.3,0,127.79,1310,0,,0
13-Nov-14,3723.58,0,127.93,1311,0,,0
14-Nov-14,3724.92,0,128.01,1312,0,,0
17-Nov-14,3727.86,0,128.19,1313,0,,0
18-Nov-14,3747.74,0,129.41,1314,0,,0
19-Nov-14,3742.35,0,129.08,1315,0,,0
20-Nov-14,3749.87,0,129.54,1316,0,,0
21-Nov-14,3770.03,0,130.78,1317,0,,0
24-Nov-14,3780.88,0,131.44,1318,0,,0
25-Nov-14,3776.94,0,131.2,1319,0,,0
26-Nov-14,3788.42,0,131.9,1320,0,,0
28-Nov-14,3778.96,0,131.32,1321,0,,0
1-Dec-14,3753.31,0,129.75,1322,0,,0
2-Dec-14,3777.47,0,131.23,1323,0,,0
3-Dec-14,3792.68,0,132.16,1324,0,,0
4-Dec-14,3788.34,0,131.9,1325,0,,0
5-Dec-14,3794.68,0,132.29,1326,0,,0
8-Dec-14,3767.7,0,130.63,1327,0,,0
9-Dec-14,3758.87,0,130.09,1328,0,,0
10-Dec-14,3705.51,0,126.83,1329,0,,0
11-Dec-14,3723.32,0,127.92,1330,0,,0
12-Dec-14,3663.1,0,124.23,1331,0,,0
15-Dec-14,3639.97,0,122.81,1332,0,,0
16-Dec-14,3609.06,0,120.92,1333,0,,0
17-Dec-14,3682.7,0,125.43,1334,0,,0
18-Dec-14,3771.72,0,130.88,1335,0,,0
19-Dec-14,3788.97,0,131.94,1336,0,,0
22-Dec-14,3803.94,0,132.85,1337,0,,0
23-Dec-14,3810.78,0,133.27,1338,0,,0
24-Dec-14,3810.39,0,133.25,1339,0,,0
26-Dec-14,3823,0,134.02,1340,0,,0
29-Dec-14,3826.95,0,134.26,1341,0,,0
30-Dec-14,3808.69,0,133.14,1342,0,,0
31-Dec-14,3769.44,0,130.74,1343,0,,0
2-Jan-15,3768.68,0,130.69,1344,0,,0
5-Jan-15,3700.03,0,126.49,1345,0,,0
6-Jan-15,3667.14,0,124.48,1346,0,,0
7-Jan-15,3710.94,0,127.16,1347,0,,0
8-Jan-15,3777.4,0,131.23,1348,0,,0
9-Jan-15,3745.67,0,129.29,1349,0,,0
12-Jan-15,3715.36,0,127.43,1350,0,,0
13-Jan-15,3706.15,0,126.87,1351,0,,0
14-Jan-15,3684.72,0,125.55,1352,0,,0
15-Jan-15,3650.74,0,123.47,1353,0,,0
16-Jan-15,3699.79,0,126.48,1354,0,,0
20-Jan-15,3705.64,0,126.83,1355,0,,0
21-Jan-15,3723.62,0,127.94,1356,0,,0
22-Jan-15,3780.51,0,131.42,1357,0,,0
23-Jan-15,3759.76,0,130.15,1358,0,,0
26-Jan-15,3769.45,0,130.74,1359,0,,0
27-Jan-15,3718.99,0,127.65,1360,0,,0
28-Jan-15,3669.1,0,124.6,1361,0,,0
29-Jan-15,3704.35,0,126.76,1362,0,,0
30-Jan-15,3656.28,0,123.81,1363,0,,0
2-Feb-15,3703.77,0,126.72,1364,0,,0
3-Feb-15,3757.34,0,130,1365,0,,0
4-Feb-15,3742.84,0,129.11,1366,0,,0
5-Feb-15,3782.11,0,131.52,1367,0,,0
6-Feb-15,3770.2,0,130.79,1368,0,,0
9-Feb-15,3754.36,0,129.82,1369,0,,0
10-Feb-15,3794.62,0,132.28,1370,0,,0
11-Feb-15,3795.82,0,132.35,1371,0,,0
12-Feb-15,3833.35,0,134.65,1372,0,,0
13-Feb-15,3849.29,0,135.63,1373,0,,0
17-Feb-15,3856.04,0,136.04,1374,0,,0
18-Feb-15,3855,0,135.98,1375,0,,0
19-Feb-15,3851.53,0,135.77,1376,0,,0
20-Feb-15,3875.6,0,137.24,1377,0,,0
23-Feb-15,3874.46,0,137.17,1378,0,,0
24-Feb-15,3885.27,0,137.83,1379,0,,0
25-Feb-15,3882.95,0,137.69,1380,0,,0
26-Feb-15,3877.85,0,137.38,1381,0,,0
27-Feb-15,3866.42,0,136.68,1382,0,,0
2-Mar-15,3890.32,0,138.14,1383,0,,0
3-Mar-15,3872.71,0,137.06,1384,0,,0
4-Mar-15,3856.51,0,136.07,1385,0,,0
5-Mar-15,3861.29,0,136.36,1386,0,,0
6-Mar-15,3807.04,0,133.04,1387,0,,0
9-Mar-15,3822.42,0,133.98,1388,0,,0
10-Mar-15,3757.83,0,130.03,1389,0,,0
11-Mar-15,3751.2,0,129.62,1390,0,,0
12-Mar-15,3799.43,0,132.58,1391,0,,0
13-Mar-15,3776.44,0,131.17,1392,0,,0
16-Mar-15,3827.62,0,134.3,1393,0,,0
17-Mar-15,3814.91,0,133.52,1394,0,,0
18-Mar-15,3861.39,0,136.37,1395,0,,0
19-Mar-15,3842.62,0,135.22,1396,0,,0
20-Mar-15,3877.26,0,137.34,1397,0,,0
23-Mar-15,3870.49,0,136.93,1398,0,,0
24-Mar-15,3847.05,0,135.49,1399,0,,0
25-Mar-15,3791.13,0,132.07,1400,0,,0
26-Mar-15,3782.21,0,131.52,1401,0,,0
27-Mar-15,3791.9,0,132.11,1402,0,,0
30-Mar-15,3838.65,0,134.98,1403,0,,0
31-Mar-15,3805.27,0,132.93,1404,0,,0
1-Apr-15,3790.66,0,132.04,1405,0,,0
2-Apr-15,3804.14,0,132.86,1406,0,,0
6-Apr-15,3829.31,0,134.4,1407,0,,0
7-Apr-15,3821.49,0,133.93,1408,0,,0
8-Apr-15,3833.2,0,134.64,1409,0,,0
9-Apr-15,3850.29,0,135.69,1410,0,,0
10-Apr-15,3870.31,0,136.91,1411,0,,0
13-Apr-15,3852.93,0,135.85,1412,0,,0
14-Apr-15,3859.22,0,136.24,1413,0,,0
15-Apr-15,3879.1,0,137.45,1414,0,,0
16-Apr-15,3876.17,0,137.27,1415,0,,0
17-Apr-15,3832.33,0,134.59,1416,0,,0
20-Apr-15,3867.82,0,136.76,1417,0,,0
21-Apr-15,3862.15,0,136.42,1418,0,,0
22-Apr-15,3881.93,0,137.63,1419,0,,0
23-Apr-15,3891.46,0,138.21,1420,0,,0
24-Apr-15,3900.24,0,138.75,1421,0,,0
27-Apr-15,3884.1,0,137.76,1422,0,,0
28-Apr-15,3895.21,0,138.44,1423,0,,0
29-Apr-15,3880.9,0,137.56,1424,0,,0
30-Apr-15,3841.78,0,135.17,1425,0,,0
1-May-15,3883.75,0,137.74,1426,0,,0
4-May-15,3895.16,0,138.44,1427,0,,0
5-May-15,3849.41,0,135.64,1428,0,,0
6-May-15,3833.7,0,134.67,1429,0,,0
7-May-15,3849.13,0,135.62,1430,0,,0
8-May-15,3901.01,0,138.79,1431,0,,0
11-May-15,3881.93,0,137.63,1432,0,,0
12-May-15,3870.69,0,136.94,1433,0,,0
13-May-15,3870.36,0,136.92,1434,0,,0
14-May-15,3912.52,0,139.5,1435,0,,0
15-May-15,3915.99,0,139.71,1436,0,,0
18-May-15,3928.15,0,140.46,1437,0,,0
19-May-15,3926.41,0,140.35,1438,0,,0
20-May-15,3923.18,0,140.15,1439,0,,0
21-May-15,3932.9,0,140.75,1440,0,,0
22-May-15,3924.16,0,140.21,1441,0,,0
26-May-15,3883.88,0,137.75,1442,0,,0
27-May-15,3920.11,0,139.96,1443,0,,0
28-May-15,3915.82,0,139.7,1444,0,,0
29-May-15,3891.18,0,138.19,1445,0,,0
1-Jun-15,3899.59,0,138.71,1446,0,,0
2-Jun-15,3895.85,0,138.48,1447,0,,0
3-Jun-15,3904.83,0,139.03,1448,0,,0
4-Jun-15,3871.23,0,136.97,1449,0,,0
5-Jun-15,3865.83,0,136.64,1450,0,,0
8-Jun-15,3841.45,0,135.15,1451,0,,0
9-Jun-15,3843.16,0,135.25,1452,0,,0
10-Jun-15,3889.7,0,138.1,1453,0,,0
11-Jun-15,3897.59,0,138.58,1454,0,,0
12-Jun-15,3870.56,0,136.93,1455,0,,0
15-Jun-15,3852.75,0,135.84,1456,0,,0
16-Jun-15,3874.73,0,137.19,1457,0,,0
17-Jun-15,3882.49,0,137.66,1458,0,,0
18-Jun-15,3921.43,0,140.04,1459,0,,0
19-Jun-15,3900.64,0,138.77,1460,0,,0
22-Jun-15,3924.41,0,140.23,1461,0,,0
23-Jun-15,3927.23,0,140.4,1462,0,,0
24-Jun-15,3898.47,0,138.64,1463,0,,0
25-Jun-15,3887.04,0,137.94,1464,0,,0
26-Jun-15,3886.21,0,137.89,1465,0,,0
29-Jun-15,3805.5,0,132.95,1466,0,,0
30-Jun-15,3815.85,0,133.58,1467,0,,0
1-Jul-15,3843.26,0,135.26,1468,0,,0
2-Jul-15,3842.06,0,135.19,1469,0,,0
6-Jul-15,3827.35,0,134.29,1470,0,,0
7-Jul-15,3850.66,0,135.71,1471,0,,0
8-Jul-15,3787.67,0,131.86,1472,0,,0
9-Jul-15,3796.26,0,132.38,1473,0,,0
10-Jul-15,3843.1,0,135.25,1474,0,,0
13-Jul-15,3885.97,0,137.87,1475,0,,0
14-Jul-15,3903.31,0,138.93,1476,0,,0
15-Jul-15,3900.5,0,138.76,1477,0,,0
16-Jul-15,3931.85,0,140.68,1478,0,,0
17-Jul-15,3936.22,0,140.95,1479,0,,0
20-Jul-15,3939.35,0,141.14,1480,0,,0
21-Jul-15,3922.7,1,140.12,1481,1,3922.7,3922.7
22-Jul-15,3913.75,1,139.57,1482,1,,3922.7
23-Jul-15,3891.79,1,138.23,1483,1,,3922.7
24-Jul-15,3850.15,1,135.68,1484,1,,3922.7
27-Jul-15,3827.93,1,134.32,1485,1,,3922.7
28-Jul-15,3875.37,1,137.22,1486,1,,3922.7
29-Jul-15,3904.21,1,138.99,1487,1,,3922.7
30-Jul-15,3904.64,1,139.02,1488,1,,3922.7
31-Jul-15,3895.8,1,138.48,1489,1,,3922.7
3-Aug-15,3885.07,1,137.82,1490,1,,3922.7
4-Aug-15,3876.44,1,137.29,1491,1,,3922.7
5-Aug-15,3889.99,1,138.12,1492,1,,3922.7
6-Aug-15,3860.92,1,136.34,1493,1,,3922.7
7-Aug-15,3849.96,1,135.67,1494,1,,3922.7
10-Aug-15,3899.36,1,138.69,1495,1,,3922.7
11-Aug-15,3862.81,1,136.46,1496,1,,3922.7
12-Aug-15,3867.37,1,136.73,1497,1,,3922.7
13-Aug-15,3863.03,1,136.47,1498,1,,3922.7
14-Aug-15,3878.16,1,137.4,1499,1,,3922.7
17-Aug-15,3899.1,1,138.68,1500,1,,3922.7
18-Aug-15,3889.6,1,138.1,1501,1,,3922.7
19-Aug-15,3857.74,1,136.15,1502,1,,3922.7
20-Aug-15,3776.36,1,131.16,1503,1,,3922.7
21-Aug-15,3656.67,1,123.84,1504,1,,3922.7
24-Aug-15,3512.65,1,115.02,1505,1,,3922.7
25-Aug-15,3465.19,1,112.12,1506,1,,3922.7
26-Aug-15,3600.73,1,120.41,1507,1,,3922.7
27-Aug-15,3688.6,1,125.79,1508,1,,3922.7
28-Aug-15,3691.3,1,125.96,1509,1,,3922.7
31-Aug-15,3660.75,1,124.09,1510,1,,3922.7
1-Sep-15,3552.65,1,117.47,1511,1,,3922.7
2-Sep-15,3618.25,1,121.49,1512,1,,3922.7
3-Sep-15,3622.66,1,121.76,1513,1,,3922.7
4-Sep-15,3567.41,1,118.37,1514,1,,3922.7
8-Sep-15,3657.32,1,123.88,1515,1,,3922.7
9-Sep-15,3606.8,1,120.78,1516,1,,3922.7
10-Sep-15,3626.14,1,121.97,1517,1,,3922.7
11-Sep-15,3643.54,1,123.03,1518,1,,3922.7
14-Sep-15,3628.87,1,122.14,1519,1,,3922.7
15-Sep-15,3675.48,1,124.99,1520,1,,3922.7
16-Sep-15,3707.62,1,126.96,1521,1,,3922.7
17-Sep-15,3698.74,1,126.41,1522,1,,3922.7
18-Sep-15,3638.99,1,122.75,1523,1,,3922.7
21-Sep-15,3655.64,1,123.77,1524,1,,3922.7
22-Sep-15,3610.7,1,121.02,1525,1,,3922.7
23-Sep-15,3603.49,1,120.58,1526,1,,3922.7
24-Sep-15,3591.37,1,119.84,1527,1,,3922.7
25-Sep-15,3589.71,1,119.74,1528,1,,3922.7
28-Sep-15,3498.61,1,114.16,1529,1,,3922.7
29-Sep-15,3503.13,1,114.44,1530,1,,3922.7
30-Sep-15,3570.17,1,118.54,1531,1,,3922.7
1-Oct-15,3577.47,1,118.99,1532,1,,3922.7
2-Oct-15,3629.04,1,122.15,1533,1,,3922.7
5-Oct-15,3695.61,1,126.22,1534,1,,3922.7
6-Oct-15,3682.33,1,125.41,1535,1,,3922.7
7-Oct-15,3713.36,1,127.31,1536,1,,3922.7
8-Oct-15,3746.12,1,129.31,1537,1,,3922.7
9-Oct-15,3748.96,1,129.49,1538,1,,3922.7
12-Oct-15,3753.73,1,129.78,1539,1,,3922.7
13-Oct-15,3728.48,1,128.23,1540,1,,3922.7
14-Oct-15,3711.11,1,127.17,1541,1,,3922.7
15-Oct-15,3766.43,1,130.56,1542,1,,3922.7
16-Oct-15,3783.64,1,131.61,1543,1,,3922.7
19-Oct-15,3784.72,1,131.68,1544,1,,3922.7
20-Oct-15,3779.44,1,131.35,1545,1,,3922.7
21-Oct-15,3757.91,1,130.03,1546,1,,3922.7
22-Oct-15,3820.49,1,133.87,1547,1,,3922.7
23-Oct-15,3862.65,1,136.45,1548,1,,3922.7
26-Oct-15,3855.29,1,136,1549,1,,3922.7
27-Oct-15,3845.45,1,135.39,1550,1,,3922.7
28-Oct-15,3891.34,1,138.2,1551,1,,3922.7
29-Oct-15,3890.04,1,138.12,1552,1,,3922.7
30-Oct-15,3871.33,1,136.98,1553,1,,3922.7
2-Nov-15,3917.3,1,139.79,1554,0,,0
3-Nov-15,3928.05,1,140.45,1555,0,,0
4-Nov-15,3915.52,1,139.68,1556,0,,0
5-Nov-15,3911.89,1,139.46,1557,0,,0
6-Nov-15,3910.98,1,139.4,1558,0,,0
9-Nov-15,3873.37,1,137.1,1559,0,,0
10-Nov-15,3880.23,1,137.52,1560,0,,0
11-Nov-15,3867.71,1,136.76,1561,0,,0
12-Nov-15,3814.29,1,133.49,1562,0,,0
13-Nov-15,3771.59,1,130.87,1563,0,,0
16-Nov-15,3828.46,1,134.35,1564,0,,0
17-Nov-15,3824.14,1,134.09,1565,0,,0
18-Nov-15,3886.26,1,137.89,1566,0,,0
19-Nov-15,3882.06,1,137.63,1567,0,,0
20-Nov-15,3897.45,1,138.58,1568,0,,0
23-Nov-15,3892.8,1,138.29,1569,0,,0
24-Nov-15,3897.67,1,138.59,1570,0,,0
25-Nov-15,3897.57,1,138.58,1571,0,,0
27-Nov-15,3900.74,1,138.78,1572,0,,0
30-Nov-15,3882.84,1,137.68,1573,0,,0
1-Dec-15,3924.63,1,140.24,1574,0,,0
2-Dec-15,3882.38,1,137.65,1575,0,,0
3-Dec-15,3826.74,1,134.25,1576,0,,0
4-Dec-15,3905.31,1,139.06,1577,0,,0
7-Dec-15,3878.31,1,137.4,1578,0,,0
8-Dec-15,3853.48,1,135.88,1579,0,,0
9-Dec-15,3823.9,1,134.07,1580,0,,0
10-Dec-15,3832.93,1,134.63,1581,0,,0
11-Dec-15,3759.09,1,130.11,1582,0,,0
14-Dec-15,3777.22,1,131.22,1583,0,,0
15-Dec-15,3817.36,1,133.67,1584,0,,0
16-Dec-15,3873.12,1,137.09,1585,0,,0
17-Dec-15,3815.46,1,133.56,1586,0,,0
18-Dec-15,3747.56,1,129.4,1587,0,,0
21-Dec-15,3777.15,1,131.21,1588,0,,0
22-Dec-15,3810.85,1,133.27,1589,0,,0
23-Dec-15,3858.47,1,136.19,1590,0,,0
24-Dec-15,3852.31,1,135.81,1591,0,,0
28-Dec-15,3843.94,1,135.3,1592,0,,0
29-Dec-15,3885.55,1,137.85,1593,0,,0
30-Dec-15,3857.9,1,136.16,1594,0,,0
31-Dec-15,3821.6,1,133.93,1595,1,3941.86,3941.86
4-Jan-16,3763.99,1,130.41,1596,1,,3941.86
5-Jan-16,3771.57,1,130.87,1597,1,,3941.86
6-Jan-16,3723.44,1,127.92,1598,1,,3941.86
7-Jan-16,3635.29,1,122.53,1599,1,,3941.86
8-Jan-16,3595.91,1,120.12,1600,1,,3941.86
11-Jan-16,3598.97,1,120.31,1601,1,,3941.86
12-Jan-16,3627.06,1,122.02,1602,1,,3941.86
13-Jan-16,3536.92,1,116.51,1603,1,,3941.86
14-Jan-16,3596.03,1,120.13,1604,1,,3941.86
15-Jan-16,3518.51,1,115.38,1605,1,,3941.86
19-Jan-16,3520.4,1,115.5,1606,1,,3941.86
20-Jan-16,3479.75,1,113.01,1607,1,,3941.86
21-Jan-16,3497.94,1,114.12,1608,1,,3941.86
22-Jan-16,3568.9,1,118.46,1609,1,,3941.86
25-Jan-16,3513.11,1,115.05,1610,1,,3941.86
26-Jan-16,3562.81,1,118.09,1611,1,,3941.86
27-Jan-16,3524.33,1,115.74,1612,1,,3941.86
28-Jan-16,3544.13,1,116.95,1613,1,,3941.86
29-Jan-16,3631.96,1,122.32,1614,1,,3941.86
1-Feb-16,3630.46,1,122.23,1615,1,,3941.86
2-Feb-16,3562.52,1,118.07,1616,1,,3941.86
3-Feb-16,3581.53,1,119.24,1617,1,,3941.86
4-Feb-16,3587.71,1,119.62,1618,1,,3941.86
5-Feb-16,3521.6,1,115.57,1619,1,,3941.86
8-Feb-16,3472.08,1,112.54,1620,1,,3941.86
9-Feb-16,3470.5,1,112.44,1621,1,,3941.86
10-Feb-16,3471.04,1,112.47,1622,1,,3941.86
11-Feb-16,3428.99,1,109.9,1623,1,,3941.86
12-Feb-16,3496.28,1,114.02,1624,1,,3941.86
16-Feb-16,3555.2,1,117.63,1625,1,,3941.86
17-Feb-16,3614.16,1,121.23,1626,1,,3941.86
18-Feb-16,3597.49,1,120.21,1627,1,,3941.86
19-Feb-16,3597.92,1,120.24,1628,1,,3941.86
22-Feb-16,3649.92,1,123.42,1629,1,,3941.86
23-Feb-16,3604.68,1,120.65,1630,1,,3941.86
24-Feb-16,3620.87,1,121.65,1631,1,,3941.86
25-Feb-16,3662.84,1,124.21,1632,1,,3941.86
26-Feb-16,3656.42,1,123.82,1633,1,,3941.86
29-Feb-16,3627.06,1,122.02,1634,1,,3941.86
1-Mar-16,3713.7,1,127.33,1635,1,,3941.86
2-Mar-16,3729.59,1,128.3,1636,1,,3941.86
3-Mar-16,3743.02,1,129.12,1637,1,,3941.86
4-Mar-16,3755.47,1,129.88,1638,1,,3941.86
7-Mar-16,3759.05,1,130.1,1639,1,,3941.86
8-Mar-16,3717.49,1,127.56,1640,1,,3941.86
9-Mar-16,3736.92,1,128.75,1641,1,,3941.86
10-Mar-16,3737.74,1,128.8,1642,1,,3941.86
11-Mar-16,3800.07,1,132.62,1643,1,,3941.86
14-Mar-16,3795.53,1,132.34,1644,1,,3941.86
15-Mar-16,3788.62,1,131.91,1645,1,,3941.86
16-Mar-16,3810.09,1,133.23,1646,1,,3941.86
17-Mar-16,3835.26,1,134.77,1647,1,,3941.86
18-Mar-16,3852.15,1,135.8,1648,1,,3941.86
21-Mar-16,3855.97,1,136.04,1649,1,,3941.86
22-Mar-16,3853.18,1,135.87,1650,1,,3941.86
23-Mar-16,3828.58,1,134.36,1651,1,,3941.86
24-Mar-16,3827.14,1,134.27,1652,1,,3941.86
28-Mar-16,3829.26,1,134.4,1653,1,,3941.86
29-Mar-16,3863.8,1,136.52,1654,1,,3941.86
30-Mar-16,3881.01,1,137.57,1655,1,,3941.86
31-Mar-16,3873.11,1,137.09,1656,1,,3941.86
1-Apr-16,3897.66,1,138.59,1657,1,,3941.86
4-Apr-16,3886,1,137.88,1658,1,,3941.86
5-Apr-16,3846.59,1,135.46,1659,1,,3941.86
6-Apr-16,3888.41,1,138.02,1660,1,,3941.86
7-Apr-16,3841.98,1,135.18,1661,1,,3941.86
8-Apr-16,3852.72,1,135.84,1662,1,,3941.86
11-Apr-16,3842.17,1,135.19,1663,1,,3941.86
12-Apr-16,3879.42,1,137.47,1664,1,,3941.86
13-Apr-16,3918.95,1,139.89,1665,1,,3941.86
14-Apr-16,3920.03,1,139.96,1666,1,,3941.86
15-Apr-16,3916.17,1,139.72,1667,1,,3941.86
18-Apr-16,3941.86,1,141.29,1668,1,,3941.86
19-Apr-16,3954.01,0,142.04,1669,0,,0
20-Apr-16,3957.25,0,142.24,1670,0,,0
21-Apr-16,3936.8,0,140.98,1671,0,,0
22-Apr-16,3937,0,141,1672,0,,0
25-Apr-16,3929.88,0,140.56,1673,0,,0
26-Apr-16,3937.23,0,141.01,1674,0,,0
27-Apr-16,3944.02,0,141.43,1675,0,,0
28-Apr-16,3907.88,0,139.21,1676,0,,0
29-Apr-16,3888.13,0,138.01,1677,0,,0
2-May-16,3918.53,0,139.87,1678,0,,0
3-May-16,3884.63,0,137.79,1679,0,,0
4-May-16,3862.4,0,136.43,1680,0,,0
5-May-16,3862.4,0,136.43,1681,0,,0
6-May-16,3875.18,0,137.21,1682,0,,0
9-May-16,3878.14,0,137.39,1683,0,,0
10-May-16,3926.63,0,140.36,1684,0,,0
11-May-16,3891.13,0,138.19,1685,0,,0
12-May-16,3890.85,0,138.17,1686,0,,0
13-May-16,3858.17,0,136.17,1687,0,,0
16-May-16,3896.36,0,138.51,1688,0,,0
17-May-16,3860.88,0,136.34,1689,0,,0
18-May-16,3862.25,0,136.42,1690,0,,0
19-May-16,3847.97,0,135.55,1691,0,,0
20-May-16,3871.75,0,137,1692,0,,0
23-May-16,3863.82,0,136.52,1693,0,,0
24-May-16,3916.77,0,139.76,1694,0,,0
25-May-16,3944.33,0,141.45,1695,0,,0
26-May-16,3944.05,0,141.43,1696,0,,0
27-May-16,3961.67,0,142.51,1697,0,,0
31-May-16,3957.95,0,142.28,1698,0,,0
1-Jun-16,3963.1,0,142.59,1699,0,,0
2-Jun-16,3974.76,0,143.31,1700,0,,0
3-Jun-16,3963.23,0,142.6,1701,0,,0
6-Jun-16,3982.74,0,143.8,1702,0,,0
7-Jun-16,3987.96,0,144.12,1703,0,,0
8-Jun-16,4001.98,0,144.97,1704,0,,0
9-Jun-16,3995.28,0,144.56,1705,0,,0
10-Jun-16,3958.68,0,142.32,1706,0,,0
13-Jun-16,3927.73,0,140.43,1707,0,,0
14-Jun-16,3920.93,0,140.01,1708,0,,0
15-Jun-16,3914.02,0,139.59,1709,0,,0
16-Jun-16,3926.93,0,140.38,1710,0,,0
17-Jun-16,3914.15,0,139.6,1711,0,,0
20-Jun-16,3936.91,0,140.99,1712,0,,0
21-Jun-16,3947.94,0,141.67,1713,0,,0
22-Jun-16,3941.45,0,141.27,1714,0,,0
23-Jun-16,3994.18,0,144.5,1715,0,,0
24-Jun-16,3850.7,0,135.71,1716,0,,0
27-Jun-16,3781.02,0,131.45,1717,0,,0
28-Jun-16,3849.05,0,135.61,1718,0,,0
29-Jun-16,3915.1,0,139.66,1719,0,,0
30-Jun-16,3968.21,0,142.91,1720,0,,0
1-Jul-16,3976.68,0,143.43,1721,0,,0
5-Jul-16,3949.72,0,141.78,1722,0,,0
6-Jul-16,3972.26,0,143.16,1723,0,,0
7-Jul-16,3969.19,0,142.97,1724,0,,0
8-Jul-16,4029.75,0,146.67,1725,0,,0
11-Jul-16,4043.49,0,147.52,1726,0,,0
12-Jul-16,4071.85,0,149.25,1727,0,,0
13-Jul-16,4072.77,0,149.31,1728,0,,0
14-Jul-16,4094.28,0,150.62,1729,0,,0
15-Jul-16,4090.49,0,150.39,1730,0,,0
18-Jul-16,4100.4,0,151,1731,0,,0
19-Jul-16,4094.61,0,150.64,1732,0,,0
20-Jul-16,4112.61,0,151.75,1733,0,,0
21-Jul-16,4097.82,0,150.84,1734,0,,0
22-Jul-16,4116.5,0,151.98,1735,0,,0
25-Jul-16,4104.13,0,151.23,1736,0,,0
26-Jul-16,4105.57,0,151.32,1737,0,,0
27-Jul-16,4100.81,0,151.02,1738,0,,0
28-Jul-16,4107.75,0,151.45,1739,0,,0
29-Jul-16,4114.51,0,151.86,1740,0,,0
1-Aug-16,4109.28,0,151.54,1741,0,,0
2-Aug-16,4083.25,0,149.95,1742,0,,0
3-Aug-16,4097.3,0,150.81,1743,0,,0
4-Aug-16,4099.21,0,150.93,1744,0,,0
5-Aug-16,4134.56,0,153.09,1745,0,,0
8-Aug-16,4131.19,0,152.88,1746,0,,0
9-Aug-16,4132.96,0,152.99,1747,0,,0
10-Aug-16,4122.65,0,152.36,1748,0,,0
11-Aug-16,4142.72,0,153.59,1749,0,,0
12-Aug-16,4139.63,0,153.4,1750,0,,0
15-Aug-16,4151.69,0,154.14,1751,0,,0
16-Aug-16,4129.68,0,152.79,1752,0,,0
17-Aug-16,4138.42,0,153.33,1753,0,,0
18-Aug-16,4147.64,0,153.89,1754,0,,0
19-Aug-16,4142.23,0,153.56,1755,0,,0
22-Aug-16,4139.97,0,153.42,1756,0,,0
23-Aug-16,4148.16,0,153.92,1757,0,,0
24-Aug-16,4126.65,0,152.61,1758,0,,0
25-Aug-16,4121.09,0,152.27,1759,0,,0
26-Aug-16,4114.68,0,151.87,1760,0,,0
29-Aug-16,4136.75,0,153.22,1761,0,,0
30-Aug-16,4129.34,0,152.77,1762,0,,0
31-Aug-16,4120.29,0,152.22,1763,0,,0
1-Sep-16,4120.17,0,152.21,1764,0,,0
2-Sep-16,4137.7,0,153.28,1765,0,,0
6-Sep-16,4150.11,0,154.04,1766,0,,0
7-Sep-16,4150.51,0,154.07,1767,0,,0
8-Sep-16,4141.46,0,153.51,1768,0,,0
9-Sep-16,4039.95,0,147.3,1769,0,,0
12-Sep-16,4099.47,0,150.94,1770,0,,0
13-Sep-16,4039.92,0,147.3,1771,0,,0
14-Sep-16,4037.83,0,147.17,1772,0,,0
15-Sep-16,4079.32,0,149.71,1773,0,,0
16-Sep-16,4063.97,0,148.77,1774,0,,0
19-Sep-16,4063.94,0,148.77,1775,0,,0
20-Sep-16,4065.2,0,148.84,1776,0,,0
21-Sep-16,4109.63,0,151.56,1777,0,,0
22-Sep-16,4136.41,0,153.2,1778,0,,0
23-Sep-16,4112.69,0,151.75,1779,0,,0
26-Sep-16,4077.71,0,149.61,1780,0,,0
27-Sep-16,4104.18,0,151.23,1781,0,,0
28-Sep-16,4126.83,0,152.62,1782,0,,0
29-Sep-16,4088.47,0,150.27,1783,0,,0
30-Sep-16,4121.06,0,152.26,1784,0,,0
3-Oct-16,4108.13,0,151.47,1785,0,,0
4-Oct-16,4088.17,0,150.25,1786,0,,0
5-Oct-16,4107.4,0,151.43,1787,0,,0
6-Oct-16,4109.49,0,151.56,1788,0,,0
7-Oct-16,4096.25,0,150.75,1789,0,,0
10-Oct-16,4115.12,0,151.9,1790,0,,0
11-Oct-16,4063.92,0,148.77,1791,0,,0
12-Oct-16,4068.92,0,149.07,1792,0,,0
13-Oct-16,4056.45,0,148.31,1793,0,,0
14-Oct-16,4057.28,0,148.36,1794,0,,0
17-Oct-16,4045.07,0,147.61,1795,0,,0
18-Oct-16,4069.99,0,149.14,1796,0,,0
19-Oct-16,4079.5,0,149.72,1797,0,,0
20-Oct-16,4074.18,0,149.39,1798,0,,0
21-Oct-16,4073.85,0,149.37,1799,0,,0
24-Oct-16,4093.22,0,150.56,1800,0,,0
25-Oct-16,4077.8,0,149.62,1801,0,,0
26-Oct-16,4070.76,0,149.18,1802,0,,0
27-Oct-16,4058.75,0,148.45,1803,0,,0
28-Oct-16,4046.36,0,147.69,1804,0,,0
31-Oct-16,4045.89,0,147.66,1805,0,,0
1-Nov-16,4018.47,0,145.98,1806,0,,0
2-Nov-16,3992.76,0,144.41,1807,0,,0
3-Nov-16,3976.56,0,143.42,1808,0,,0
4-Nov-16,3970.02,0,143.02,1809,0,,0
7-Nov-16,4058.3,0,148.42,1810,0,,0
8-Nov-16,4075.61,0,149.48,1811,0,,0
9-Nov-16,4121.03,0,152.26,1812,0,,0
10-Nov-16,4129.46,0,152.78,1813,0,,0
11-Nov-16,4123.69,0,152.42,1814,0,,0
14-Nov-16,4123.81,0,152.43,1815,0,,0
15-Nov-16,4155.62,0,154.38,1816,0,,0
16-Nov-16,4150.21,0,154.05,1817,0,,0
17-Nov-16,4169.87,0,155.25,1818,0,,0
18-Nov-16,4160.58,0,154.68,1819,0,,0
21-Nov-16,4191.68,0,156.59,1820,0,,0
22-Nov-16,4200.95,0,157.15,1821,0,,0
23-Nov-16,4204.49,0,157.37,1822,0,,0
25-Nov-16,4221.02,0,158.38,1823,0,,0
28-Nov-16,4199.39,0,157.06,1824,0,,0
29-Nov-16,4205.99,0,157.46,1825,0,,0
30-Nov-16,4195.73,0,156.83,1826,0,,0
1-Dec-16,4181.15,0,155.94,1827,0,,0
2-Dec-16,4182.81,0,156.04,1828,0,,0
5-Dec-16,4207.57,0,157.56,1829,0,,0
6-Dec-16,4222.04,0,158.45,1830,0,,0
7-Dec-16,4278.44,0,161.9,1831,0,,0
8-Dec-16,4288.1,0,162.49,1832,0,,0
9-Dec-16,4313.61,0,164.05,1833,0,,0
12-Dec-16,4308.94,0,163.76,1834,0,,0
13-Dec-16,4337.86,0,165.54,1835,0,,0
14-Dec-16,4302.93,0,163.4,1836,0,,0
15-Dec-16,4319.84,0,164.43,1837,0,,0
16-Dec-16,4312.4,0,163.98,1838,0,,0
19-Dec-16,4321.02,0,164.5,1839,0,,0
20-Dec-16,4337.36,0,165.5,1840,0,,0
21-Dec-16,4326.85,0,164.86,1841,0,,0
22-Dec-16,4319.33,0,164.4,1842,0,,0
23-Dec-16,4325.17,0,164.76,1843,0,,0
27-Dec-16,4334.93,0,165.36,1844,0,,0
28-Dec-16,4299.45,0,163.18,1845,0,,0
29-Dec-16,4298.39,0,163.12,1846,0,,0
30-Dec-16,4278.66,0,161.91,1847,0,,0
3-Jan-17,4315.08,0,164.14,1848,0,,0
4-Jan-17,4340.75,0,165.71,1849,0,,0
5-Jan-17,4337.45,0,165.51,1850,0,,0
6-Jan-17,4354.05,0,166.53,1851,0,,0
9-Jan-17,4338.62,0,165.58,1852,0,,0
10-Jan-17,4338.64,0,165.58,1853,0,,0
11-Jan-17,4351.32,0,166.36,1854,0,,0
12-Jan-17,4342.09,0,165.79,1855,0,,0
13-Jan-17,4350.11,0,166.28,1856,0,,0
17-Jan-17,4337.2,0,165.49,1857,0,,0
18-Jan-17,4345.57,0,166.01,1858,0,,0
19-Jan-17,4329.96,0,165.05,1859,0,,0
20-Jan-17,4344.67,0,165.95,1860,0,,0
23-Jan-17,4333.1,0,165.24,1861,0,,0
24-Jan-17,4361.56,0,166.99,1862,0,,0
25-Jan-17,4396.57,0,169.13,1863,0,,0
26-Jan-17,4393.43,0,168.94,1864,0,,0
27-Jan-17,4389.85,0,168.72,1865,0,,0
30-Jan-17,4363.67,0,167.11,1866,0,,0
31-Jan-17,4359.81,0,166.88,1867,0,,0
1-Feb-17,4362.1,0,167.02,1868,0,,0
2-Feb-17,4364.85,0,167.19,1869,0,,0
3-Feb-17,4396.95,0,169.15,1870,0,,0
6-Feb-17,4387.67,0,168.58,1871,0,,0
7-Feb-17,4388.87,0,168.66,1872,0,,0
8-Feb-17,4393.31,0,168.93,1873,0,,0
9-Feb-17,4419.4,0,170.53,1874,0,,0
10-Feb-17,4435.42,0,171.51,1875,0,,0
13-Feb-17,4459.83,0,173,1876,0,,0
14-Feb-17,4478.98,0,174.17,1877,0,,0
15-Feb-17,4501.99,0,175.58,1878,0,,0
16-Feb-17,4498.56,0,175.37,1879,0,,0
17-Feb-17,4506.2,0,175.84,1880,0,,0
21-Feb-17,4533.46,0,177.51,1881,0,,0
22-Feb-17,4528.97,0,177.23,1882,0,,0
23-Feb-17,4531.39,0,177.38,1883,0,,0
24-Feb-17,4539.25,0,177.86,1884,0,,0
27-Feb-17,4544.51,0,178.18,1885,0,,0
28-Feb-17,4532.93,0,177.48,1886,0,,0
1-Mar-17,4595.73,0,181.32,1887,0,,0
2-Mar-17,4569.17,0,179.69,1888,0,,0
3-Mar-17,4571.6,0,179.84,1889,0,,0
6-Mar-17,4556.72,0,178.93,1890,0,,0
7-Mar-17,4543.75,0,178.14,1891,0,,0
8-Mar-17,4534.68,0,177.58,1892,0,,0
9-Mar-17,4538.36,0,177.81,1893,0,,0
10-Mar-17,4553.28,0,178.72,1894,0,,0
13-Mar-17,4556.44,0,178.92,1895,0,,0
14-Mar-17,4541.26,0,177.99,1896,0,,0
15-Mar-17,4579.44,0,180.32,1897,0,,0
16-Mar-17,4572.16,0,179.88,1898,0,,0
17-Mar-17,4566.17,0,179.51,1899,0,,0
20-Mar-17,4557.12,0,178.96,1900,0,,0
21-Mar-17,4500.98,0,175.52,1901,0,,0
22-Mar-17,4509.65,0,176.05,1902,0,,0
23-Mar-17,4504.92,0,175.76,1903,0,,0
24-Mar-17,4501.11,0,175.53,1904,0,,0
27-Mar-17,4496.53,0,175.25,1905,0,,0
28-Mar-17,4529.17,0,177.25,1906,0,,0
29-Mar-17,4535.01,0,177.6,1907,0,,0
30-Mar-17,4548.46,0,178.43,1908,0,,0
31-Mar-17,4538.21,0,177.8,1909,0,,0
3-Apr-17,4530.98,0,177.36,1910,0,,0
4-Apr-17,4534.25,0,177.56,1911,0,,0
5-Apr-17,4520.86,0,176.74,1912,0,,0
6-Apr-17,4530.93,0,177.35,1913,0,,0
7-Apr-17,4527.2,0,177.13,1914,0,,0
10-Apr-17,4530.57,0,177.33,1915,0,,0
11-Apr-17,4524.71,0,176.97,1916,0,,0
12-Apr-17,4507.76,0,175.94,1917,0,,0
13-Apr-17,4477.07,0,174.06,1918,0,,0
17-Apr-17,4515.65,0,176.42,1919,0,,0
18-Apr-17,4502.66,0,175.62,1920,0,,0
19-Apr-17,4495.56,0,175.19,1921,0,,0
20-Apr-17,4529.65,0,177.28,1922,0,,0
21-Apr-17,4515.9,0,176.43,1923,0,,0
24-Apr-17,4564.93,0,179.43,1924,0,,0
25-Apr-17,4592.74,0,181.14,1925,0,,0
26-Apr-17,4590.56,0,181,1926,0,,0
27-Apr-17,4593.57,0,181.19,1927,0,,0
28-Apr-17,4584.82,0,180.65,1928,0,,0
