date	STOCK PRICE	NAV	PREMIUM / DISCOUNT
20081117	9.96	8.62	16
20081118	10	8.62	16.01
20081119	9.99	8.53	17.12
20081120	9.8	8.35	17.37
20081121	9.76	8.59	13.62
20081122	9.76	8.59	13.62
20081123	9.76	8.59	13.62
20081124	10.49	8.68	20.85
20081125	10	8.68	15.21
20081126	10.45	9.06	15.34
20081127	10.45	9.06	15.34
20081128	10.01	9.14	9.52
20081129	10.01	9.14	9.52
20081130	10.01	9.14	9.52
20081201	10	8.59	16.41
20081202	9.9	8.8	12.5
20081203	10	9.06	10.38
20081204	10.3	8.97	14.83
20081205	10.5	9.26	13.39
20081206	10.5	9.26	13.39
20081207	10.5	9.26	13.39
20081208	10.75	9.54	12.68
20081209	10.9	9.41	15.83
20081210	10.7	9.53	12.28
20081211	10.7	9.03	18.49
20081212	10.5	9.17	14.5
20081213	10.5	9.17	14.5
20081214	10.5	9.17	14.5
20081215	10.49	8.94	17.34
20081216	10.4	9.16	13.54
20081217	10.49	9.15	14.64
20081218	10.48	9.09	15.29
20081219	10.28	9.39	9.48
20081220	10.28	9.39	9.48
20081221	10.28	9.39	9.48
20081222	10.25	9.17	11.78
20081223	10.25	9.04	13.38
20081224	10.2	9.04	12.83
20081225	10.2	9.04	12.83
20081226	10.2	9.04	12.83
20081227	10.2	9.04	12.83
20081228	10.2	9.04	12.83
20081229	10.3	8.97	14.83
20081230	10.3	9.18	12.2
20081231	10.43	9.34	11.67
20090101	10.43	9.34	11.67
20090102	10.5	9.6	9.38
20090103	10.5	9.6	9.38
20090104	10.5	9.6	9.38
20090105	10.45	9.57	9.2
20090106	10.8	9.74	10.88
20090107	10.8	9.72	11.11
20090108	10.6	9.59	10.53
20090109	10.55	9.55	10.47
20090110	10.55	9.55	10.47
20090111	10.55	9.55	10.47
20090112	10.75	9.48	13.4
20090113	10.84	9.53	13.75
20090114	10.75	9.38	14.61
20090115	10.7	9.5	12.63
20090116	10.65	9.54	11.64
20090117	10.65	9.54	11.64
20090118	10.65	9.54	11.64
20090119	11	9.47	16.16
20090120	10.79	9.14	18.05
20090121	10.85	9.35	16.04
20090122	10.75	9.23	16.47
20090123	10.7	9.09	17.71
20090124	10.7	9.09	17.71
20090125	10.7	9.09	17.71
20090126	10.38	9	15.33
20090127	10.54	9.28	13.58
20090128	10.57	9.47	11.62
20090129	10.6	9.19	15.34
20090130	10.65	9.19	15.89
20090131	10.65	9.19	15.89
20090201	10.65	9.19	15.89
20090202	10.56	9.22	14.53
20090203	10.74	9.26	15.98
20090204	10.65	9.17	16.14
20090205	10.9	9.34	16.7
20090206	10.95	9.61	13.94
20090207	10.95	9.61	13.94
20090208	10.95	9.61	13.94
20090209	10.95	9.57	14.42
20090210	10.77	9.3	15.81
20090211	10.8	9.24	16.88
20090212	11.07	9.39	17.89
20090213	12	9.23	30.01
20090214	12	9.23	30.01
20090215	12	9.23	30.01
20090216	12	9.23	30.01
20090217	11	9.02	21.95
20090218	10.95	8.91	22.9
20090219	11	8.91	23.46
20090220	10.55	8.6	22.67
20090221	10.55	8.6	22.67
20090222	10.55	8.6	22.67
20090223	10.54	8.33	26.53
20090224	10.64	8.61	23.58
20090225	10.75	8.51	26.32
20090226	11.14	8.35	33.41
20090227	10.89	8.38	29.95
20090228	10.89	8.38	29.95
20090301	10.89	8.38	29.95
20090302	10.75	8.05	33.54
20090303	10.39	8	29.88
20090304	10.49	8.17	28.4
20090305	10.4	7.88	31.98
20090306	10.15	7.88	28.81
20090307	10.15	7.88	28.81
20090308	10.15	7.88	28.81
20090309	9.85	7.71	27.76
20090310	9.82	7.71	27.37
20090311	9.85	8.17	20.56
20090312	9.98	8.47	17.83
20090313	10.05	8.47	18.65
20090314	10.05	8.47	18.65
20090315	10.05	8.47	18.65
20090316	10.15	8.47	19.83
20090317	9.9	8.7	13.79
20090318	9.89	8.77	12.77
20090319	10.18	8.56	18.93
20090320	10.05	8.45	18.93
20090321	10.05	8.45	18.93
20090322	10.05	8.45	18.93
20090323	10	8.9	12.36
20090324	10	8.73	14.55
20090325	10	8.82	13.38
20090326	9.93	8.82	12.59
20090327	10.05	9	11.67
20090328	10.05	9	11.67
20090329	10.05	9	11.67
20090330	10	8.83	13.25
20090331	10	8.99	11.23
20090401	10.1	9.16	10.26
20090402	10.11	9.44	7.1
20090403	10.23	9.44	8.37
20090404	10.23	9.44	8.37
20090405	10.23	9.44	8.37
20090406	10.37	9.71	6.8
20090407	10.3	9.4	9.57
20090408	10.25	9.56	7.22
20090409	10.36	9.97	3.91
20090410	10.36	9.97	3.91
20090411	10.36	9.97	3.91
20090412	10.36	9.97	3.91
20090413	10.35	10.03	3.19
20090414	10.35	9.82	5.4
20090415	10.39	9.99	4
20090416	10.55	10.23	3.13
20090417	10.68	10.46	2.1
20090418	10.68	10.46	2.1
20090419	10.68	10.46	2.1
20090420	10.4	10.17	2.26
20090421	10.4	10.43	-0.29
20090422	10.75	10.47	2.67
20090423	10.57	10.44	1.25
20090424	10.99	10.59	3.78
20090425	10.99	10.59	3.78
20090426	10.99	10.59	3.78
20090427	10.75	10.42	3.17
20090428	10.6	10.43	1.63
20090429	10.9	10.6	2.83
20090430	10.9	10.69	1.96
20090501	11	10.74	2.42
20090502	11	10.74	2.42
20090503	11	10.74	2.42
20090504	11.01	11.09	-0.72
20090505	11	11.09	-0.81
20090506	11.18	11.17	0.09
20090507	11	10.99	0.09
20090508	11.24	11.01	2.09
20090509	11.24	11.01	2.09
20090510	11.24	11.01	2.09
20090511	10.75	10.92	-1.56
20090512	11.12	10.79	3.06
20090513	10.95	10.48	4.48
20090514	10.76	10.68	0.75
20090515	11.05	10.71	3.17
20090516	11.05	10.71	3.17
20090517	11.05	10.71	3.17
20090518	11.05	10.71	3.17
20090519	11	10.92	0.73
20090520	11.05	10.81	2.22
20090521	11	10.7	2.8
20090522	10.85	10.5	3.33
20090523	10.85	10.5	3.33
20090524	10.85	10.5	3.33
20090525	10.8	10.51	2.76
20090526	10.75	10.76	-0.09
20090527	10.71	10.65	0.56
20090528	11.4	10.65	7.04
20090529	10.95	10.67	2.62
20090530	10.95	10.67	2.62
20090531	10.95	10.67	2.62
20090601	10.96	10.89	0.64
20090602	11	10.93	0.64
20090603	11	10.98	0.18
20090604	11	11	0
20090605	11.4	11.14	2.33
20090606	11.4	11.14	2.33
20090607	11.4	11.14	2.33
20090608	11.7	11.12	5.22
20090609	12.05	11.11	8.46
20090610	11.84	11.03	7.34
20090611	11.98	11.02	8.71
20090612	12	11.15	7.62
20090613	12	11.15	7.62
20090614	12	11.15	7.62
20090615	11.58	11.08	4.51
20090616	11.7	10.88	7.54
20090617	11.5	10.87	5.8
20090618	11.35	10.85	4.61
20090619	11.69	10.85	7.74
20090620	11.69	10.85	7.74
20090621	11.69	10.85	7.74
20090622	11.25	10.59	6.23
20090623	11.18	10.56	5.87
20090624	11.9	10.69	11.32
20090625	11.44	10.93	4.67
20090626	11.29	10.97	2.92
20090627	11.29	10.97	2.92
20090628	11.29	10.97	2.92
20090629	11.3	11.07	2.08
20090630	11.3	11.03	2.45
20090701	11.3	11.03	2.45
20090702	11.2	11.03	1.54
20090703	11.49	10.78	6.59
20090704	11.49	10.78	6.59
20090705	11.49	10.78	6.59
20090706	11.49	10.73	7.08
20090707	11.23	10.61	5.84
20090708	11.01	10.57	4.16
20090709	11.89	10.59	12.28
20090710	11.5	10.62	8.29
20090711	11.5	10.62	8.29
20090712	11.5	10.62	8.29
20090713	11.25	10.71	5.04
20090714	11.65	10.72	8.68
20090715	11.83	10.98	7.74
20090716	11.77	11.15	5.56
20090717	11.9	11.15	6.73
20090718	11.9	11.15	6.73
20090719	11.9	11.15	6.73
20090720	11.75	11.12	5.67
20090721	11.55	11.07	4.34
20090722	11.94	11.06	7.96
20090723	11.61	11.4	1.84
20090724	11.9	11.45	3.93
20090725	11.9	11.45	3.93
20090726	11.9	11.45	3.93
20090727	11.71	11.37	2.99
20090728	11.87	11.44	3.76
20090729	12	11.33	5.91
20090730	12	11.3	6.19
20090731	11.91	11.38	4.66
20090801	11.91	11.38	4.66
20090802	11.91	11.38	4.66
20090803	11.91	11.38	4.66
20090804	11.85	11.56	2.51
20090805	11.75	11.47	2.44
20090806	11.7	11.42	2.45
20090807	12	11.42	5.08
20090808	12	11.42	5.08
20090809	12	11.42	5.08
20090810	11.9	11.63	2.32
20090811	11.8	11.65	1.29
20090812	11.9	11.65	2.15
20090813	11.55	11.69	-1.2
20090814	11.9	11.62	2.41
20090815	11.9	11.62	2.41
20090816	11.9	11.62	2.41
20090817	11.6	11.62	-0.17
20090818	11.79	11.58	1.81
20090819	11.6	11.66	-0.51
20090820	11.79	11.7	0.77
20090821	11.71	11.87	-1.35
20090822	11.71	11.87	-1.35
20090823	11.71	11.87	-1.35
20090824	11.7	11.7	0
20090825	11.8	11.9	-0.84
20090826	11.85	12.08	-1.9
20090827	11.89	12.06	-1.41
20090828	11.9	12.07	-1.41
20090829	11.9	12.07	-1.41
20090830	11.9	12.07	-1.41
20090831	11.98	11.98	0
20090901	11.9	11.79	0.93
20090902	11.9	11.81	0.76
20090903	11.9	11.85	0.42
20090904	12	11.89	0.93
20090905	12	11.89	0.93
20090906	12	11.89	0.93
20090907	12	11.89	0.93
20090908	12.2	11.9	2.52
20090909	12	12.15	-1.23
20090910	12.43	12.28	1.22
20090911	13	12.26	6.04
20090912	13	12.26	6.04
20090913	13	12.26	6.04
20090914	12.59	12.44	1.21
20090915	12.5	12.39	0.89
20090916	12.75	12.45	2.41
20090917	12.76	12.39	2.99
20090918	13	12.39	4.92
20090919	13	12.39	4.92
20090920	13	12.39	4.92
20090921	12.89	12.49	3.2
20090922	13.1	12.41	5.56
20090923	13.35	12.31	8.45
20090924	13	12.24	6.21
20090925	12.91	12.15	6.26
20090926	12.91	12.15	6.26
20090927	12.91	12.15	6.26
20090928	13	12.38	5.01
20090929	13.28	12.38	7.27
20090930	13.25	12.22	8.43
20091001	13.15	12.03	9.31
20091002	12.96	12.03	7.73
20091003	12.96	12.03	7.73
20091004	12.96	12.03	7.73
20091005	13.1	12.06	8.62
20091006	12.9	12.03	7.23
20091007	12.9	12.09	6.7
20091008	12.92	12.09	6.87
20091009	13.01	12.03	8.15
20091010	13.01	12.03	8.15
20091011	13.01	12.03	8.15
20091012	13.01	12.03	8.15
20091013	13	11.97	8.6
20091014	13.1	12.15	7.82
20091015	13.15	12.1	8.68
20091016	12.75	12.1	5.37
20091017	12.75	12.1	5.37
20091018	12.75	12.1	5.37
20091019	12.92	12.05	7.22
20091020	13	12.09	7.53
20091021	12.8	11.89	7.65
20091022	12.75	12.04	5.9
20091023	12.7	11.86	7.08
20091024	12.7	11.86	7.08
20091025	12.7	11.86	7.08
20091026	12.6	11.9	5.88
20091027	12.7	11.68	8.73
20091028	12.7	11.4	11.4
20091029	12.8	11.63	10.06
20091030	12.3	11.48	7.14
20091031	12.3	11.48	7.14
20091101	12.3	11.48	7.14
20091102	12.71	11.42	11.3
20091103	12.55	11.4	10.09
20091104	12.77	11.34	12.61
20091105	12.56	11.6	8.28
20091106	12.7	11.76	7.99
20091107	12.7	11.76	7.99
20091108	12.7	11.76	7.99
20091109	12.64	11.85	6.67
20091110	12.87	11.81	8.98
20091111	12.71	11.86	7.17
20091112	12.76	11.73	8.78
20091113	12.85	11.76	9.27
20091114	12.85	11.76	9.27
20091115	12.85	11.76	9.27
20091116	12.98	11.91	8.98
20091117	12.57	11.9	5.63
20091118	12.84	11.81	8.72
20091119	12.55	11.69	7.36
20091120	12.7	11.73	8.27
20091121	12.7	11.73	8.27
20091122	12.7	11.73	8.27
20091123	12.71	11.74	8.26
20091124	12.4	11.79	5.17
20091125	12.3	11.71	5.04
20091126	12.5	11.63	7.48
20091127	12.5	11.61	7.67
20091128	12.5	11.61	7.67
20091129	12.5	11.61	7.67
20091130	12.55	11.55	8.66
20091201	12.65	11.56	9.43
20091202	12.63	11.6	8.88
20091203	12.7	11.56	9.86
20091204	12.65	11.75	7.66
20091205	12.65	11.75	7.66
20091206	12.65	11.75	7.66
20091207	12.52	11.69	7.1
20091208	12.35	11.68	5.74
20091209	12.49	11.61	7.58
20091210	12.74	11.64	9.45
20091211	12.75	11.7	8.97
20091212	12.75	11.7	8.97
20091213	12.75	11.7	8.97
20091214	12.65	11.86	6.66
20091215	12.94	11.88	8.92
20091216	12.75	11.93	6.87
20091217	12.77	11.94	6.95
20091218	12.91	12.1	6.69
20091219	12.91	12.1	6.69
20091220	12.91	12.1	6.69
20091221	12.91	12.09	6.78
20091222	12.82	12.11	5.86
20091223	13.54	12.06	12.27
20091224	13.54	12.08	12.09
20091225	13.54	12.08	12.09
20091226	13.54	12.08	12.09
20091227	13.54	12.08	12.09
20091228	13.54	12.08	12.09
20091229	13.6	12.01	13.24
20091230	13.6	12.16	11.84
20091231	13.6	12.07	12.68
20100101	13.6	12.07	12.68
20100102	13.6	12.07	12.68
20100103	13.6	12.07	12.68
20100104	13.66	12.21	11.88
20100105	14	12.22	14.57
20100106	14.25	12.18	17
20100107	14.25	12.25	16.33
20100108	14.25	12.27	16.14
20100109	14.25	12.27	16.14
20100110	14.25	12.27	16.14
20100111	14.69	12.28	19.63
20100112	14.1	12.18	15.76
20100113	14.4	12.28	17.26
20100114	14.5	12.34	17.5
20100115	14.6	12.22	19.48
20100116	14.6	12.22	19.48
20100117	14.6	12.22	19.48
20100118	14.42	12.19	18.29
20100119	14.49	12.4	16.85
20100120	14.55	12.45	16.87
20100121	14.5	12.3	17.89
20100122	14.42	12.19	18.29
20100123	14.42	12.19	18.29
20100124	14.42	12.19	18.29
20100125	14.41	12.22	17.92
20100126	14.33	12.11	18.33
20100127	14.05	12.17	15.45
20100128	13.86	12.07	14.83
20100129	13.78	11.94	15.41
20100130	13.78	11.94	15.41
20100131	13.78	11.94	15.41
20100201	13.94	12.09	15.3
20100202	13.72	12.22	12.27
20100203	13.7	12.18	12.48
20100204	13.39	11.96	11.96
20100205	13.5	11.89	13.54
20100206	13.5	11.89	13.54
20100207	13.5	11.89	13.54
20100208	13.5	11.82	14.21
20100209	13.8	11.97	15.29
20100210	13.74	11.99	14.6
20100211	13.16	11.99	9.76
20100212	13.5	12.02	12.31
20100213	13.5	12.02	12.31
20100214	13.5	12.02	12.31
20100215	13.5	12.02	12.31
20100216	13.84	12.06	14.76
20100217	13.86	12.12	14.36
20100218	13.9	12.17	14.22
20100219	13.71	12.16	12.75
20100220	13.71	12.16	12.75
20100221	13.71	12.16	12.75
20100222	13.78	12.21	12.86
20100223	13.1	12.14	7.91
20100224	13.36	12.24	9.15
20100225	13.32	12.26	8.65
20100226	13.74	12.22	12.44
20100227	13.74	12.22	12.44
20100228	13.74	12.22	12.44
20100301	13.69	12.24	11.85
20100302	13.5	12.19	10.75
20100303	13.5	12.14	11.2
20100304	13.48	12.17	10.76
20100305	13.5	12.32	9.58
20100306	13.5	12.32	9.58
20100307	13.5	12.32	9.58
20100308	13.5	12.32	9.58
20100309	13.69	12.34	10.94
20100310	13.65	12.52	9.03
20100311	13.43	12.6	6.59
20100312	13.5	12.52	7.83
20100313	13.5	12.52	7.83
20100314	13.5	12.52	7.83
20100315	13.5	12.49	8.09
20100316	13.55	12.47	8.66
20100317	13.64	12.52	8.95
20100318	13.64	12.56	8.6
20100319	13.57	12.46	8.91
20100320	13.57	12.46	8.91
20100321	13.57	12.46	8.91
20100322	13.6	12.67	7.34
20100323	13.68	12.77	7.13
20100324	13.5	12.72	6.13
20100325	13.59	12.71	6.92
20100326	13.33	12.84	3.82
20100327	13.33	12.84	3.82
20100328	13.33	12.84	3.82
20100329	13.5	12.83	5.22
20100330	13.62	12.83	6.16
20100331	13.94	12.69	9.85
20100401	13.94	12.71	9.68
20100402	13.94	12.71	9.68
20100403	13.94	12.71	9.68
20100404	13.94	12.71	9.68
20100405	13.81	12.82	7.72
20100406	13.96	12.8	9.06
20100407	14.24	12.74	11.77
20100408	14.18	12.74	11.3
20100409	14.25	12.83	11.07
20100410	14.25	12.83	11.07
20100411	14.25	12.83	11.07
20100412	14	12.8	9.38
20100413	14.2	12.8	10.94
20100414	14.31	12.95	10.5
20100415	14.05	13.07	7.5
20100416	14.14	13.03	8.52
20100417	14.14	13.03	8.52
20100418	14.14	13.03	8.52
20100419	14	13.07	7.12
20100420	14.01	12.98	7.94
20100421	14	12.93	8.28
20100422	13.9	12.98	7.09
20100423	13.9	13.13	5.86
20100424	13.9	13.13	5.86
20100425	13.9	13.13	5.86
20100426	14.12	13.09	7.87
20100427	13.76	12.99	5.93
20100428	14	13.02	7.53
20100429	13.85	13.13	5.48
20100430	13.93	12.93	7.73
20100501	13.93	12.93	7.73
20100502	13.93	12.93	7.73
20100503	13.92	13.11	6.18
20100504	13.7	12.82	6.86
20100505	13.32	12.76	4.39
20100506	13.4	12.71	5.43
20100507	13.16	12.35	6.56
20100508	13.16	12.35	6.56
20100509	13.16	12.35	6.56
20100510	13.3	12.69	4.81
20100511	13.5	12.62	6.97
20100512	13.65	12.87	6.06
20100513	13.59	12.67	7.26
20100514	13.5	12.63	6.89
20100515	13.5	12.63	6.89
20100516	13.5	12.63	6.89
20100517	13.39	12.6	6.27
20100518	13.5	12.39	8.96
20100519	13.56	12.44	9
20100520	13.16	12.15	8.31
20100521	13.33	12.21	9.17
20100522	13.33	12.21	9.17
20100523	13.33	12.21	9.17
20100524	13.33	12.21	9.17
20100525	13.1	12.05	8.71
20100526	13	12	8.33
20100527	12.91	12.34	4.62
20100528	12.88	12.2	5.57
20100529	12.88	12.2	5.57
20100530	12.88	12.2	5.57
20100531	12.8	12.19	5
20100601	12.98	12.04	7.81
20100602	13.24	12.19	8.61
20100603	13.2	12.36	6.8
20100604	13.25	12.16	8.96
20100605	13.25	12.16	8.96
20100606	13.25	12.16	8.96
20100607	12.7	11.93	6.45
20100608	12.2	11.8	3.39
20100609	12.27	11.62	5.59
20100610	12.6	11.88	6.06
20100611	12.5	11.96	4.52
20100612	12.5	11.96	4.52
20100613	12.5	11.96	4.52
20100614	12.5	11.95	4.6
20100615	12.5	12.23	2.21
20100616	12.61	12.11	4.13
20100617	12.59	12.18	3.37
20100618	12.5	12.12	3.14
20100619	12.5	12.12	3.14
20100620	12.5	12.12	3.14
20100621	12.45	12.02	3.58
20100622	12.6	11.89	5.97
20100623	12.45	11.99	3.84
20100624	12.48	11.83	5.49
20100625	12.48	11.78	5.94
20100626	12.48	11.78	5.94
20100627	12.48	11.78	5.94
20100628	12.3	11.7	5.13
20100629	12.15	11.55	5.19
20100630	11.92	11.48	3.83
20100701	11.92	11.48	3.83
20100702	11.9	11.4	4.39
20100703	11.9	11.4	4.39
20100704	11.9	11.4	4.39
20100705	11.63	11.41	1.93
20100706	11.66	11.34	2.82
20100707	11.78	11.63	1.29
20100708	11.96	11.63	2.84
20100709	12.15	11.68	4.02
20100710	12.15	11.68	4.02
20100711	12.15	11.68	4.02
20100712	12.14	11.66	4.12
20100713	12.01	11.82	1.61
20100714	12.4	11.85	4.64
20100715	12.25	11.92	2.77
20100716	12.25	11.68	4.88
20100717	12.25	11.68	4.88
20100718	12.25	11.68	4.88
20100719	12.14	11.8	2.88
20100720	12.2	11.74	3.92
20100721	11.92	11.61	2.67
20100722	12.04	11.81	1.95
20100723	11.8	11.91	-0.92
20100724	11.8	11.91	-0.92
20100725	11.8	11.91	-0.92
20100726	12.1	12.06	0.33
20100727	12.16	12.07	0.75
20100728	12.2	11.85	2.95
20100729	12.26	11.81	3.81
20100730	12.39	11.72	5.72
20100731	12.39	11.72	5.72
20100801	12.39	11.72	5.72
20100802	12.39	11.72	5.72
20100803	12.35	11.82	4.48
20100804	12.35	11.84	4.31
20100805	12.16	11.8	3.05
20100806	11.86	11.87	-0.08
20100807	11.86	11.87	-0.08
20100808	11.86	11.87	-0.08
20100809	11.95	11.97	-0.17
20100810	12.2	11.91	2.43
20100811	11.93	11.61	2.76
20100812	11.5	11.49	0.09
20100813	11.57	11.37	1.76
20100814	11.57	11.37	1.76
20100815	11.57	11.37	1.76
20100816	11.39	11.42	-0.26
20100817	11.76	11.44	2.8
20100818	11.74	11.46	2.44
20100819	11.6	11.38	1.93
20100820	11.91	11.41	4.38
20100821	11.91	11.41	4.38
20100822	11.91	11.41	4.38
20100823	11.76	11.29	4.16
20100824	11.8	11.17	5.64
20100825	11.56	11.34	1.94
20100826	11.35	11.21	1.25
20100827	11.5	11.38	1.05
20100828	11.5	11.38	1.05
20100829	11.5	11.38	1.05
20100830	11.4	11.21	1.69
20100831	11.49	11.22	2.41
20100901	11.6	11.44	1.4
20100902	11.37	11.58	-1.81
20100903	11.51	11.68	-1.46
20100904	11.51	11.68	-1.46
20100905	11.51	11.68	-1.46
20100906	11.51	11.68	-1.46
20100907	11.7	11.48	1.92
20100908	11.67	11.47	1.74
20100909	11.6	11.52	0.69
20100910	11.75	11.56	1.64
20100911	11.75	11.56	1.64
20100912	11.75	11.56	1.64
20100913	11.7	11.7	0
20100914	11.67	11.63	0.34
20100915	11.5	11.72	-1.88
20100916	11.59	11.7	-0.94
20100917	11.68	11.79	-0.93
20100918	11.68	11.79	-0.93
20100919	11.68	11.79	-0.93
20100920	11.65	11.95	-2.51
20100921	11.7	11.97	-2.26
20100922	11.87	11.88	-0.08
20100923	11.85	11.73	1.02
20100924	12.25	11.92	2.77
20100925	12.25	11.92	2.77
20100926	12.25	11.92	2.77
20100927	12.27	11.89	3.2
20100928	12.14	12.03	0.91
20100929	12	12.06	-0.5
20100930	12.2	12.04	1.33
20101001	12.2	12.01	1.58
20101002	12.2	12.01	1.58
20101003	12.2	12.01	1.58
20101004	12.59	11.88	5.98
20101005	12.59	12.08	4.22
20101006	12.48	11.94	4.52
20101007	12.4	12.03	3.08
20101008	12.4	12.09	2.56
20101009	12.4	12.09	2.56
20101010	12.4	12.09	2.56
20101011	12.4	12.09	2.56
20101012	12.5	12.09	3.39
20101013	12.73	12.1	5.21
20101014	12.65	12.03	5.15
20101015	12.59	12.05	4.48
20101016	12.59	12.05	4.48
20101017	12.59	12.05	4.48
20101018	12.65	12.17	3.94
20101019	12.6	12.09	4.22
20101020	12.55	12.2	2.87
20101021	12.25	12.16	0.74
20101022	12.21	12.27	-0.49
20101023	12.21	12.27	-0.49
20101024	12.21	12.27	-0.49
20101025	12.3	12.29	0.08
20101026	12.3	12.32	-0.16
20101027	12.25	12.44	-1.53
20101028	12	12.33	-2.68
20101029	12.18	12.29	-0.9
20101030	12.18	12.29	-0.9
20101031	12.18	12.29	-0.9
20101101	12.22	12.17	0.41
20101102	12.35	12.3	0.41
20101103	11.99	12.38	-3.15
20101104	12.3	12.62	-2.54
20101105	12.36	12.75	-3.06
20101106	12.36	12.75	-3.06
20101107	12.36	12.75	-3.06
20101108	12.5	12.77	-2.11
20101109	12.6	12.77	-1.33
20101110	12.6	12.84	-1.87
20101111	12.85	12.74	0.86
20101112	12.7	12.66	0.32
20101113	12.7	12.66	0.32
20101114	12.7	12.66	0.32
20101115	12.61	12.62	-0.08
20101116	12.75	12.6	1.19
20101117	12.79	12.58	1.67
20101118	13.25	12.73	4.08
20101119	13.05	12.88	1.32
20101120	13.05	12.88	1.32
20101121	13.05	12.88	1.32
20101122	13.02	12.87	1.17
20101123	12.91	12.76	1.18
20101124	13.01	12.79	1.72
20101125	13.05	12.77	2.19
20101126	13.05	12.83	1.71
20101127	13.05	12.83	1.71
20101128	13.05	12.83	1.71
20101129	12.78	12.86	-0.62
20101130	12.84	12.88	-0.31
20101201	13.1	12.97	1
20101202	13	13.02	-0.15
20101203	13.25	13.05	1.53
20101204	13.25	13.05	1.53
20101205	13.25	13.05	1.53
20101206	13.2	13.06	1.07
20101207	13.31	13.16	1.14
20101208	13.25	13.22	0.23
20101209	13.44	13.31	0.98
20101210	13.49	13.4	0.67
20101211	13.49	13.4	0.67
20101212	13.49	13.4	0.67
20101213	13.3	13.28	0.15
20101214	13.15	13.26	-0.83
20101215	13.13	13.15	-0.15
20101216	13	13.21	-1.59
20101217	13.1	13.32	-1.65
20101218	13.1	13.32	-1.65
20101219	13.1	13.32	-1.65
20101220	13.07	13.44	-2.75
20101221	13.15	13.59	-3.24
20101222	13.44	13.69	-1.83
20101223	13.39	13.61	-1.62
20101224	13.24	13.57	-2.43
20101225	13.24	13.57	-2.43
20101226	13.24	13.57	-2.43
20101227	13.24	13.57	-2.43
20101228	13.24	13.57	-2.43
20101229	13.2	13.56	-2.65
20101230	13.15	13.57	-3.1
20101231	13.4	13.5	-0.74
20110101	13.4	13.5	-0.74
20110102	13.4	13.5	-0.74
20110103	13.4	13.5	-0.74
20110104	13.4	13.65	-1.83
20110105	13.3	13.75	-3.27
20110106	13.3	13.81	-3.69
20110107	13.38	13.73	-2.55
20110108	13.38	13.73	-2.55
20110109	13.38	13.73	-2.55
20110110	13.3	13.73	-3.13
20110111	13.34	13.76	-3.05
20110112	13.4	13.85	-3.25
20110113	13.45	13.92	-3.38
20110114	13.8	14.16	-2.54
20110115	13.8	14.16	-2.54
20110116	13.8	14.16	-2.54
20110117	13.9	14.1	-1.42
20110118	13.68	14.19	-3.59
20110119	13.75	14	-1.79
20110120	13.75	14.03	-2
20110121	13.65	13.97	-2.29
20110122	13.65	13.97	-2.29
20110123	13.65	13.97	-2.29
20110124	13.8	14.15	-2.47
20110125	13.65	14.21	-3.94
20110126	13.8	14.25	-3.16
20110127	13.8	14.32	-3.63
20110128	13.8	14.13	-2.34
20110129	13.8	14.13	-2.34
20110130	13.8	14.13	-2.34
20110131	13.99	14.2	-1.48
20110201	14.05	14.33	-1.95
20110202	14.04	14.21	-1.2
20110203	14.4	14.24	1.12
20110204	14.34	14.41	-0.49
20110205	14.34	14.41	-0.49
20110206	14.34	14.41	-0.49
20110207	14.59	14.47	0.83
20110208	14.55	14.6	-0.34
20110209	14.74	14.59	1.03
20110210	14.53	14.64	-0.75
20110211	14.75	14.6	1.03
20110212	14.75	14.6	1.03
20110213	14.75	14.6	1.03
20110214	14.74	14.59	1.03
20110215	14.7	14.58	0.82
20110216	14.6	14.65	-0.34
20110217	14.6	14.66	-0.41
20110218	14.65	14.69	-0.27
20110219	14.65	14.69	-0.27
20110220	14.65	14.69	-0.27
20110221	14.65	14.69	-0.27
20110222	14.3	14.36	-0.42
20110223	14.1	14.25	-1.05
20110224	14	14.15	-1.06
20110225	13.86	14.35	-3.41
20110226	13.86	14.35	-3.41
20110227	13.86	14.35	-3.41
20110228	14.45	14.29	1.12
20110301	14.22	14.2	0.14
20110302	14.45	14.21	1.69
20110303	14.8	14.5	2.07
20110304	14.87	14.36	3.55
20110305	14.87	14.36	3.55
20110306	14.87	14.36	3.55
20110307	14.61	14.3	2.17
20110308	14.5	14.39	0.76
20110309	14.32	14.34	-0.14
20110310	14.11	14.12	-0.07
20110311	14.13	14.11	0.14
20110312	14.13	14.11	0.14
20110313	14.13	14.11	0.14
20110314	14.44	13.97	3.36
20110315	14.15	13.92	1.65
20110316	14.15	13.88	1.95
20110317	14.37	13.9	3.38
20110318	14.45	14.05	2.85
20110319	14.45	14.05	2.85
20110320	14.45	14.05	2.85
20110321	14.33	14.11	1.56
20110322	14.19	14.08	0.78
20110323	14.29	14.13	1.13
20110324	14.44	14.2	1.69
20110325	14.45	14.23	1.55
20110326	14.45	14.23	1.55
20110327	14.45	14.23	1.55
20110328	14.4	14.14	1.84
20110329	14.34	14.22	0.84
20110330	14.3	14.29	0.07
20110331	14.3	14.31	-0.07
20110401	14.25	14.23	0.14
20110402	14.25	14.23	0.14
20110403	14.25	14.23	0.14
20110404	14.25	14.29	-0.28
20110405	14.38	14.24	0.98
20110406	14.38	14.36	0.14
20110407	14.25	14.27	-0.14
20110408	14	14.12	-0.85
20110409	14	14.12	-0.85
20110410	14	14.12	-0.85
20110411	13.79	14.06	-1.92
20110412	13.65	14.04	-2.78
20110413	13.9	14.14	-1.7
20110414	14.2	14.08	0.85
20110415	14.5	14.16	2.4
20110416	14.5	14.16	2.4
20110417	14.5	14.16	2.4
20110418	14.1	14.07	0.21
20110419	13.41	13.91	-3.59
20110420	14.5	14.09	2.91
20110421	13.96	14.21	-1.76
20110422	13.96	14.21	-1.76
20110423	13.96	14.21	-1.76
20110424	13.96	14.21	-1.76
20110425	14.09	14.26	-1.19
20110426	13.92	14.35	-3
20110427	14.12	14.5	-2.62
20110428	14.4	14.6	-1.37
20110429	14.4	14.5	-0.69
20110430	14.4	14.5	-0.69
20110501	14.4	14.5	-0.69
20110502	14.25	14.48	-1.59
20110503	14.3	14.37	-0.49
20110504	14	14.39	-2.71
20110505	14.11	14.39	-1.95
20110506	14.15	14.54	-2.68
20110507	14.15	14.54	-2.68
20110508	14.15	14.54	-2.68
20110509	14.02	14.56	-3.71
20110510	14.1	14.61	-3.49
20110511	14.1	14.45	-2.42
20110512	14.15	14.6	-3.08
20110513	14.35	14.54	-1.31
20110514	14.35	14.54	-1.31
20110515	14.35	14.54	-1.31
20110516	14.39	14.42	-0.21
20110517	14.15	14.48	-2.28
20110518	14.2	14.53	-2.27
20110519	14.07	14.51	-3.03
20110520	13.96	14.43	-3.26
20110521	13.96	14.43	-3.26
20110522	13.96	14.43	-3.26
20110523	13.96	14.43	-3.26
20110524	13.94	14.17	-1.62
20110525	13.85	14.2	-2.46
20110526	13.85	14.36	-3.55
20110527	13.8	14.4	-4.17
20110528	13.8	14.4	-4.17
20110529	13.8	14.4	-4.17
20110530	13.7	14.4	-4.86
20110531	13.85	14.43	-4.02
20110601	13.74	14.18	-3.1
20110602	13.5	14.27	-5.4
20110603	13.47	14.07	-4.26
20110604	13.47	14.07	-4.26
20110605	13.47	14.07	-4.26
20110606	13.6	13.95	-2.51
20110607	13.65	13.88	-1.66
20110608	13.28	13.75	-3.42
20110609	13.44	13.78	-2.47
20110610	13.4	13.66	-1.9
20110611	13.4	13.66	-1.9
20110612	13.4	13.66	-1.9
20110613	13.55	13.68	-0.95
20110614	13.5	13.71	-1.53
20110615	13.18	13.61	-3.16
20110616	13.55	13.67	-0.88
20110617	13.29	13.67	-2.78
20110618	13.29	13.67	-2.78
20110619	13.29	13.67	-2.78
20110620	13.09	13.6	-3.75
20110621	13.06	13.8	-5.36
20110622	13.16	13.71	-4.01
20110623	13.22	13.8	-4.2
20110624	13.04	13.75	-5.16
20110625	13.04	13.75	-5.16
20110626	13.04	13.75	-5.16
20110627	13.01	13.86	-6.13
20110628	13.15	13.99	-6
20110629	13.32	13.92	-4.31
20110630	13.25	13.95	-5.02
20110701	13.25	13.95	-5.02
20110702	13.25	13.95	-5.02
20110703	13.25	13.95	-5.02
20110704	13.25	14.09	-5.96
20110705	13.17	14.02	-6.06
20110706	13.17	14.14	-6.86
20110707	13.3	14.16	-6.07
20110708	13.4	14.08	-4.83
20110709	13.4	14.08	-4.83
20110710	13.4	14.08	-4.83
20110711	13.25	13.81	-4.06
20110712	13.01	13.75	-5.38
20110713	13.1	13.77	-4.87
20110714	13.39	13.6	-1.54
20110715	13.11	13.51	-2.96
20110716	13.11	13.51	-2.96
20110717	13.11	13.51	-2.96
20110718	13.04	13.48	-3.26
20110719	13	13.5	-3.7
20110720	13.2	13.62	-3.08
20110721	13.1	13.77	-4.87
20110722	13.01	13.86	-6.13
20110723	13.01	13.86	-6.13
20110724	13.01	13.86	-6.13
20110725	12.9	13.66	-5.56
20110726	13.01	13.65	-4.69
20110727	12.52	13.41	-6.64
20110728	12.99	13.33	-2.55
20110729	12.6	13.37	-5.76
20110730	12.6	13.37	-5.76
20110731	12.6	13.37	-5.76
20110801	12.6	13.37	-5.76
20110802	12.7	12.95	-1.93
20110803	12.69	13.09	-3.06
20110804	12.45	12.68	-1.81
20110805	11.93	12.51	-4.64
20110806	11.93	12.51	-4.64
20110807	11.93	12.51	-4.64
20110808	11.01	11.74	-6.22
20110809	11.36	12.16	-6.58
20110810	11.01	11.8	-6.69
20110811	11.48	12.36	-7.12
20110812	11.79	12.37	-4.69
20110813	11.79	12.37	-4.69
20110814	11.79	12.37	-4.69
20110815	11.65	12.61	-7.61
20110816	11.9	12.47	-4.57
20110817	11.9	12.43	-4.26
20110818	11.65	11.92	-2.27
20110819	11.42	11.73	-2.64
20110820	11.42	11.73	-2.64
20110821	11.42	11.73	-2.64
20110822	11.7	11.75	-0.43
20110823	11.7	12.13	-3.54
20110824	11.53	12.29	-6.18
20110825	11.17	12.08	-7.53
20110826	11.18	12.3	-9.11
20110827	11.18	12.3	-9.11
20110828	11.18	12.3	-9.11
20110829	11.04	12.61	-12.45
20110830	11.26	12.7	-11.34
20110831	11.69	12.74	-8.24
20110901	11.83	12.56	-5.81
20110902	11.75	12.22	-3.85
20110903	11.75	12.22	-3.85
20110904	11.75	12.22	-3.85
20110905	11.75	12.22	-3.85
20110906	11.26	12.11	-7.02
20110907	11.2	12.54	-10.69
20110908	11.1	12.36	-10.19
20110909	11	12.11	-9.17
20110910	11	12.11	-9.17
20110911	11	12.11	-9.17
20110912	11.11	12.12	-8.33
20110913	11.04	12.26	-9.95
20110914	11.35	12.42	-8.62
20110915	11.35	12.58	-9.78
20110916	11.42	12.49	-8.57
20110917	11.42	12.49	-8.57
20110918	11.42	12.49	-8.57
20110919	11.35	12.4	-8.47
20110920	11.5	12.36	-6.96
20110921	11.22	12.18	-7.88
20110922	10.89	12.04	-9.55
20110923	10.95	12.16	-9.95
20110924	10.95	12.16	-9.95
20110925	10.95	12.16	-9.95
20110926	10.96	12.35	-11.26
20110927	11.4	12.53	-9.02
20110928	11.4	12.39	-7.99
20110929	11.16	12.52	-10.86
20110930	11.49	12.36	-7.04
20111001	11.49	12.36	-7.04
20111002	11.49	12.36	-7.04
20111003	11.15	11.99	-7.01
20111004	10.95	12.5	-12.4
20111005	11.25	12.51	-10.07
20111006	11.21	12.74	-12.01
20111007	11.15	12.64	-11.79
20111008	11.15	12.64	-11.79
20111009	11.15	12.64	-11.79
20111010	11.15	12.64	-11.79
20111011	11.3	12.96	-12.81
20111012	11.48	12.97	-11.49
20111013	11.59	12.99	-10.78
20111014	11.5	13.03	-11.74
20111015	11.5	13.03	-11.74
20111016	11.5	13.03	-11.74
20111017	11.54	12.8	-9.84
20111018	11.7	12.97	-9.79
20111019	11.3	12.79	-11.65
20111020	11.6	12.74	-8.95
20111021	11.62	12.97	-10.41
20111022	11.62	12.97	-10.41
20111023	11.62	12.97	-10.41
20111024	11.74	13.2	-11.06
20111025	11.58	13.05	-11.26
20111026	11.53	13.16	-12.39
20111027	12.24	13.56	-9.73
20111028	12.1	13.54	-10.64
20111029	12.1	13.54	-10.64
20111030	12.1	13.54	-10.64
20111031	12	13.19	-9.02
20111101	11.98	13.07	-8.34
20111102	12.15	13.17	-7.74
20111103	12.4	13.43	-7.67
20111104	12.2	13.43	-9.16
20111105	12.2	13.43	-9.16
20111106	12.2	13.43	-9.16
20111107	12.2	13.4	-8.96
20111108	12.2	13.45	-9.29
20111109	12.25	13.1	-6.49
20111110	12.25	13.18	-7.06
20111111	12.23	13.39	-8.66
20111112	12.23	13.39	-8.66
20111113	12.23	13.39	-8.66
20111114	12.11	13.29	-8.88
20111115	12.1	13.44	-9.97
20111116	12.1	13.21	-8.4
20111117	12.07	13.08	-7.72
20111118	12.06	12.99	-7.16
20111119	12.06	12.99	-7.16
20111120	12.06	12.99	-7.16
20111121	12.17	12.89	-5.59
20111122	11.99	12.81	-6.4
20111123	11.9	12.64	-5.85
20111124	12	12.62	-4.91
20111125	11.77	12.59	-6.51
20111126	11.77	12.59	-6.51
20111127	11.77	12.59	-6.51
20111128	11.82	12.81	-7.73
20111129	11.95	12.78	-6.49
20111130	12.05	13.22	-8.85
20111201	12.1	13.15	-7.98
20111202	12.19	13.13	-7.16
20111203	12.19	13.13	-7.16
20111204	12.19	13.13	-7.16
20111205	12.17	13.21	-7.87
20111206	12.3	13.12	-6.25
20111207	12.15	13.09	-7.18
20111208	11.95	12.89	-7.29
20111209	11.99	13.13	-8.68
20111210	11.99	13.13	-8.68
20111211	11.99	13.13	-8.68
20111212	12	13.04	-7.98
20111213	11.86	12.92	-8.2
20111214	11.73	12.87	-8.86
20111215	11.72	12.86	-8.86
20111216	11.85	12.95	-8.49
20111217	11.85	12.95	-8.49
20111218	11.85	12.95	-8.49
20111219	11.8	12.72	-7.23
20111220	11.96	13.07	-8.49
20111221	11.7	13.09	-10.62
20111222	11.84	13.12	-9.76
20111223	11.95	13.23	-9.67
20111224	11.95	13.23	-9.67
20111225	11.95	13.23	-9.67
20111226	11.95	13.23	-9.67
20111227	11.95	13.23	-9.67
20111228	11.79	13.15	-10.34
20111229	11.83	13.27	-10.85
20111230	11.92	13.21	-9.77
20111231	11.92	13.21	-9.77
20120101	11.92	13.21	-9.77
20120102	11.92	13.21	-9.77
20120103	12.14	13.3	-8.72
20120104	11.99	13.35	-10.19
20120105	11.85	13.44	-11.83
20120106	11.91	13.48	-11.65
20120107	11.91	13.48	-11.65
20120108	11.91	13.48	-11.65
20120109	11.75	13.61	-13.67
20120110	12.15	13.61	-10.73
20120111	12.15	13.65	-10.99
20120112	12.15	13.72	-11.44
20120113	12.11	13.68	-11.48
20120114	12.11	13.68	-11.48
20120115	12.11	13.68	-11.48
20120116	12.1	13.59	-10.96
20120117	12.05	13.57	-11.2
20120118	12.13	13.88	-12.61
20120119	12.15	13.94	-12.84
20120120	12.2	14.02	-12.98
20120121	12.2	14.02	-12.98
20120122	12.2	14.02	-12.98
20120123	12.37	13.9	-11.01
20120124	12.5	13.87	-9.88
20120125	12.35	13.88	-11.02
20120126	12.38	13.82	-10.42
20120127	12.3	13.92	-11.64
20120128	12.3	13.92	-11.64
20120129	12.3	13.92	-11.64
20120130	12.25	13.82	-11.36
20120131	12.3	13.93	-11.7
20120201	12.36	14.06	-12.09
20120202	12.39	14.12	-12.25
20120203	12.5	14.25	-12.28
20120204	12.5	14.25	-12.28
20120205	12.5	14.25	-12.28
20120206	12.58	14.13	-10.97
20120207	12.64	14.1	-10.35
20120208	12.7	14.1	-9.93
20120209	12.75	14.04	-9.19
20120210	12.65	14	-9.64
20120211	12.65	14	-9.64
20120212	12.65	14	-9.64
20120213	12.74	14.06	-9.39
20120214	12.73	14.01	-9.14
20120215	12.65	13.99	-9.58
20120216	12.7	14.18	-10.44
20120217	12.68	14.25	-11.02
20120218	12.68	14.25	-11.02
20120219	12.68	14.25	-11.02
20120220	12.68	14.25	-11.02
20120221	12.84	14.18	-9.45
20120222	12.68	14.13	-10.26
20120223	12.8	14.25	-10.18
20120224	12.9	14.21	-9.22
20120225	12.9	14.21	-9.22
20120226	12.9	14.21	-9.22
20120227	12.89	14.19	-9.16
20120228	12.82	14.22	-9.85
20120229	12.77	13.99	-8.72
20120301	12.8	14	-8.57
20120302	12.85	13.97	-8.02
20120303	12.85	13.97	-8.02
20120304	12.85	13.97	-8.02
20120305	12.65	13.96	-9.38
20120306	12.4	13.85	-10.47
20120307	12.4	13.9	-10.79
20120308	12.4	14.08	-11.93
20120309	12.4	14.16	-12.43
20120310	12.4	14.16	-12.43
20120311	12.4	14.16	-12.43
20120312	12.36	14.16	-12.71
20120313	12.75	14.43	-11.64
20120314	12.73	14.45	-11.9
20120315	12.85	14.59	-11.93
20120316	12.95	14.61	-11.36
20120317	12.95	14.61	-11.36
20120318	12.95	14.61	-11.36
20120319	12.9	14.65	-11.95
20120320	13.09	14.63	-10.53
20120321	13.1	14.57	-10.09
20120322	13	14.6	-10.96
20120323	13.03	14.66	-11.12
20120324	13.03	14.66	-11.12
20120325	13.03	14.66	-11.12
20120326	13.25	14.88	-10.95
20120327	13.39	14.87	-9.95
20120328	13.36	14.96	-10.7
20120329	13.65	14.92	-8.51
20120330	14	15.01	-6.73
20120331	14	15.01	-6.73
20120401	14	15.01	-6.73
20120402	14.15	15.03	-5.85
20120403	13.95	14.9	-6.38
20120404	13.86	14.67	-5.52
20120405	13.75	14.61	-5.89
20120406	13.75	14.61	-5.89
20120407	13.75	14.61	-5.89
20120408	13.75	14.61	-5.89
20120409	13.8	14.48	-4.7
20120410	13.8	14.28	-3.36
20120411	13.98	14.44	-3.19
20120412	14.03	14.56	-3.64
20120413	14	14.36	-2.51
20120414	14	14.36	-2.51
20120415	14	14.36	-2.51
20120416	14	14.44	-3.05
20120417	14.15	14.44	-2.01
20120418	14.28	14.43	-1.04
20120419	14.15	14.41	-1.8
20120420	13.92	14.34	-2.93
20120421	13.92	14.34	-2.93
20120422	13.92	14.34	-2.93
20120423	13.6	14.2	-4.23
20120424	13.79	14.16	-2.61
20120425	13.7	14.25	-3.86
20120426	13.85	14.32	-3.28
20120427	13.61	14.39	-5.42
20120428	13.61	14.39	-5.42
20120429	13.61	14.39	-5.42
20120430	13.59	14.38	-5.49
20120501	13.79	14.34	-3.84
20120502	13.62	14.39	-5.35
20120503	13.47	14.23	-5.34
20120504	13.48	14.15	-4.73
20120505	13.48	14.15	-4.73
20120506	13.48	14.15	-4.73
20120507	13.54	14.16	-4.38
20120508	13.45	14.14	-4.88
20120509	13.79	14.05	-1.85
20120510	13.74	14.06	-2.28
20120511	13.62	13.85	-1.66
20120512	13.62	13.85	-1.66
20120513	13.62	13.85	-1.66
20120514	13.68	13.73	-0.36
20120515	13.51	13.68	-1.24
20120516	13.7	13.7	0
20120517	13.56	13.56	0
20120518	13.06	13.46	-2.97
20120519	13.06	13.46	-2.97
20120520	13.06	13.46	-2.97
20120521	13.06	13.46	-2.97
20120522	13.1	13.6	-3.68
20120523	13.21	13.68	-3.44
20120524	13.22	13.73	-3.71
20120525	13.2	13.74	-3.93
20120526	13.2	13.74	-3.93
20120527	13.2	13.74	-3.93
20120528	13.2	13.68	-3.51
20120529	13.06	13.86	-5.77
20120530	12.99	13.66	-4.9
20120531	13.1	13.72	-4.52
20120601	13.04	13.33	-2.18
20120602	13.04	13.33	-2.18
20120603	13.04	13.33	-2.18
20120604	12.97	13.28	-2.33
20120605	12.97	13.35	-2.85
20120606	12.98	13.54	-4.14
20120607	12.96	13.55	-4.35
20120608	13	13.7	-5.11
20120609	13	13.7	-5.11
20120610	13	13.7	-5.11
20120611	12.94	13.5	-4.15
20120612	12.98	13.6	-4.56
20120613	12.92	13.47	-4.08
20120614	13.37	13.61	-1.76
20120615	13.12	13.72	-4.37
20120616	13.12	13.72	-4.37
20120617	13.12	13.72	-4.37
20120618	13.05	13.81	-5.5
20120619	13.1	13.86	-5.48
20120620	13	13.89	-6.41
20120621	13	13.66	-4.83
20120622	12.77	13.74	-7.06
20120623	12.77	13.74	-7.06
20120624	12.77	13.74	-7.06
20120625	12.86	13.55	-5.09
20120626	12.9	13.52	-4.59
20120627	13.18	13.7	-3.8
20120628	13.07	13.71	-4.67
20120629	13.3	13.86	-4.04
20120630	13.3	13.86	-4.04
20120701	13.3	13.86	-4.04
20120702	13.3	13.86	-4.04
20120703	13.1	13.95	-6.09
20120704	13.06	13.94	-6.31
20120705	13.12	13.86	-5.34
20120706	13	13.75	-5.45
20120707	13	13.75	-5.45
20120708	13	13.75	-5.45
20120709	13	13.75	-5.45
20120710	12.84	13.75	-6.62
20120711	12.99	13.65	-4.84
20120712	12.97	13.51	-4
20120713	13.12	13.64	-3.81
20120714	13.12	13.64	-3.81
20120715	13.12	13.64	-3.81
20120716	13	13.58	-4.27
20120717	13.05	13.58	-3.9
20120718	13.2	13.68	-3.51
20120719	13.15	13.65	-3.66
20120720	12.96	13.52	-4.14
20120721	12.96	13.52	-4.14
20120722	12.96	13.52	-4.14
20120723	12.8	13.39	-4.41
20120724	12.84	13.3	-3.46
20120725	12.66	13.11	-3.43
20120726	12.65	13.14	-3.73
20120727	12.75	13.34	-4.42
20120728	12.75	13.34	-4.42
20120729	12.75	13.34	-4.42
20120730	12.6	13.24	-4.83
20120731	12.61	13.17	-4.25
20120801	12.69	13.08	-2.98
20120802	12.7	12.95	-1.93
20120803	12.64	13.2	-4.24
20120804	12.64	13.2	-4.24
20120805	12.64	13.2	-4.24
20120806	12.64	13.2	-4.24
20120807	12.84	13.32	-3.6
20120808	12.8	13.3	-3.76
20120809	12.7	13.25	-4.15
20120810	12.73	13.29	-4.21
20120811	12.73	13.29	-4.21
20120812	12.73	13.29	-4.21
20120813	12.7	13.31	-4.58
20120814	12.86	13.31	-3.38
20120815	12.75	13.43	-5.06
20120816	12.75	13.55	-5.9
20120817	12.9	13.6	-5.15
20120818	12.9	13.6	-5.15
20120819	12.9	13.6	-5.15
20120820	13	13.58	-4.27
20120821	12.8	13.61	-5.95
20120822	12.79	13.62	-6.09
20120823	12.78	13.51	-5.4
20120824	12.78	13.55	-5.68
20120825	12.78	13.55	-5.68
20120826	12.78	13.55	-5.68
20120827	12.62	13.55	-6.86
20120828	12.85	13.54	-5.1
20120829	12.61	13.66	-7.69
20120830	12.85	13.61	-5.58
20120831	12.7	13.61	-6.69
20120901	12.7	13.61	-6.69
20120902	12.7	13.61	-6.69
20120903	12.7	13.61	-6.69
20120904	12.68	13.58	-6.63
20120905	12.66	13.64	-7.18
20120906	12.7	13.87	-8.44
20120907	12.71	13.88	-8.43
20120908	12.71	13.88	-8.43
20120909	12.71	13.88	-8.43
20120910	12.69	13.81	-8.11
20120911	12.74	13.81	-7.75
20120912	12.69	13.9	-8.71
20120913	12.86	13.98	-8.01
20120914	12.95	14.19	-8.74
20120915	12.95	14.19	-8.74
20120916	12.95	14.19	-8.74
20120917	13	14.05	-7.47
20120918	12.81	14.05	-8.83
20120919	12.89	14.06	-8.32
20120920	12.95	14.02	-7.63
20120921	12.82	14.01	-8.49
20120922	12.82	14.01	-8.49
20120923	12.82	14.01	-8.49
20120924	12.76	14	-8.86
20120925	12.81	13.85	-7.51
20120926	12.86	13.84	-7.08
20120927	12.86	13.95	-7.81
20120928	12.75	13.88	-8.14
20120929	12.75	13.88	-8.14
20120930	12.75	13.88	-8.14
20121001	12.79	13.93	-8.18
20121002	12.75	13.96	-8.67
20121003	12.8	14.11	-9.28
20121004	12.76	14.17	-9.95
20121005	12.62	14.06	-10.24
20121006	12.62	14.06	-10.24
20121007	12.62	14.06	-10.24
20121008	12.62	14.06	-10.24
20121009	12.85	14.06	-8.61
20121010	12.61	13.8	-8.62
20121011	12.57	13.86	-9.31
20121012	12.54	13.79	-9.06
20121013	12.54	13.79	-9.06
20121014	12.54	13.79	-9.06
20121015	12.44	13.85	-10.18
20121016	12.7	14.09	-9.87
20121017	12.77	14.11	-9.5
20121018	12.94	14.11	-8.29
20121019	12.76	14	-8.86
20121020	12.76	14	-8.86
20121021	12.76	14	-8.86
20121022	12.8	14.01	-8.64
20121023	12.51	13.86	-9.74
20121024	12.49	13.83	-9.69
20121025	12.45	13.91	-10.5
20121026	12.36	13.89	-11.02
20121027	12.36	13.89	-11.02
20121028	12.36	13.89	-11.02
20121029	12.66	13.9	-8.92
20121030	12.44	13.9	-10.5
20121031	12.45	13.76	-9.52
20121101	12.5	13.96	-10.46
20121102	12.49	13.77	-9.3
20121103	12.49	13.77	-9.3
20121104	12.49	13.77	-9.3
20121105	12.45	13.84	-10.04
20121106	12.4	13.94	-11.05
20121107	12.35	13.71	-9.92
20121108	12.28	13.53	-9.24
20121109	12.25	13.63	-10.12
20121110	12.25	13.63	-10.12
20121111	12.25	13.63	-10.12
20121112	12.16	13.58	-10.46
20121113	12.22	13.5	-9.48
20121114	12.21	13.4	-8.88
20121115	12.15	13.35	-8.99
20121116	11.99	13.38	-10.39
20121117	11.99	13.38	-10.39
20121118	11.99	13.38	-10.39
20121119	12.05	13.53	-10.94
20121120	12.13	13.66	-11.2
20121121	12.15	13.71	-11.38
20121122	12.25	13.71	-10.65
20121123	12.43	13.83	-10.12
20121124	12.43	13.83	-10.12
20121125	12.43	13.83	-10.12
20121126	12.31	13.81	-10.86
20121127	12.39	13.81	-10.28
20121128	12.43	13.9	-10.58
20121129	12.32	14	-12
20121130	12.35	13.99	-11.72
20121201	12.35	13.99	-11.72
20121202	12.35	13.99	-11.72
20121203	12.3	13.97	-11.95
20121204	12.37	14.05	-11.96
20121205	12.5	14.04	-10.97
20121206	12.6	14.04	-10.26
20121207	12.56	14.02	-10.41
20121208	12.56	14.02	-10.41
20121209	12.56	14.02	-10.41
20121210	12.55	14.01	-10.42
20121211	12.65	14.13	-10.47
20121212	12.55	14.11	-11.06
20121213	12.56	14.03	-10.48
20121214	12.48	14.03	-11.05
20121215	12.48	14.03	-11.05
20121216	12.48	14.03	-11.05
20121217	12.65	14.16	-10.66
20121218	12.8	14.33	-10.68
20121219	12.89	14.4	-10.49
20121220	12.81	14.53	-11.84
20121221	12.69	14.51	-12.54
20121222	12.69	14.51	-12.54
20121223	12.69	14.51	-12.54
20121224	12.61	14.46	-12.79
20121225	12.61	14.46	-12.79
20121226	12.61	14.46	-12.79
20121227	12.58	14.58	-13.72
20121228	12.55	14.48	-13.33
20121229	12.55	14.48	-13.33
20121230	12.55	14.48	-13.33
20121231	12.7	14.68	-13.49
20130101	12.7	14.68	-13.49
20130102	12.95	15.86	-18.35
20130103	12.95	14.85	-12.79
20130104	12.95	14.92	-13.2
20130105	12.95	14.92	-13.2
20130106	12.95	14.92	-13.2
20130107	13.06	14.93	-12.53
20130108	12.98	14.95	-13.18
20130109	13.18	15.05	-12.43
20130110	13.23	15.13	-12.56
20130111	13.26	15.14	-12.42
20130112	13.26	15.14	-12.42
20130113	13.26	15.14	-12.42
20130114	13.3	15.13	-12.1
20130115	13.22	15.15	-12.74
20130116	13.35	15.15	-11.88
20130117	13.37	15.25	-12.33
20130118	13.52	15.36	-11.98
20130119	13.52	15.36	-11.98
20130120	13.52	15.36	-11.98
20130121	13.54	15.35	-11.79
20130122	13.67	15.39	-11.18
20130123	13.69	15.41	-11.16
20130124	13.59	15.6	-12.88
20130125	13.55	15.79	-14.19
20130126	13.55	15.79	-14.19
20130127	13.55	15.79	-14.19
20130128	13.55	15.78	-14.13
20130129	13.62	15.69	-13.19
20130130	13.68	15.65	-12.59
20130131	13.78	15.58	-11.55
20130201	13.96	15.86	-11.98
20130202	13.96	15.86	-11.98
20130203	13.96	15.86	-11.98
20130204	13.87	15.63	-11.26
20130205	13.95	15.75	-11.43
20130206	14	15.81	-11.45
20130207	14.19	15.87	-10.59
20130208	14.43	16.04	-10.04
20130209	14.43	16.04	-10.04
20130210	14.43	16.04	-10.04
20130211	14.45	16.06	-10.02
20130212	14.51	16.14	-10.1
20130213	14.62	16.22	-9.86
20130214	14.74	16.22	-9.12
20130215	14.95	16.38	-8.73
20130216	14.95	16.38	-8.73
20130217	14.95	16.38	-8.73
20130218	14.95	16.38	-8.73
20130219	15.12	16.57	-8.75
20130220	15.02	16.45	-8.69
20130221	15	16.39	-8.48
20130222	15.04	16.46	-8.63
20130223	15.04	16.46	-8.63
20130224	15.04	16.46	-8.63
20130225	15.25	16.27	-6.27
20130226	15.07	16.4	-8.11
20130227	15.09	16.54	-8.77
20130228	15.37	16.59	-7.35
20130301	15.36	16.64	-7.69
20130302	15.36	16.64	-7.69
20130303	15.36	16.64	-7.69
20130304	15.06	16.71	-9.87
20130305	15.25	16.83	-9.39
20130306	15.3	16.88	-9.36
20130307	15.29	16.96	-9.85
20130308	15.26	17.04	-10.45
20130309	15.26	17.04	-10.45
20130310	15.26	17.04	-10.45
20130311	15.39	17.06	-9.79
20130312	15.38	16.98	-9.42
20130313	15.27	17.03	-10.33
20130314	15.32	17.18	-10.83
20130315	15.37	16.94	-9.27
20130316	15.37	16.94	-9.27
20130317	15.37	16.94	-9.27
20130318	15.25	16.89	-9.71
20130319	15.18	16.98	-10.6
20130320	15.25	17.1	-10.82
20130321	15.17	16.91	-10.29
20130322	15.1	16.92	-10.76
20130323	15.1	16.92	-10.76
20130324	15.1	16.92	-10.76
20130325	15.05	16.93	-11.1
20130326	15	16.93	-11.4
20130327	15.05	16.9	-10.95
20130328	15.15	16.96	-10.67
20130329	15.15	16.96	-10.67
20130330	15.15	16.96	-10.67
20130331	15.15	16.96	-10.67
20130401	15.25	16.94	-9.98
20130402	15.29	16.88	-9.42
20130403	15.09	16.59	-9.04
20130404	15.2	16.7	-8.98
20130405	15.15	16.7	-9.28
20130406	15.15	16.7	-9.28
20130407	15.15	16.7	-9.28
20130408	15.2	16.83	-9.69
20130409	15.28	16.79	-8.99
20130410	15.35	17.05	-9.97
20130411	15.38	17.02	-9.64
20130412	15.38	16.98	-9.42
20130413	15.38	16.98	-9.42
20130414	15.38	16.98	-9.42
20130415	15.25	16.63	-8.3
20130416	15.29	16.84	-9.2
20130417	15	16.59	-9.58
20130418	15	16.42	-8.65
20130419	15.14	16.61	-8.85
20130420	15.14	16.61	-8.85
20130421	15.14	16.61	-8.85
20130422	15.18	16.66	-8.88
20130423	15.2	16.88	-9.95
20130424	15.2	17.01	-10.64
20130425	15.32	17.08	-10.3
20130426	15.3	16.83	-9.09
20130427	15.3	16.83	-9.09
20130428	15.3	16.83	-9.09
20130429	15.32	16.92	-9.46
20130430	15.25	16.93	-9.92
20130501	15.2	16.74	-9.2
20130502	15.18	16.91	-10.23
20130503	15.28	17.19	-11.11
20130504	15.28	17.19	-11.11
20130505	15.28	17.19	-11.11
20130506	15.54	17.24	-9.86
20130507	15.45	17.3	-10.69
20130508	15.51	17.32	-10.45
20130509	16.54	17.27	-4.23
20130510	16.35	17.53	-6.73
20130511	16.35	17.53	-6.73
20130512	16.35	17.53	-6.73
20130513	16.7	17.51	-4.63
20130514	16.9	17.75	-4.79
20130515	16.6	17.86	-7.05
20130516	16.96	17.79	-4.67
20130517	16.77	18.16	-7.65
20130518	16.77	18.16	-7.65
20130519	16.77	18.16	-7.65
20130520	16.77	18.16	-7.65
20130521	17.09	18.2	-6.1
20130522	17	18.12	-6.18
20130523	16.86	18.01	-6.39
20130524	16.93	18.03	-6.1
20130525	16.93	18.03	-6.1
20130526	16.93	18.03	-6.1
20130527	16.97	18.02	-5.83
20130528	16.91	18.38	-8
20130529	17.13	18.24	-6.09
20130530	17	18.24	-6.8
20130531	17.15	18.12	-5.35
20130601	17.15	18.12	-5.35
20130602	17.15	18.12	-5.35
20130603	16.99	18.03	-5.77
20130604	16.95	18.11	-6.41
20130605	16.91	17.92	-5.64
20130606	16.9	17.84	-5.27
20130607	16.85	18.01	-6.44
20130608	16.85	18.01	-6.44
20130609	16.85	18.01	-6.44
20130610	16.87	18.1	-6.8
20130611	16.85	17.85	-5.6
20130612	16.77	17.71	-5.31
20130613	16.99	17.85	-4.82
20130614	16.75	17.77	-5.74
20130615	16.75	17.77	-5.74
20130616	16.75	17.77	-5.74
20130617	16.87	17.87	-5.6
20130618	17	18.1	-6.08
20130619	16.9	18.02	-6.22
20130620	16.3	17.84	-8.63
20130621	16.51	18.04	-8.48
20130622	16.51	18.04	-8.48
20130623	16.51	18.04	-8.48
20130624	16.56	17.9	-7.49
20130625	16.76	18.05	-7.15
20130626	16.85	18.04	-6.6
20130627	16.92	18.29	-7.49
20130628	16.99	18.36	-7.46
20130629	16.99	18.36	-7.46
20130630	16.99	18.36	-7.46
20130701	16.99	18.36	-7.46
20130702	16.95	18.55	-8.63
20130703	17.05	18.49	-7.79
20130704	17.09	18.5	-7.62
20130705	17.2	18.85	-8.75
20130706	17.2	18.85	-8.75
20130707	17.2	18.85	-8.75
20130708	18.09	18.93	-4.44
20130709	18.37	18.99	-3.26
20130710	18.1	19.05	-4.99
20130711	18.26	19.03	-4.05
20130712	18.08	19.14	-5.54
20130713	18.08	19.14	-5.54
20130714	18.08	19.14	-5.54
20130715	18.49	19.23	-3.85
20130716	18.63	19.23	-3.12
20130717	18.75	19.34	-3.05
20130718	18.82	19.52	-3.59
20130719	18.71	19.4	-3.56
20130720	18.71	19.4	-3.56
20130721	18.71	19.4	-3.56
20130722	18.58	19.38	-4.13
20130723	18.7	19.3	-3.11
20130724	18.37	19.34	-5.02
20130725	18.18	19.32	-5.9
20130726	18.21	19.25	-5.4
20130727	18.21	19.25	-5.4
20130728	18.21	19.25	-5.4
20130729	18.41	19.06	-3.41
20130730	18.36	19.16	-4.18
20130731	18.37	19.31	-4.87
20130801	18.24	19.76	-7.69
20130802	18.46	19.87	-7.1
20130803	18.46	19.87	-7.1
20130804	18.46	19.87	-7.1
20130805	18.46	19.87	-7.1
20130806	18.38	19.74	-6.89
20130807	18	19.61	-8.21
20130808	17.94	19.56	-8.28
20130809	18.2	19.46	-6.47
20130810	18.2	19.46	-6.47
20130811	18.2	19.46	-6.47
20130812	18.2	19.46	-6.47
20130813	18.3	19.58	-6.54
20130814	18	19.5	-7.69
20130815	18	19.19	-6.2
20130816	17.85	19.19	-6.98
20130817	17.85	19.19	-6.98
20130818	17.85	19.19	-6.98
20130819	17.85	19.04	-6.25
20130820	17.6	19.24	-8.52
20130821	18.19	19.3	-5.75
20130822	18.2	19.6	-7.14
20130823	18.5	19.69	-6.04
20130824	18.5	19.69	-6.04
20130825	18.5	19.69	-6.04
20130826	18.35	19.65	-6.62
20130827	18	19.22	-6.35
20130828	18.24	19.26	-5.3
20130829	18.3	19.42	-5.77
20130830	18.57	19.22	-3.38
20130831	18.57	19.22	-3.38
20130901	18.57	19.22	-3.38
20130902	18.57	19.22	-3.38
20130903	18.7	19.4	-3.61
20130904	18.74	19.41	-3.45
20130905	18.8	19.52	-3.69
20130906	18.81	19.32	-2.64
20130907	18.81	19.32	-2.64
20130908	18.81	19.32	-2.64
20130909	18.79	19.46	-3.44
20130910	18.86	19.69	-4.22
20130911	18.87	19.7	-4.21
20130912	18.71	19.57	-4.39
20130913	18.96	19.67	-3.61
20130914	18.96	19.67	-3.61
20130915	18.96	19.67	-3.61
20130916	19	19.71	-3.6
20130917	19.05	19.81	-3.84
20130918	19.25	19.72	-2.38
20130919	19.49	19.71	-1.12
20130920	19.46	19.7	-1.22
20130921	19.46	19.7	-1.22
20130922	19.46	19.7	-1.22
20130923	19.35	19.61	-1.33
20130924	19.3	19.65	-1.78
20130925	19.1	19.67	-2.9
20130926	19.05	19.77	-3.64
20130927	18.97	19.68	-3.61
20130928	18.97	19.68	-3.61
20130929	18.97	19.68	-3.61
20130930	19.1	19.57	-2.4
20131001	19.14	19.82	-3.43
20131002	19.28	19.81	-2.68
20131003	19.4	19.67	-1.37
20131004	19.3	19.72	-2.13
20131005	19.3	19.72	-2.13
20131006	19.3	19.72	-2.13
20131007	19.32	19.46	-0.72
20131008	19.2	19.27	-0.36
20131009	19.18	19.32	-0.72
20131010	19.14	19.67	-2.69
20131011	19.25	19.86	-3.07
20131012	19.25	19.86	-3.07
20131013	19.25	19.86	-3.07
20131014	19.25	19.86	-3.07
20131015	19.03	19.73	-3.55
20131016	19.35	19.93	-2.91
20131017	19.65	19.95	-1.5
20131018	19.68	20.05	-1.85
20131019	19.68	20.05	-1.85
20131020	19.68	20.05	-1.85
20131021	19.63	20.05	-2.09
20131022	19.71	20.07	-1.79
20131023	20.33	19.94	1.96
20131024	20.7	20.07	3.14
20131025	20.72	20.17	2.73
20131026	20.72	20.17	2.73
20131027	20.72	20.17	2.73
20131028	20.3	20.15	0.74
20131029	20.5	20.29	1.03
20131030	20.1	20.18	-0.4
20131031	20.05	20.16	-0.55
20131101	20.59	20.14	2.23
20131102	20.59	20.14	2.23
20131103	20.59	20.14	2.23
20131104	20.87	20.2	3.32
20131105	20.7	20.2	2.48
20131106	20.88	20.23	3.21
20131107	21	20.03	4.84
20131108	20.8	20.35	2.21
20131109	20.8	20.35	2.21
20131110	20.8	20.35	2.21
20131111	20.6	20.32	1.38
20131112	20.4	20.34	0.29
20131113	20.69	20.41	1.37
20131114	20.4	20.47	-0.34
20131115	20.99	20.52	2.29
20131116	20.99	20.52	2.29
20131117	20.99	20.52	2.29
20131118	21.35	20.36	4.86
20131119	21.3	20.23	5.29
20131120	20.7	20.17	2.63
20131121	20.61	20.53	0.39
20131122	20.61	20.65	-0.19
20131123	20.61	20.65	-0.19
20131124	20.61	20.65	-0.19
20131125	20.45	20.7	-1.21
20131126	20.4	20.7	-1.45
20131127	21.1	20.88	1.05
20131128	20.74	20.89	-0.72
20131129	20.74	20.87	-0.62
20131130	20.74	20.87	-0.62
20131201	20.74	20.87	-0.62
20131202	20.49	20.87	-1.82
20131203	20.5	20.81	-1.49
20131204	20.62	20.94	-1.53
20131205	20.65	20.9	-1.2
20131206	21	21.7	-3.23
20131207	21	21.7	-3.23
20131208	21	21.7	-3.23
20131209	21.5	21.74	-1.1
20131210	21.5	21.62	-0.56
20131211	21.53	21.37	0.75
20131212	21.4	21.41	-0.05
20131213	21.9	21.34	2.62
20131214	21.9	21.34	2.62
20131215	21.9	21.34	2.62
20131216	21.83	21.54	1.35
20131217	21.56	21.57	-0.05
20131218	22.1	21.87	1.05
20131219	22.1	21.82	1.28
20131220	22.85	22.05	3.63
20131221	22.85	22.05	3.63
20131222	22.85	22.05	3.63
20131223	23	22.02	4.45
20131224	23.4	22.12	5.79
20131225	23.4	22.12	5.79
20131226	23.4	22.12	5.79
20131227	24	22.34	7.43
20131228	24	22.34	7.43
20131229	24	22.34	7.43
20131230	23.56	22.25	5.89
20131231	23.2	22.33	3.9
20140101	23.2	22.33	3.9
20140102	22.79	22.12	3.03
20140103	22.5	22.14	1.63
20140104	22.5	22.14	1.63
20140105	22.5	22.14	1.63
20140106	22.39	22.13	1.17
20140107	23.23	22.43	3.57
20140108	23.3	22.7	2.64
20140109	23.89	22.83	4.64
20140110	23.95	23.03	3.99
20140111	23.95	23.03	3.99
20140112	23.95	23.03	3.99
20140113	23.76	22.75	4.44
20140114	23.8	23.05	3.25
20140115	24.35	23.25	4.73
20140116	24.4	23.16	5.35
20140117	24.2	23.2	4.31
20140118	24.2	23.2	4.31
20140119	24.2	23.2	4.31
20140120	24.29	23.19	4.74
20140121	24.25	23.27	4.21
20140122	23.96	23.52	1.87
20140123	23.3	23.46	-0.68
20140124	23.3	22.82	2.1
20140125	23.3	22.82	2.1
20140126	23.3	22.82	2.1
20140127	23.6	22.71	3.92
20140128	23.9	22.94	4.18
20140129	24.3	22.84	6.39
20140130	24.39	23.02	5.95
20140131	24.3	22.79	6.63
20140201	24.3	22.79	6.63
20140202	24.3	22.79	6.63
20140203	23.25	22.17	4.87
20140204	23.46	22.26	5.39
20140205	23.04	22.33	3.18
20140206	23.3	22.39	4.06
20140207	24.13	22.51	7.2
20140208	24.13	22.51	7.2
20140209	24.13	22.51	7.2
20140210	24.3	22.57	7.67
20140211	24.25	22.74	6.64
20140212	24.22	22.79	6.27
20140213	24.21	22.97	5.4
20140214	24.25	23.04	5.25
20140215	24.25	23.04	5.25
20140216	24.25	23.04	5.25
20140217	24.25	23.04	5.25
20140218	24.24	23.05	5.16
20140219	24.03	23.13	3.89
20140220	24.31	23.36	4.07
20140221	24.19	23.45	3.16
20140222	24.19	23.45	3.16
20140223	24.19	23.45	3.16
20140224	24.3	23.4	3.85
20140225	24.17	23.39	3.33
20140226	23.88	23.46	1.79
20140227	23.89	23.62	1.14
20140228	23.95	23.61	1.44
20140301	23.95	23.61	1.44
20140302	23.95	23.61	1.44
20140303	23.55	23.49	0.26
20140304	24.19	23.95	1
20140305	24.19	23.84	1.47
20140306	24.18	23.76	1.77
20140307	24.24	24.04	0.83
20140308	24.24	24.04	0.83
20140309	24.24	24.04	0.83
20140310	24.11	23.99	0.5
20140311	23.53	23.81	-1.18
20140312	23.94	23.85	0.38
20140313	23.94	23.41	2.26
20140314	24.95	23.4	6.62
20140315	24.95	23.4	6.62
20140316	24.95	23.4	6.62
20140317	24.58	23.57	4.29
20140318	24.85	23.91	3.93
20140319	24.63	24.12	2.11
20140320	24.62	24.3	1.32
20140321	24.4	24.22	0.74
20140322	24.4	24.22	0.74
20140323	24.4	24.22	0.74
20140324	24.545	24.16	1.59
20140325	24.1	24.09	0.04
20140326	23.75	23.75	0
20140327	23.81	23.63	0.76
20140328	24.01	23.74	1.14
20140329	24.01	23.74	1.14
20140330	24.01	23.74	1.14
20140331	24.05	24	0.21
20140401	24.35	24.17	0.74
20140402	24.5	24.29	0.86
20140403	24.44	24.27	0.7
20140404	23.89	23.83	0.25
20140405	23.89	23.83	0.25
20140406	23.89	23.83	0.25
20140407	24.05	23.51	2.3
20140408	24.28	23.45	3.54
20140409	23.9	23.7	0.84
20140410	23.8	23.29	2.19
20140411	23.98	23.07	3.94
20140412	23.98	23.07	3.94
20140413	23.98	23.07	3.94
20140414	23.65	23.1	2.38
20140415	23.9	23.25	2.8
20140416	23.9	23.52	1.62
20140417	23.99	23.6	1.65
20140418	23.99	23.6	1.65
20140419	23.99	23.6	1.65
20140420	23.99	23.6	1.65
20140421	23.96	23.71	1.05
20140422	23.98	23.84	0.59
20140423	23.84	23.81	0.13
20140424	24.55	23.82	3.06
20140425	24.5	23.54	4.08
20140426	24.5	23.54	4.08
20140427	24.5	23.54	4.08
20140428	24.5	23.34	4.97
20140429	24.35	23.16	5.14
20140430	24.39	23.26	4.86
20140501	24.35	23.33	4.37
20140502	24.4	23.26	4.9
20140503	24.4	23.26	4.9
20140504	24.4	23.26	4.9
20140505	24.3	23.22	4.65
20140506	24.15	22.86	5.64
20140507	24.29	23.01	5.56
20140508	24.31	22.91	6.11
20140509	24.25	22.99	5.48
20140510	24.25	22.99	5.48
20140511	24.25	22.99	5.48
20140512	23.99	23.33	2.83
20140513	23.95	23.24	3.06
20140514	23.85	23.08	3.34
20140515	23.51	22.9	2.66
20140516	23.9	22.93	4.23
20140517	23.9	22.93	4.23
20140518	23.9	22.93	4.23
20140519	23.9	22.93	4.23
20140520	23.9	22.96	4.09
20140521	23.97	23.2	3.32
20140522	23.8	23.24	2.41
20140523	23.7	23.31	1.67
20140524	23.7	23.31	1.67
20140525	23.7	23.31	1.67
20140526	23.74	23.3	1.89
20140527	23.89	23.48	1.75
20140528	23.75	23.45	1.28
20140529	23.92	23.44	2.05
20140530	23.94	23.47	2
20140531	23.94	23.47	2
20140601	23.94	23.47	2
20140602	23.95	23.53	1.78
20140603	24.1	23.6	2.12
20140604	24.09	23.74	1.47
20140605	23.85	23.91	-0.25
20140606	23.71	24.03	-1.33
20140607	23.71	24.03	-1.33
20140608	23.71	24.03	-1.33
20140609	23.77	24.04	-1.12
20140610	23.88	23.99	-0.46
20140611	23.75	23.77	-0.08
20140612	24.25	23.57	2.89
20140613	24	23.59	1.74
20140614	24	23.59	1.74
20140615	24	23.59	1.74
20140616	24.19	23.57	2.63
20140617	24.1	23.72	1.6
20140618	24.03	23.76	1.14
20140619	24.1	23.81	1.22
20140620	24.09	23.73	1.52
20140621	24.09	23.73	1.52
20140622	24.09	23.73	1.52
20140623	24.08	23.64	1.86
20140624	23.95	23.5	1.91
20140625	23.8	23.53	1.15
20140626	24.1	23.5	2.55
20140627	23.95	23.51	1.87
20140628	23.95	23.51	1.87
20140629	23.95	23.51	1.87
20140630	24.03	23.64	1.65
20140701	24.03	23.64	1.65
20140702	23.9	23.84	0.25
20140703	23.9	23.9	0
20140704	23.91	23.94	-0.13
20140705	23.91	23.94	-0.13
20140706	23.91	23.94	-0.13
20140707	23.82	23.75	0.29
20140708	23.8	23.57	0.98
20140709	23.65	23.59	0.25
20140710	23.69	23.43	1.11
20140711	23.68	23.55	0.55
20140712	23.68	23.55	0.55
20140713	23.68	23.55	0.55
20140714	23.68	23.66	0.08
20140715	23.65	23.7	-0.21
20140716	23.79	23.73	0.25
20140717	23.46	23.64	-0.76
20140718	23.75	23.76	-0.04
20140719	23.75	23.76	-0.04
20140720	23.75	23.76	-0.04
20140721	23.8	23.71	0.38
20140722	23.75	23.85	-0.42
20140723	24	23.69	1.31
20140724	23.73	23.7	0.13
20140725	23.67	23.73	-0.25
20140726	23.67	23.73	-0.25
20140727	23.67	23.73	-0.25
20140728	24.25	23.68	2.41
20140729	24.25	23.62	2.67
20140730	24.1	23.67	1.82
20140731	23.6	23.33	1.16
20140801	23.46	23.38	0.34
20140802	23.46	23.38	0.34
20140803	23.46	23.38	0.34
20140804	23.46	23.38	0.34
20140805	23.33	23.41	-0.34
20140806	23.32	23.29	0.13
20140807	23.1	23.21	-0.47
20140808	23.76	23.42	1.45
20140809	23.76	23.42	1.45
20140810	23.76	23.42	1.45
20140811	23.5	23.44	0.26
20140812	23.41	23.43	-0.09
20140813	23.6	23.58	0.08
20140814	23.9	23.64	1.1
20140815	24.18	23.63	2.33
20140816	24.18	23.63	2.33
20140817	24.18	23.63	2.33
20140818	24.25	23.75	2.11
20140819	24.62	23.94	2.84
20140820	24.51	23.94	2.38
20140821	24.41	24.05	1.5
20140822	24.5	23.99	2.13
20140823	24.5	23.99	2.13
20140824	24.5	23.99	2.13
20140825	24.36	24.12	1
20140826	24.4	24.14	1.08
20140827	24.11	24.04	0.29
20140828	23.85	23.89	-0.17
20140829	24.17	23.97	0.83
20140830	24.17	23.97	0.83
20140831	24.17	23.97	0.83
20140901	24.17	23.97	0.83
20140902	24.05	24.18	-0.54
20140903	24.05	24.08	-0.12
20140904	24.25	24.02	0.96
20140905	24.19	24.06	0.54
20140906	24.19	24.06	0.54
20140907	24.19	24.06	0.54
20140908	24.18	24.21	-0.12
20140909	24.1	24.22	-0.5
20140910	24.36	24.11	1.04
20140911	24.2	24.39	-0.78
20140912	24.28	24.37	-0.37
20140913	24.28	24.37	-0.37
20140914	24.28	24.37	-0.37
20140915	24.09	24.36	-1.11
20140916	24.13	24.27	-0.58
20140917	24.29	24.25	0.16
20140918	24.28	24.42	-0.57
20140919	24.27	24.34	-0.29
20140920	24.27	24.34	-0.29
20140921	24.27	24.34	-0.29
20140922	24.26	24.27	-0.04
20140923	24.2	24.17	0.12
20140924	24.2	24.33	-0.53
20140925	24	24.07	-0.29
20140926	24.04	24.3	-1.07
20140927	24.04	24.3	-1.07
20140928	24.04	24.3	-1.07
20140929	23.95	24.17	-0.91
20140930	23.9	24.14	-0.99
20141001	23.74	23.77	-0.13
20141002	23.69	23.74	-0.21
20141003	24.1	24.14	-0.17
20141004	24.1	24.14	-0.17
20141005	24.1	24.14	-0.17
20141006	23.8	23.94	-0.58
20141007	23.6	23.58	0.08
20141008	23.7	23.69	0.04
20141009	23.42	23.33	0.39
20141010	23.3	22.88	1.84
20141011	23.3	22.88	1.84
20141012	23.3	22.88	1.84
20141013	23.3	22.88	1.84
20141014	23.05	22.99	0.26
20141015	22.6	22.84	-1.05
20141016	22.92	22.89	0.13
20141017	23.09	23.25	-0.69
20141018	23.09	23.25	-0.69
20141019	23.09	23.25	-0.69
20141020	23.25	23.45	-0.85
20141021	23.86	23.82	0.17
20141022	23.75	23.59	0.68
20141023	24	24	0
20141024	23.95	24.11	-0.66
20141025	23.95	24.11	-0.66
20141026	23.95	24.11	-0.66
20141027	23.89	24.14	-1.04
20141028	23.97	24.36	-1.6
20141029	23.78	24.34	-2.3
20141030	24.15	24.49	-1.39
20141031	24.35	25.08	-2.91
20141101	24.35	25.08	-2.91
20141102	24.35	25.08	-2.91
20141103	24.55	25.26	-2.81
20141104	24.57	25.41	-3.31
20141105	24.9	25.59	-2.7
20141106	24.86	25.8	-3.64
20141107	24.74	25.55	-3.17
20141108	24.74	25.55	-3.17
20141109	24.74	25.55	-3.17
20141110	24.95	25.55	-2.35
20141111	24.95	25.61	-2.58
20141112	24.9	25.54	-2.51
20141113	25.11	25.58	-1.84
20141114	24.76	25.49	-2.86
20141115	24.76	25.49	-2.86
20141116	24.76	25.49	-2.86
20141117	25.04	25.44	-1.57
20141118	25.23	25.59	-1.41
20141119	24.99	25.61	-2.42
20141120	25.03	25.68	-2.53
20141121	25.06	25.65	-2.3
20141122	25.06	25.65	-2.3
20141123	25.06	25.65	-2.3
20141124	25.1	25.83	-2.83
20141125	25.1	25.79	-2.68
20141126	25.1	25.77	-2.6
20141127	24.97	25.94	-3.74
20141128	25.51	26.1	-2.26
20141129	25.51	26.1	-2.26
20141130	25.51	26.1	-2.26
20141201	25.15	25.68	-2.06
20141202	25.27	25.88	-2.36
20141203	25.45	25.96	-1.96
20141204	25.3	26.06	-2.92
20141205	25.6	26.29	-2.62
20141206	25.6	26.29	-2.62
20141207	25.6	26.29	-2.62
20141208	25.63	26.15	-1.99
20141209	25.42	26.09	-2.57
20141210	25.31	25.67	-1.4
20141211	25.46	27	-5.7
20141212	26.35	26.63	-1.05
20141213	26.35	26.63	-1.05
20141214	26.35	26.63	-1.05
20141215	26.13	26.6	-1.77
20141216	26.12	26.46	-1.28
20141217	26.61	26.85	-0.89
20141218	26.25	27.29	-3.81
20141219	26.75	27.53	-2.83
20141220	26.75	27.53	-2.83
20141221	26.75	27.53	-2.83
20141222	26.62	27.67	-3.79
20141223	26.8	27.74	-3.39
20141224	26.85	27.76	-3.28
20141225	26.85	27.76	-3.28
20141226	26.85	27.76	-3.28
20141227	26.85	27.76	-3.28
20141228	26.85	27.76	-3.28
20141229	27.1	27.91	-2.9
20141230	27.25	27.72	-1.7
20141231	27	27.53	-1.93
20150101	27	27.53	-1.93
20150102	27.1	27.67	-2.06
20150103	27.1	27.67	-2.06
20150104	27.1	27.67	-2.06
20150105	26.74	27.22	-1.76
20150106	26.6	26.99	-1.44
20150107	26.7	27.19	-1.8
20150108	27.1	27.47	-1.35
20150109	27.2	27.38	-0.66
20150110	27.2	27.38	-0.66
20150111	27.2	27.38	-0.66
20150112	27.2	27.3	-0.37
20150113	27.2	27.32	-0.44
20150114	27.55	27.18	1.36
20150115	27.25	26.87	1.41
20150116	27.7	27.23	1.73
20150117	27.7	27.23	1.73
20150118	27.7	27.23	1.73
20150119	27.5	27.21	1.07
20150120	27.31	27.44	-0.47
20150121	28.24	28.05	0.68
20150122	28.88	28.35	1.87
20150123	28.97	28.29	2.4
20150124	28.97	28.29	2.4
20150125	28.97	28.29	2.4
20150126	28.8	28.49	1.09
20150127	28.79	28.14	2.31
20150128	28.55	27.95	2.15
20150129	29.13	28.38	2.64
20150130	29.76	28.3	5.16
20150131	29.76	28.3	5.16
20150201	29.76	28.3	5.16
20150202	29.89	28.4	5.25
20150203	28.86	28.68	0.63
20150204	28.5	28.68	-0.63
20150205	28.7	28.67	0.1
20150206	29.14	28.84	1.04
20150207	29.14	28.84	1.04
20150208	29.14	28.84	1.04
20150209	29.47	28.62	2.97
20150210	29.55	28.99	1.93
20150211	29.68	29.32	1.23
20150212	29.6	29.35	0.85
20150213	29.45	29.56	-0.37
20150214	29.45	29.56	-0.37
20150215	29.45	29.56	-0.37
20150216	29.45	29.56	-0.37
20150217	29.88	29.58	1.01
20150218	29.74	29.69	0.17
20150219	29.75	29.91	-0.53
20150220	30.1	30.19	-0.3
20150221	30.1	30.19	-0.3
20150222	30.1	30.19	-0.3
20150223	30.06	30.29	-0.76
20150224	29.95	30.32	-1.22
20150225	30.25	30.19	0.2
20150226	30.4	30.33	0.23
20150227	30.61	30.35	0.86
20150228	30.61	30.35	0.86
20150301	30.61	30.35	0.86
20150302	30.58	30.53	0.16
20150303	31.86	30.2	5.5
20150304	31.1	30.06	3.46
20150305	30.5	30.14	1.19
20150306	30.5	30.21	0.96
20150307	30.5	30.21	0.96
20150308	30.5	30.21	0.96
20150309	30.97	30.22	2.48
20150310	30.57	29.9	2.24
20150311	30.75	30.21	1.79
20150312	31	30.42	1.91
20150313	30.95	30.63	1.04
20150314	30.95	30.63	1.04
20150315	30.95	30.63	1.04
20150316	31.15	30.81	1.1
20150317	31.7	30.78	2.99
20150318	31.71	30.74	3.16
20150319	32.09	30.88	3.92
20150320	32.71	30.78	6.27
20150321	32.71	30.78	6.27
20150322	32.71	30.78	6.27
20150323	33.3	30.55	9
20150324	32.75	30.47	7.48
20150325	32.75	30.14	8.66
20150326	32.1	30.07	6.75
20150327	32	30.55	4.75
20150328	32	30.55	4.75
20150329	32	30.55	4.75
20150330	32.48	31.01	4.74
20150331	32	30.86	3.69
20150401	31.7	30.64	3.46
20150402	31.91	30.78	3.67
20150403	31.91	30.78	3.67
20150404	31.91	30.78	3.67
20150405	31.91	30.78	3.67
20150406	32	30.77	4
20150407	31.66	30.83	2.69
20150408	31.99	30.95	3.36
20150409	31.99	31.13	2.76
20150410	32.25	31.23	3.27
20150411	32.25	31.23	3.27
20150412	32.25	31.23	3.27
20150413	32.49	31.19	4.17
20150414	32.1	30.95	3.72
20150415	32.34	30.85	4.83
20150416	32.48	30.62	6.07
20150417	32.35	30.35	6.59
20150418	32.35	30.35	6.59
20150419	32.35	30.35	6.59
20150420	32.34	30.53	5.93
20150421	32.01	30.67	4.37
20150422	32.24	30.77	4.78
20150423	32.23	30.47	5.78
20150424	32.6	30.64	6.4
20150425	32.6	30.64	6.4
20150426	32.6	30.64	6.4
20150427	32.02	30.42	5.26
20150428	32.02	30.31	5.64
20150429	31.9	30.21	5.59
20150430	31.73	30.17	5.17
20150501	31.98	30.56	4.65
20150502	31.98	30.56	4.65
20150503	31.98	30.56	4.65
20150504	31.35	30.45	2.96
20150505	31.75	30.08	5.55
20150506	32.01	30.01	6.66
20150507	32.1	30.33	5.84
20150508	32.75	30.59	7.06
20150509	32.75	30.59	7.06
20150510	32.75	30.59	7.06
20150511	33.55	30.61	9.6
20150512	33.46	30.21	10.76
20150513	32	30.23	5.86
20150514	32.7	30.53	7.11
20150515	33.47	30.66	9.17
20150516	33.47	30.66	9.17
20150517	33.47	30.66	9.17
20150518	33.47	30.66	9.17
20150519	33.4	31.17	7.15
20150520	33.3	31.3	6.39
20150521	34	31.31	8.59
20150522	34.45	31.45	9.54
20150523	34.45	31.45	9.54
20150524	34.45	31.45	9.54
20150525	34.75	31.48	10.39
20150526	34.46	31.45	9.57
20150527	34.49	31.87	8.22
20150528	34.68	31.78	9.13
20150529	34.58	31.64	9.29
20150530	34.58	31.64	9.29
20150531	34.58	31.64	9.29
20150601	34.76	31.85	9.14
20150602	34.7	31.59	9.84
20150603	34.8	31.91	9.06
20150604	34.39	31.66	8.62
20150605	34.75	31.71	9.59
20150606	34.75	31.71	9.59
20150607	34.75	31.71	9.59
20150608	34.32	31.44	9.16
20150609	34.2	31.22	9.55
20150610	34.4	31.44	9.41
20150611	34.87	31.6	10.35
20150612	34.75	31.43	10.56
20150613	34.75	31.43	10.56
20150614	34.75	31.43	10.56
20150615	34.59	31.3	10.51
20150616	34.48	31.42	9.74
20150617	34.2	31.21	9.58
20150618	34	31.41	8.25
20150619	34	31.46	8.07
20150620	34	31.46	8.07
20150621	34	31.46	8.07
20150622	34.2	31.74	7.75
20150623	34.35	31.85	7.85
20150624	34.12	31.85	7.13
20150625	34.16	31.56	8.24
20150626	34.26	31.54	8.62
20150627	34.26	31.54	8.62
20150628	34.26	31.54	8.62
20150629	34.6	30.98	11.68
20150630	34.61	31.42	10.15
20150701	34.61	31.42	10.15
20150702	34.71	31.71	9.46
20150703	35.1	31.68	10.8
20150704	35.1	31.68	10.8
20150705	35.1	31.68	10.8
20150706	34.9	31.61	10.41
20150707	35.5	31.78	11.71
20150708	35.45	31.31	13.22
20150709	35.31	31.38	12.52
20150710	35.18	31.55	11.51
20150711	35.18	31.55	11.51
20150712	35.18	31.55	11.51
20150713	35.61	31.92	11.56
20150714	35.96	32	12.38
20150715	36.8	32.26	14.07
20150716	37.15	32.42	14.59
20150717	37.85	32.42	16.75
20150718	37.85	32.42	16.75
20150719	37.85	32.42	16.75
20150720	38.4	32.32	18.81
20150721	37.75	32.21	17.2
20150722	37	32.35	14.37
20150723	37	32.21	14.87
20150724	37.5	31.97	17.3
20150725	37.5	31.97	17.3
20150726	37.5	31.97	17.3
20150727	37	31.59	17.13
20150728	37.25	31.68	17.58
20150729	36.99	31.84	16.17
20150730	37.47	32.14	16.58
20150731	37.16	32.17	15.51
20150801	37.16	32.17	15.51
20150802	37.16	32.17	15.51
20150803	37.16	32.17	15.51
20150804	36.82	32.37	13.75
20150805	37.01	32.56	13.67
20150806	36.73	32.24	13.93
20150807	36.25	32.09	12.96
20150808	36.25	32.09	12.96
20150809	36.25	32.09	12.96
20150810	36.775	32.51	13.12
20150811	36.5	32.3	13
20150812	36.5	31.9	14.42
20150813	36.91	32.09	15.02
20150814	37.29	32.7	14.04
20150815	37.29	32.7	14.04
20150816	37.29	32.7	14.04
20150817	37.2	32.82	13.35
20150818	36.81	32.7	12.57
20150819	36.38	32.55	11.77
20150820	36.5	31.82	14.71
20150821	34.45	31.2	10.42
20150822	34.45	31.2	10.42
20150823	34.45	31.2	10.42
20150824	33.49	30.27	10.64
20150825	34.1	30.2	12.91
20150826	33.7	30.96	8.85
20150827	35.7	31.47	13.44
20150828	36.49	31.73	15
20150829	36.49	31.73	15
20150830	36.49	31.73	15
20150831	35.98	31.52	14.15
20150901	34.88	30.73	13.5
20150902	35.99	31.25	15.17
20150903	35.01	31.24	12.07
20150904	35.12	30.91	13.62
20150905	35.12	30.91	13.62
20150906	35.12	30.91	13.62
20150907	35.12	30.91	13.62
20150908	35.89	31.28	14.74
20150909	35.82	31.14	15.03
20150910	35.13	31.18	12.67
20150911	34.9	31.3	11.5
20150912	34.9	31.3	11.5
20150913	34.9	31.3	11.5
20150914	34.88	31.14	12.01
20150915	35.19	31.45	11.89
20150916	34.9	31.54	10.65
20150917	34.7	31.42	10.44
20150918	34.6	30.75	12.52
20150919	34.6	30.75	12.52
20150920	34.6	30.75	12.52
20150921	34.6	30.9	11.97
20150922	33.96	30.54	11.2
20150923	33.42	30.38	10.01
20150924	33.25	30.21	10.06
20150925	33.88	30.13	12.45
20150926	33.88	30.13	12.45
20150927	33.88	30.13	12.45
20150928	31.98	29.56	8.19
20150929	30.75	29.55	4.06
20150930	32	30.08	6.38
20151001	33.51	29.91	12.04
20151002	33.35	30.09	10.83
20151003	33.35	30.09	10.83
20151004	33.35	30.09	10.83
20151005	34.15	30.59	11.64
20151006	34.5	30.57	12.86
20151007	34.48	30.74	12.17
20151008	34.75	30.91	12.42
20151009	34.74	30.82	12.72
20151010	34.74	30.82	12.72
20151011	34.74	30.82	12.72
20151012	34.74	30.82	12.72
20151013	34.12	30.6	11.5
20151014	34.06	30.4	12.04
20151015	34.4	30.55	12.6
20151016	34.36	30.55	12.47
20151017	34.36	30.55	12.47
20151018	34.36	30.55	12.47
20151019	34.24	30.47	12.37
20151020	34.76	30.46	14.12
20151021	34.55	30.41	13.61
20151022	34.5	30.86	11.8
20151023	34.1	31.35	8.77
20151024	34.1	31.35	8.77
20151025	34.1	31.35	8.77
20151026	34.2	31.19	9.65
20151027	34	31	9.68
20151028	33.62	31.58	6.46
20151029	33.72	31.55	6.88
20151030	33.06	31.37	5.39
20151031	33.06	31.37	5.39
20151101	33.06	31.37	5.39
20151102	33.35	31.72	5.14
20151103	33.4	31.6	5.7
20151104	33.3	31.71	5.01
20151105	33.6	31.7	5.99
20151106	34.43	32.04	7.46
20151107	34.43	32.04	7.46
20151108	34.43	32.04	7.46
20151109	34.03	31.65	7.52
20151110	33.02	31.61	4.46
20151111	33.49	31.56	6.12
20151112	33.29	31.06	7.18
20151113	33.95	31.08	9.23
20151114	33.95	31.08	9.23
20151115	33.95	31.08	9.23
20151116	33.7	31.33	7.56
20151117	33.12	31.25	5.98
20151118	33.54	31.59	6.17
20151119	33.87	31.53	7.42
20151120	33	31.66	4.23
20151121	33	31.66	4.23
20151122	33	31.66	4.23
20151123	32.77	31.69	3.41
20151124	32.47	31.73	2.33
20151125	32.4	31.75	2.05
20151126	32.85	31.77	3.4
20151127	32.1	31.92	0.56
20151128	32.1	31.92	0.56
20151129	32.1	31.92	0.56
20151130	32.09	31.92	0.53
20151201	32.25	32.16	0.28
20151202	32.2	31.87	1.04
20151203	32.34	31.4	2.99
20151204	32.07	31.61	1.46
20151205	32.07	31.61	1.46
20151206	32.07	31.61	1.46
20151207	32.61	31.46	3.66
20151208	32.25	31.24	3.23
20151209	32.49	31.09	4.5
20151210	33.4	32.33	3.31
20151211	33.38	31.94	4.51
20151212	33.38	31.94	4.51
20151213	33.38	31.94	4.51
20151214	32.99	31.71	4.04
20151215	31.99	31.92	0.22
20151216	32.73	32.21	1.61
20151217	32.54	32.09	1.4
20151218	32.4	31.91	1.54
20151219	32.4	31.91	1.54
20151220	32.4	31.91	1.54
20151221	32.27	32.09	0.56
20151222	32.49	32.38	0.34
20151223	32.75	32.74	0.03
20151224	32.66	32.78	-0.37
20151225	32.66	32.78	-0.37
20151226	32.66	32.78	-0.37
20151227	32.66	32.78	-0.37
20151228	32.66	32.78	-0.37
20151229	32.98	32.84	0.43
20151230	34.39	32.76	4.98
20151231	33.08	32.41	2.07
20160101	33.08	32.41	2.07
20160102	33.08	32.41	2.07
20160103	33.08	32.41	2.07
20160104	33.5	32.14	4.23
20160105	34.45	32.09	7.35
20160106	33.66	31.68	6.25
20160107	33.3	30.87	7.87
20160108	33.06	30.55	8.22
20160109	33.06	30.55	8.22
20160110	33.06	30.55	8.22
20160111	32.25	30.58	5.46
20160112	32.1	30.77	4.32
20160113	31.98	30.34	5.41
20160114	32.48	30.52	6.42
20160115	32.01	30.2	5.99
20160116	32.01	30.2	5.99
20160117	32.01	30.2	5.99
20160118	32.01	30.23	5.89
20160119	32.01	30.09	6.38
20160120	31.99	29.81	7.31
20160121	32.5	29.69	9.46
20160122	32.2	30.14	6.83
20160123	32.2	30.14	6.83
20160124	32.2	30.14	6.83
20160125	32.24	29.67	8.66
20160126	32.15	29.8	7.89
20160127	32.19	29.6	8.75
20160128	31.45	29.49	6.65
20160129	31.5	30.15	4.48
20160130	31.5	30.15	4.48
20160131	31.5	30.15	4.48
20160201	31.49	30.62	2.84
20160202	31.95	30.05	6.32
20160203	32.01	29.85	7.24
20160204	31.65	30.19	4.84
20160205	32	30.04	6.52
20160206	32	30.04	6.52
20160207	32	30.04	6.52
20160208	32.18	29.68	8.42
20160209	31.6	29.45	7.3
20160210	31.99	29.58	8.15
20160211	32	29.26	9.36
20160212	32.5	29.71	9.39
20160213	32.5	29.71	9.39
20160214	32.5	29.71	9.39
20160215	32.5	29.71	9.39
20160216	32.6	30.46	7.03
20160217	32.69	30.65	6.66
20160218	32.95	30.5	8.03
20160219	33.6	30.52	10.09
20160220	33.6	30.52	10.09
20160221	33.6	30.52	10.09
20160222	33.96	30.89	9.94
20160223	33.93	30.6	10.88
20160224	34.16	30.49	12.04
20160225	32.5	30.49	6.59
20160226	33.6	30.72	9.38
20160227	33.6	30.72	9.38
20160228	33.6	30.72	9.38
20160229	32.59	30.61	6.47
20160301	32.33	30.99	4.32
20160302	32.15	31.26	2.85
20160303	32.16	31.39	2.45
20160304	32.75	31.38	4.37
20160305	32.75	31.38	4.37
20160306	32.75	31.38	4.37
20160307	32.895	31.63	4
20160308	32.75	31.22	4.9
20160309	32.35	31.1	4.02
20160310	32.2	31.16	3.34
20160311	32.5	31.51	3.14
20160312	32.5	31.51	3.14
20160313	32.5	31.51	3.14
20160314	32.35	31.52	2.63
20160315	32.5	31.52	3.11
20160316	32.45	31.44	3.21
20160317	32.65	31.66	3.13
20160318	32.46	31.94	1.63
20160319	32.46	31.94	1.63
20160320	32.46	31.94	1.63
20160321	32.7	31.97	2.28
20160322	32.5	31.83	2.1
20160323	32.6	31.72	2.77
20160324	32.38	31.76	1.95
20160325	32.38	31.76	1.95
20160326	32.38	31.76	1.95
20160327	32.38	31.76	1.95
20160328	32.4	31.63	2.43
20160329	32.35	31.75	1.89
20160330	32.5	31.74	2.39
20160331	32.36	31.75	1.92
20160401	32.41	31.83	1.82
20160402	32.41	31.83	1.82
20160403	32.41	31.83	1.82
20160404	32.5	31.69	2.56
20160405	33	31.54	4.63
20160406	32.34	31.64	2.21
20160407	32	31.39	1.94
20160408	32.05	31.48	1.81
20160409	32.05	31.48	1.81
20160410	32.05	31.48	1.81
20160411	31.72	31.48	0.76
20160412	31.9	31.4	1.59
20160413	31.75	32.05	-0.94
20160414	32	32.19	-0.59
20160415	32.4	32.08	1
20160416	32.4	32.08	1
20160417	32.4	32.08	1
20160418	33	32.1	2.8
20160419	32.5	32.1	1.25
20160420	33	32.23	2.39
20160421	33.1	32.39	2.19
20160422	32.56	32.42	0.43
20160423	32.56	32.42	0.43
20160424	32.56	32.42	0.43
20160425	32.9	32.21	2.14
20160426	32.6	32.33	0.84
20160427	32.63	32.55	0.25
20160428	32.5	32.3	0.62
20160429	32.52	32.26	0.81
20160430	32.52	32.26	0.81
20160501	32.52	32.26	0.81
20160502	32.64	32.3	1.05
20160503	32.6	32.17	1.34
20160504	32.6	31.86	2.32
20160505	32.99	31.73	3.97
20160506	33	31.93	3.35
20160507	33	31.93	3.35
20160508	33	31.93	3.35
20160509	32.94	31.72	3.85
20160510	33.01	31.97	3.25
20160511	33.05	31.72	4.19
20160512	33.3	31.55	5.55
20160513	33.71	31.44	7.22
20160514	33.71	31.44	7.22
20160515	33.71	31.44	7.22
20160516	34.04	31.68	7.45
20160517	34	31.6	7.59
20160518	34.15	31.78	7.46
20160519	34.45	31.72	8.61
20160520	34.5	32.02	7.75
20160521	34.5	32.02	7.75
20160522	34.5	32.02	7.75
20160523	34.5	32.02	7.75
20160524	34.5	32.36	6.61
20160525	34.5	32.53	6.06
20160526	34.48	32.41	6.39
20160527	34.5	32.55	5.99
20160528	34.5	32.55	5.99
20160529	34.5	32.55	5.99
20160530	34.5	32.53	6.06
20160531	35	32.78	6.77
20160601	35	32.97	6.16
20160602	35.11	33.11	6.04
20160603	35.5	32.74	8.43
20160604	35.5	32.74	8.43
20160605	35.5	32.74	8.43
20160606	35.4	32.78	7.99
20160607	35.8	32.91	8.78
20160608	36.35	32.96	10.29
20160609	36.48	32.72	11.49
20160610	36.38	32.2	12.98
20160611	36.38	32.2	12.98
20160612	36.38	32.2	12.98
20160613	36.6	32	14.38
20160614	35.77	31.92	12.06
20160615	36.25	32.06	13.07
20160616	36.09	32.06	12.57
20160617	36.05	31.95	12.83
20160618	36.05	31.95	12.83
20160619	36.05	31.95	12.83
20160620	36.5	32.24	13.21
20160621	35.99	32.07	12.22
20160622	35.55	32.03	10.99
20160623	35.98	32.33	11.29
20160624	34.57	31.02	11.44
20160625	34.57	31.02	11.44
20160626	34.57	31.02	11.44
20160627	34.5	30.2	14.24
20160628	35	30.47	14.87
20160629	34.99	30.91	13.2
20160630	34.9	31.15	12.04
20160701	34.9	31.15	12.04
20160702	34.9	31.15	12.04
20160703	34.9	31.15	12.04
20160704	34.99	31.19	12.18
20160705	34.96	30.87	13.25
20160706	35.18	30.92	13.78
20160707	34.6	31.11	11.22
20160708	34.99	31.73	10.27
20160709	34.99	31.73	10.27
20160710	34.99	31.73	10.27
20160711	34.89	32.09	8.73
20160712	34.92	32.25	8.28
20160713	35	32.23	8.59
20160714	35.01	32.33	8.29
20160715	35.5	32.4	9.57
20160716	35.5	32.4	9.57
20160717	35.5	32.4	9.57
20160718	35.5	32.45	9.4
20160719	35.24	32.44	8.63
20160720	35.05	32.82	6.79
20160721	34.81	32.83	6.03
20160722	35.2	32.96	6.8
20160723	35.2	32.96	6.8
20160724	35.2	32.96	6.8
20160725	35.1	32.98	6.43
20160726	34.99	33.08	5.77
20160727	35.19	32.96	6.77
20160728	35.02	32.9	6.44
20160729	35.48	32.85	8.01
20160730	35.48	32.85	8.01
20160731	35.48	32.85	8.01
20160801	35.48	32.85	8.01
20160802	35.3	32.23	9.53
20160803	35.5	32.46	9.37
20160804	35.01	32.26	8.52
20160805	35.15	32.95	6.68
20160806	35.15	32.95	6.68
20160807	35.15	32.95	6.68
20160808	35.06	33.14	5.79
20160809	34.7	33.1	4.83
20160810	35	32.85	6.54
20160811	34.51	32.87	4.99
20160812	34.55	32.85	5.18
20160813	34.55	32.85	5.18
20160814	34.55	32.85	5.18
20160815	34.7	33.11	4.8
20160816	34.82	32.92	5.77
20160817	34.8	32.87	5.87
20160818	34.83	32.89	5.9
20160819	34.81	33.07	5.26
20160820	34.81	33.07	5.26
20160821	34.81	33.07	5.26
20160822	34.8	33.2	4.82
20160823	35.3	33.34	5.88
20160824	35.1	33.34	5.28
20160825	34.75	33.26	4.48
20160826	35.13	33.31	5.46
20160827	35.13	33.31	5.46
20160828	35.13	33.31	5.46
20160829	34.85	33.52	3.97
20160830	35	33.7	3.86
20160831	35	33.65	4.01
20160901	35	33.57	4.26
20160902	35.01	33.6	4.2
20160903	35.01	33.6	4.2
20160904	35.01	33.6	4.2
20160905	35.01	34.2	2.37
20160906	35.19	33.42	5.3
20160907	35.02	33.49	4.57
20160908	34.97	33.48	4.45
20160909	34.49	32.98	4.58
20160910	34.49	32.98	4.58
20160911	34.49	32.98	4.58
20160912	34.45	33.25	3.61
20160913	33.73	32.96	2.34
20160914	33.4	33.12	0.85
20160915	34	33.12	2.66
20160916	33.8	32.98	2.49
20160917	33.8	32.98	2.49
20160918	33.8	32.98	2.49
20160919	34	33.12	2.66
20160920	34.49	33.09	4.23
20160921	34.49	33.59	2.68
20160922	34.55	33.59	2.86
20160923	34.25	33.5	2.24
20160924	34.25	33.5	2.24
20160925	34.25	33.5	2.24
20160926	34.15	33.47	2.03
20160927	34.39	33.61	2.32
20160928	34.04	33.79	0.74
20160929	34.24	33.78	1.36
20160930	34.82	33.9	2.71
20161001	34.82	33.9	2.71
20161002	34.82	33.9	2.71
20161003	34.77	34.01	2.23
20161004	34.86	34.01	2.5
20161005	35	34.2	2.34
20161006	34.73	34.26	1.37
20161007	35.49	34.12	4.02
20161008	35.49	34.12	4.02
20161009	35.49	34.12	4.02
20161010	35.49	34.12	4.02
20161011	34.21	33.72	1.45
20161012	34.22	33.55	2
20161013	34.47	33.24	3.7
20161014	34.2	33.12	3.26
20161015	34.2	33.12	3.26
20161016	34.2	33.12	3.26
20161017	34.28	33.04	3.75
20161018	34.3	33.23	3.22
20161019	34.15	33.5	1.94
20161020	34.18	33.5	2.03
20161021	34.74	33.71	3.06
20161022	34.74	33.71	3.06
20161023	34.74	33.71	3.06
20161024	34.6	33.97	1.85
20161025	34.75	33.73	3.02
20161026	35.01	33.82	3.52
20161027	34.65	33.48	3.49
20161028	34.64	33.57	3.19
20161029	34.64	33.57	3.19
20161030	34.64	33.57	3.19
20161031	34.5	33.57	2.77
20161101	34.5	33.45	3.14
20161102	34.49	33.26	3.7
20161103	34.6	33.13	4.44
20161104	34.55	33.11	4.35
20161105	34.55	33.11	4.35
20161106	34.55	33.11	4.35
20161107	34.75	33.55	3.58
20161108	34.2	33.49	2.12
20161109	34.35	34.12	0.67
20161110	35.7	35.01	1.97
20161111	36.49	35.31	3.34
20161112	36.49	35.31	3.34
20161113	36.49	35.31	3.34
20161114	36.31	35.59	2.02
20161115	36.61	35.5	3.13
20161116	36.1	35.38	2.04
20161117	37.2	35.53	4.7
20161118	37.1	35.5	4.51
20161119	37.1	35.5	4.51
20161120	37.1	35.5	4.51
20161121	37.26	35.55	4.81
20161122	37.52	35.76	4.92
20161123	37.45	35.91	4.29
20161124	37.5	35.9	4.46
20161125	37.85	35.96	5.26
20161126	37.85	35.96	5.26
20161127	37.85	35.96	5.26
20161128	37.93	35.5	6.85
20161129	37.9	35.43	6.97
20161130	39.42	35.69	10.45
20161201	39.25	35.69	9.97
20161202	39.25	35.54	10.44
20161203	39.25	35.54	10.44
20161204	39.25	35.54	10.44
20161205	38.7	35.8	8.1
20161206	38.85	35.98	7.98
20161207	39.25	36.32	8.07
20161208	39.4	36.83	6.98
20161209	39.15	36.66	6.79
20161210	39.15	36.66	6.79
20161211	39.15	36.66	6.79
20161212	38.99	36.61	6.5
20161213	39.06	36.6	6.72
20161214	38.45	36.41	5.6
20161215	38.48	36.56	5.25
20161216	38.5	36.56	5.31
20161217	38.5	36.56	5.31
20161218	38.5	36.56	5.31
20161219	38.48	36.81	4.54
20161220	38.8	36.92	5.09
20161221	39	37.02	5.35
20161222	39.35	36.99	6.38
20161223	39.25	37.02	6.02
20161224	39.25	37.02	6.02
20161225	39.25	37.02	6.02
20161226	39.25	37.02	6.02
20161227	39.25	37.02	6.02
20161228	39.01	36.9	5.72
20161229	39.38	36.8	7.01
20161230	39.35	36.59	7.54
20161231	39.35	36.59	7.54
20170101	39.35	36.59	7.54
20170102	39.35	36.59	7.54
20170103	39.2	36.79	6.55
20170104	39.61	36.9	7.34
20170105	39.85	36.76	8.41
20170106	39.6	36.64	8.08
20170107	39.6	36.64	8.08
20170108	39.6	36.64	8.08
20170109	39.7	36.4	9.07
20170110	39.85	36.68	8.64
20170111	39.8	36.79	8.18
20170112	39.76	36.68	8.4
20170113	40.02	36.79	8.78
20170114	40.02	36.79	8.78
20170115	40.02	36.79	8.78
20170116	39.9	36.84	8.31
20170117	39.79	36.43	9.22
20170118	40.03	36.76	8.9
20170119	40	36.86	8.52
20170120	40	37.02	8.05
20170121	40	37.02	8.05
20170122	40	37.02	8.05
20170123	40.8	36.84	10.75
20170124	41	37.06	10.63
20170125	41.85	37.36	12.02
20170126	41.76	37.33	11.87
20170127	40.66	37.35	8.86
20170128	40.66	37.35	8.86
20170129	40.66	37.35	8.86
20170130	39.55	37.17	6.4
20170131	39.3	36.98	6.27
20170201	39.59	37.14	6.6
20170202	39.02	37.04	5.35
20170203	40	37.31	7.21
20170204	40	37.31	7.21
20170205	40	37.31	7.21
20170206	40.1	37.28	7.56
20170207	40.5	37.42	8.23
20170208	40.9	37.36	9.48
20170209	40.95	37.52	9.14
20170210	40.74	37.33	9.13
20170211	40.74	37.33	9.13
20170212	40.74	37.33	9.13
20170213	40.22	37.35	7.68
20170214	41.85	37.36	12.02
20170215	41.75	37.44	11.51
20170216	41.65	37.47	11.16
20170217	42.1	37.5	12.27
20170218	42.1	37.5	12.27
20170219	42.1	37.5	12.27
20170220	42.1	37.5	12.27
20170221	42.2	37.65	12.08
20170222	42.5	37.6	13.03
20170223	42.99	37.37	15.04
20170224	42.91	37.37	14.82
20170225	42.91	37.37	14.82
20170226	42.91	37.37	14.82
20170227	43.19	37.61	14.84
20170228	43.01	37.62	14.33
20170301	43.8	38.18	14.72
20170302	43.52	37.93	14.74
20170303	43.7	37.95	15.15
20170304	43.7	37.95	15.15
20170305	43.7	37.95	15.15
20170306	43	37.9	13.46
20170307	42.99	37.79	13.76
20170308	43.01	37.7	14.08
20170309	42.9	37.66	13.91
20170310	43.01	37.72	14.02
20170311	43.01	37.72	14.02
20170312	43.01	37.72	14.02
20170313	43.48	37.82	14.97
20170314	42.26	37.69	12.13
20170315	42.28	37.76	11.97
20170316	42.45	37.93	11.92
20170317	42.7	37.88	12.72
20170318	42.7	37.88	12.72
20170319	42.7	37.88	12.72
20170320	42.76	37.78	13.18
20170321	42.49	37.44	13.49
20170322	42.5	37.36	13.76
20170323	42.25	37.5	12.67
20170324	41.99	37.5	11.97
20170325	41.99	37.5	11.97
20170326	41.99	37.5	11.97
20170327	41.39	37.42	10.61
20170328	41.75	37.72	10.68
20170329	42.41	37.71	12.46
20170330	41.7	37.76	10.43
20170331	41.37	37.65	9.88
20170401	41.37	37.65	9.88
20170402	41.37	37.65	9.88
20170403	41.99	37.69	11.41
20170404	41.95	37.68	11.33
20170405	41.97	37.58	11.68
20170406	42.05	37.77	11.33
20170407	42	37.76	11.23
20170408	42	37.76	11.23
20170409	42	37.76	11.23
20170410	42.04	37.72	11.45
20170411	42.15	37.78	11.57
20170412	42.25	37.31	13.24
20170413	42.35	37.1	14.15
20170414	42.35	37.1	14.15
20170415	42.35	37.1	14.15
20170416	42.35	37.1	14.15
20170417	42.45	37.35	13.65
20170418	42.6	37.47	13.69
