date	close	down	downSize	recovery
1-Sep-09	998.04			1
2-Sep-09	994.75	0	-0.48	2
3-Sep-09	1003.24	0	0.87	3
4-Sep-09	1016.40	0	2.62	4
8-Sep-09	1025.39	0	3.78	5
9-Sep-09	1033.37	0	4.63	6
10-Sep-09	1044.14	0	5.72	7
11-Sep-09	1042.73	0	5.78	8
14-Sep-09	1049.34	0	6.79	9
15-Sep-09	1052.63	0	7.73	10
16-Sep-09	1068.76	0	9.65	11
17-Sep-09	1065.49	0	9.08	12
18-Sep-09	1068.30	0	9.07	13
21-Sep-09	1064.66	0	8.53	14
22-Sep-09	1071.66	0	9.75	15
23-Sep-09	1060.87	0	8.08	16
24-Sep-09	1050.78	0	6.29	17
25-Sep-09	1044.38		5.48	18
28-Sep-09	1062.98	0	7.03	19
29-Sep-09	1060.61	0	6.92	20
30-Sep-09	1057.08	0	7.36	21
1-Oct-09	1029.85	0	4.46	22
2-Oct-09	1025.21	0	3.82	23
5-Oct-09	1040.46	0	6.02	24
6-Oct-09	1054.72	0	7.81	25
7-Oct-09	1057.58	0	7.98	26
8-Oct-09	1065.48	0	10.1	27
9-Oct-09	1071.49	0	11.07	28
12-Oct-09	1076.19	0	11.66	29
13-Oct-09	1073.19	0	11.6	30
14-Oct-09	1092.02	0	14	31
15-Oct-09	1096.56	0	14.96	32
16-Oct-09	1087.68	0	14.38	33
19-Oct-09	1097.91	0	15.99	34
20-Oct-09	1091.06	1	15.54	35
21-Oct-09	1081.40	1	14.55	36
22-Oct-09	1092.91	1	15.28	37
23-Oct-09	1079.60	1	12.88	38
26-Oct-09	1066.95	1	11.63	39
27-Oct-09	1063.41	1	10.76	40
28-Oct-09	1042.63	1	7.65	41
29-Oct-09	1066.11	1	10.16	42
30-Oct-09	1036.19	1	6.76	43
2-Nov-09	1042.88	1	7.61	44
3-Nov-09	1045.41	1	9.08	45
4-Nov-09	1046.50	1	9.55	46
5-Nov-09	1066.63	1	10.95	47
6-Nov-09	1069.30	1	11.21	48
9-Nov-09	1093.08	1	13.84	49
10-Nov-09	1093.01	1	13.75	50
11-Nov-09	1098.51	1	14.1	51
12-Nov-09	1087.24	1	12.41	52
13-Nov-09	1093.48	1	12.81	53
16-Nov-09	1109.30	1	14.93	54
17-Nov-09	1110.32	1	14.97	55
18-Nov-09	1109.80	1	14.22	56
19-Nov-09	1094.90	1	12.27	57
20-Nov-09	1091.38	1	11.96	58
23-Nov-09	1106.24	1	13.13	59
24-Nov-09	1105.65	1	13.05	60
25-Nov-09	1110.63	1	14.09	61
27-Nov-09	1091.49	1	12.05	62
30-Nov-09	1095.63	1	12.17	63
1-Dec-09	1108.86	1	13.83	64
2-Dec-09	1109.24	1	13.41	65
3-Dec-09	1099.92	1	12.15	66
4-Dec-09	1105.98	1	12.57	67
7-Dec-09	1103.25	1	13	68
8-Dec-09	1091.94	1	11.88	69
9-Dec-09	1095.95	1	12.03	70
10-Dec-09	1102.35	1	13.05	71
11-Dec-09	1106.41	1	13.42	72
14-Dec-09	1114.11	1	14.53	73
15-Dec-09	1107.93	1	14.35	74
16-Dec-09	1109.18	1	14.2	75
17-Dec-09	1096.08	1	12.84	76
18-Dec-09	1102.47	1	13.17	77
21-Dec-09	1114.05	1	14.33	78
22-Dec-09	1118.02	1	14.42	79
23-Dec-09	1120.59	1	14.86	80
24-Dec-09	1126.48	1	15.12	81
28-Dec-09	1127.78	1	15.51	82
29-Dec-09	1126.20	1	15.74	83
30-Dec-09	1126.42	1	15.71	84
31-Dec-09	1115.10	1	14.54	85
4-Jan-10	1132.99	1	16.05	86
5-Jan-10	1136.52	0	16.54	87
6-Jan-10	1137.14	0	16.62	88
7-Jan-10	1141.69	0	17.25	89
8-Jan-10	1144.98	0	17.94	90
11-Jan-10	1146.98	0	18.33	91
12-Jan-10	1136.22	0	17.81	92
13-Jan-10	1145.68	0	18.81	93
14-Jan-10	1148.46	0	19.01	94
15-Jan-10	1136.03	0	17.95	95
19-Jan-10	1150.23	0	19.16	96
20-Jan-10	1138.04	1	17.86	97
21-Jan-10	1116.48	1	16.34	98
22-Jan-10	1091.76	1	14.65	99
25-Jan-10	1096.78	1	15.58	100
26-Jan-10	1092.17	1	15.69	101
27-Jan-10	1097.50	1	15.69	102
28-Jan-10	1084.53	1	14.23	103
29-Jan-10	1073.87	1	13.15	104
1-Feb-10	1089.19	1	15.14	105
2-Feb-10	1103.32	1	16.67	106
3-Feb-10	1097.28	1	16.12	107
4-Feb-10	1063.11	1	12.87	108
5-Feb-10	1066.19	1	12.53	109
8-Feb-10	1056.74	1	11.77	110
9-Feb-10	1070.52	1	13.31	111
10-Feb-10	1068.13	1	12.95	112
11-Feb-10	1078.47	1	14.22	113
12-Feb-10	1075.51	1	13.88	114
16-Feb-10	1094.87	1	15.62	115
17-Feb-10	1099.51	1	16.48	116
18-Feb-10	1106.75	1	17.35	117
19-Feb-10	1109.17	1	17.81	118
22-Feb-10	1108.01	1	17.81	119
23-Feb-10	1094.60	1	16.87	120
24-Feb-10	1105.24	1	17.74	121
25-Feb-10	1102.94	1	17.7	122
26-Feb-10	1104.49	1	17.64	123
1-Mar-10	1115.71	1	18.77	124
2-Mar-10	1118.31	1	19.08	125
3-Mar-10	1118.79	1	19.07	126
4-Mar-10	1122.97	1	19.32	127
5-Mar-10	1138.70	0	20.63	128
8-Mar-10	1138.50	0	20.56	129
9-Mar-10	1140.45	0	20.84	130
10-Mar-10	1145.61	0	21.36	131
11-Mar-10	1150.24	0	21.8	132
12-Mar-10	1149.99	0	21.66	133
15-Mar-10	1150.51	0	22.21	134
16-Mar-10	1159.46	0	22.99	135
17-Mar-10	1166.21	0	23.68	136
18-Mar-10	1165.83	0	24.31	137
19-Mar-10	1159.90	0	23.54	138
22-Mar-10	1165.81	0	24.28	139
23-Mar-10	1174.17	0	24.67	140
24-Mar-10	1167.72	0	23.72	141
25-Mar-10	1165.73	0	23.53	142
26-Mar-10	1166.59	0	23.7	143
29-Mar-10	1173.22	0	24.53	144
30-Mar-10	1173.27	0	24.96	145
31-Mar-10	1169.43	0	24.37	146
1-Apr-10	1178.10	0	25.08	147
5-Apr-10	1187.44	0	26.06	148
6-Apr-10	1189.44	0	25.77	149
7-Apr-10	1182.45	0	25.24	150
8-Apr-10	1186.44	0	25.72	151
9-Apr-10	1194.37	0	26.69	152
12-Apr-10	1196.48	0	26.77	153
13-Apr-10	1197.30	0	26.87	154
14-Apr-10	1210.65	0	27.37	155
15-Apr-10	1211.67	0	27.52	156
16-Apr-10	1192.13	0	26.22	157
19-Apr-10	1197.52	0	26.75	158
20-Apr-10	1207.17	0	28.01	159
21-Apr-10	1205.94	0	28.39	160
22-Apr-10	1208.67	0	29.34	161
23-Apr-10	1217.28	0	29.99	162
26-Apr-10	1212.05	1	29.69	163
27-Apr-10	1183.71	1	27.17	164
28-Apr-10	1191.36	1	27.19	165
29-Apr-10	1206.78	1	29.17	166
30-Apr-10	1186.69	1	27.09	167
3-May-10	1202.26	1	28.75	168
4-May-10	1173.60	1	25.97	169
5-May-10	1165.87	1	25.46	170
6-May-10	1128.15	1	22.15	171
7-May-10	1110.88	1	19.72	172
10-May-10	1159.73	1	25.05	173
11-May-10	1155.79	1	24.63	174
12-May-10	1171.67	1	26.41	175
13-May-10	1157.44	1	24.81	176
14-May-10	1135.68	1	22.76	177
17-May-10	1136.94	1	23.21	178
18-May-10	1120.80	1	21.99	179
19-May-10	1115.05	1	20.92	180
20-May-10	1071.59	1	16.78	181
21-May-10	1087.69	1	18.51	182
24-May-10	1073.65	1	17.35	183
25-May-10	1074.03	1	17.58	184
26-May-10	1067.95	1	16.89	185
27-May-10	1103.06	1	19.52	186
28-May-10	1089.41	1	18.3	187
1-Jun-10	1070.71	1	16.47	188
2-Jun-10	1098.38	1	19.35	189
3-Jun-10	1102.83	1	19.76	190
4-Jun-10	1064.88	1	15.68	191
7-Jun-10	1050.47	1	13.75	192
8-Jun-10	1062.00	1	14.7	193
9-Jun-10	1055.69	1	14.51	194
10-Jun-10	1086.84	1	17.61	195
11-Jun-10	1091.60	1	18.19	196
14-Jun-10	1089.63	1	18.41	197
15-Jun-10	1115.23	1	20.87	198
16-Jun-10	1114.61	1	20.72	199
17-Jun-10	1116.04	1	20.75	200
18-Jun-10	1117.51	1	20.93	201
21-Jun-10	1113.20	1	20.42	202
22-Jun-10	1095.31	1	18.25	203
23-Jun-10	1092.04	1	17.96	204
24-Jun-10	1073.69	1	15.76	205
25-Jun-10	1076.76	1	15.65	206
28-Jun-10	1074.57	1	16.15	207
29-Jun-10	1041.24	1	12.98	208
30-Jun-10	1030.71	1	12.24	209
1-Jul-10	1027.37	1	12.4	210
2-Jul-10	1022.58	1	11.93	211
6-Jul-10	1028.06	1	11.86	212
7-Jul-10	1060.27	1	14.77	213
8-Jul-10	1070.25	1	15.76	214
9-Jul-10	1077.96	1	16.3	215
12-Jul-10	1078.75	1	16.55	216
13-Jul-10	1095.34	1	18.15	217
14-Jul-10	1095.17	1	18.6	218
15-Jul-10	1096.48	1	18.93	219
16-Jul-10	1064.88	1	15.98	220
19-Jul-10	1071.25	1	16.23	221
20-Jul-10	1083.48	1	17.83	222
21-Jul-10	1069.59	1	16.23	223
22-Jul-10	1093.67	1	17.94	224
23-Jul-10	1102.66	1	19.26	225
26-Jul-10	1115.01	1	20.22	226
27-Jul-10	1113.84	1	19.38	227
28-Jul-10	1106.13	1	19.22	228
29-Jul-10	1101.53	1	18.82	229
30-Jul-10	1101.60	1	19.25	230
2-Aug-10	1125.86	1	21.48	231
3-Aug-10	1120.46	1	20.91	232
4-Aug-10	1127.24	1	21.96	233
5-Aug-10	1125.81	1	22.28	234
6-Aug-10	1121.64	1	22.1	235
9-Aug-10	1127.79	1	22.66	236
10-Aug-10	1121.06	1	21.86	237
11-Aug-10	1089.47	1	18.54	238
12-Aug-10	1083.61	1	18.03	239
13-Aug-10	1079.25	1	17.51	240
16-Aug-10	1079.38	1	17.48	241
17-Aug-10	1092.54	1	19.36	242
18-Aug-10	1094.16	1	19.57	243
19-Aug-10	1075.63	1	17.55	244
20-Aug-10	1071.69	1	17.26	245
23-Aug-10	1067.36	1	17.02	246
24-Aug-10	1051.87	1	14.67	247
25-Aug-10	1055.33	1	15.03	248
26-Aug-10	1047.22	1	14.6	249
27-Aug-10	1064.59	1	16.26	250
30-Aug-10	1048.92	1	14.79	251
31-Aug-10	1049.33	1	13.94	252
1-Sep-10	1080.29	1	17.42	253
2-Sep-10	1090.10	1	18.57	254
3-Sep-10	1104.51	1	19.87	255
7-Sep-10	1091.84	1	19.01	256
8-Sep-10	1098.87	1	19.45	257
9-Sep-10	1104.18	1	19.72	258
10-Sep-10	1109.55	1	20.62	259
13-Sep-10	1121.90	1	21.79	260
14-Sep-10	1121.10	1	22.09	261
15-Sep-10	1125.07	1	22.63	262
16-Sep-10	1124.66	1	22.54	263
17-Sep-10	1125.59	1	23.17	264
20-Sep-10	1142.71	1	24.62	265
21-Sep-10	1139.78	1	24.28	266
22-Sep-10	1134.28	1	23.72	267
23-Sep-10	1124.83	1	22.69	268
24-Sep-10	1148.67	1	25.44	269
27-Sep-10	1142.16	1	24.2	270
28-Sep-10	1147.70	1	24.81	271
29-Sep-10	1144.73	1	24.35	272
30-Sep-10	1141.20	1	23.98	273
1-Oct-10	1146.24	1	23.99	274
4-Oct-10	1137.03	1	23.03	275
5-Oct-10	1160.75	1	25.33	276
6-Oct-10	1159.97	1	25.69	277
7-Oct-10	1158.06	1	25.35	278
8-Oct-10	1165.15	1	26.11	279
11-Oct-10	1165.32	1	26.05	280
12-Oct-10	1169.77	1	26.22	281
13-Oct-10	1178.10	1	27.68	282
14-Oct-10	1173.81	1	27.22	283
15-Oct-10	1176.19	1	27.82	284
18-Oct-10	1184.71	1	28.31	285
19-Oct-10	1165.90	1	26.49	286
20-Oct-10	1178.17	1	27.83	287
21-Oct-10	1180.26	1	28.96	288
22-Oct-10	1183.08	1	28.88	289
25-Oct-10	1185.62	1	29.49	290
26-Oct-10	1185.64	1	29.88	291
27-Oct-10	1182.45	1	29.69	292
28-Oct-10	1183.78	1	29.73	293
29-Oct-10	1183.26	1	29.92	294
1-Nov-10	1184.38	1	29.9	295
2-Nov-10	1193.57	1	30.78	296
3-Nov-10	1197.96	0	31.23	297
4-Nov-10	1221.06	0	33.41	298
5-Nov-10	1225.85	0	33.6	299
8-Nov-10	1223.25	0	33.34	300
9-Nov-10	1213.40	0	32.47	301
10-Nov-10	1218.71	0	32.88	302
11-Nov-10	1213.54	0	32.63	303
12-Nov-10	1199.21	0	31.04	304
15-Nov-10	1197.75	0	30.95	305
16-Nov-10	1178.34	0	29.19	306
17-Nov-10	1178.59	0	29.49	307
18-Nov-10	1196.69	0	31.05	308
19-Nov-10	1199.73	0	31.66	309
22-Nov-10	1197.84	0	31.53	310
23-Nov-10	1180.73	0	30.08	311
24-Nov-10	1198.35	0	31.94	312
26-Nov-10	1189.40	0	30.77	313
29-Nov-10	1187.76	0	30.31	314
30-Nov-10	1180.55	0	29.81	315
1-Dec-10	1206.07	0	32.12	316
2-Dec-10	1221.53	0	33.01	317
3-Dec-10	1224.71	0	33.43	318
6-Dec-10	1223.12	0	33.1	319
7-Dec-10	1223.75	0	33.56	320
8-Dec-10	1228.28	0	33.59	321
9-Dec-10	1233.00	0	33.46	322
10-Dec-10	1240.40	0	33.48	323
13-Dec-10	1240.46	0	33	324
14-Dec-10	1241.59	0	33.83	325
15-Dec-10	1235.23	0	33.51	326
16-Dec-10	1242.87	0	34.52	327
17-Dec-10	1243.91	0	34.48	328
20-Dec-10	1247.08	0	34.6	329
21-Dec-10	1254.60	0	35.02	330
22-Dec-10	1258.84	0	35.32	331
23-Dec-10	1256.77	0	35.4	332
27-Dec-10	1257.54	0	35.12	333
28-Dec-10	1258.51	0	35.17	334
29-Dec-10	1259.78	0	35.52	335
30-Dec-10	1257.88	0	35.37	336
31-Dec-10	1257.64	0	35.24	337
3-Jan-11	1271.87	0	35.9	338
4-Jan-11	1270.20	0	35.23	339
5-Jan-11	1276.56	0	35.12	340
6-Jan-11	1273.85	0	35.35	341
7-Jan-11	1271.50	0	35.82	342
10-Jan-11	1269.75	0	35.52	343
11-Jan-11	1274.48	0	36.17	344
12-Jan-11	1285.96	0	37.33	345
13-Jan-11	1283.76	0	37.18	346
14-Jan-11	1293.24	0	37.8	347
18-Jan-11	1295.02	0	38.63	348
19-Jan-11	1281.92	0	38.09	349
20-Jan-11	1280.26	0	37.94	350
21-Jan-11	1283.35	0	37.91	351
24-Jan-11	1290.84	0	38.86	352
25-Jan-11	1291.18	0	38.92	353
26-Jan-11	1296.63	0	39.2	354
27-Jan-11	1299.54	0	39.46	355
28-Jan-11	1276.34	0	36.83	356
31-Jan-11	1286.12	0	37.54	357
1-Feb-11	1307.59	0	38.83	358
2-Feb-11	1304.03	0	37.84	359
3-Feb-11	1307.10	0	37.9	360
4-Feb-11	1310.87	0	38.7	361
7-Feb-11	1319.05	0	39.66	362
8-Feb-11	1324.57	0	40.82	363
9-Feb-11	1320.88	0	40.63	364
10-Feb-11	1321.87	0	40.89	365
11-Feb-11	1329.15	0	41.53	366
14-Feb-11	1332.32	0	41.47	367
15-Feb-11	1328.01	0	41.07	368
16-Feb-11	1336.32	0	42.43	369
17-Feb-11	1340.43	0	43.27	370
18-Feb-11	1343.01	0	43.9	371
22-Feb-11	1315.44	0	41.3	372
23-Feb-11	1307.40	0	39.97	373
24-Feb-11	1306.10	0	40.39	374
25-Feb-11	1319.88	0	41.76	375
28-Feb-11	1327.22	0	42.27	376
1-Mar-11	1306.33	0	40.53	377
2-Mar-11	1308.44	0	41.09	378
3-Mar-11	1330.97	0	43.52	379
4-Mar-11	1321.15	0	42.51	380
7-Mar-11	1310.13	0	41.41	381
8-Mar-11	1321.82	0	42.58	382
9-Mar-11	1320.02	0	43	383
10-Mar-11	1295.11	0	41.22	384
11-Mar-11	1304.28	0	42.21	385
14-Mar-11	1296.39	0	41.09	386
15-Mar-11	1281.87	0	39.53	387
16-Mar-11	1256.88	0	37.61	388
17-Mar-11	1273.72	0	38.69	389
18-Mar-11	1279.21	0	39.61	390
21-Mar-11	1298.38	0	41.81	391
22-Mar-11	1293.77	0	41.57	392
23-Mar-11	1297.54	0	41.76	393
24-Mar-11	1309.66	0	42.93	394
25-Mar-11	1313.80	0	43.19	395
28-Mar-11	1310.19	0	42.64	396
29-Mar-11	1319.44	0	43.71	397
30-Mar-11	1328.26	0	44.22	398
31-Mar-11	1325.83	0	43.97	399
1-Apr-11	1332.41	0	44.78	400
4-Apr-11	1332.87	0	45.14	401
5-Apr-11	1332.63	0	49.72	402
6-Apr-11	1335.54	0	50.27	403
7-Apr-11	1333.51	0	49.8	404
8-Apr-11	1328.17	0	49.33	405
11-Apr-11	1324.46	0	49.3	406
12-Apr-11	1314.16	0	48.65	407
13-Apr-11	1314.41	0	48.41	408
14-Apr-11	1314.52	0	48.28	409
15-Apr-11	1319.68	0	49.02	410
18-Apr-11	1305.14	0	48.06	411
19-Apr-11	1312.62	0	48.91	412
20-Apr-11	1330.36	0	50.37	413
21-Apr-11	1337.38	0	50.77	414
25-Apr-11	1335.25	0	50.43	415
26-Apr-11	1347.24	0	52.17	416
27-Apr-11	1355.66	0	53.47	417
28-Apr-11	1360.48	0	54.36	418
29-Apr-11	1363.61	0	54.67	419
2-May-11	1361.22	0	54.36	420
3-May-11	1356.62	0	54.61	421
4-May-11	1347.32	0	53.18	422
5-May-11	1335.10	0	53	423
6-May-11	1340.20	0	53.31	424
9-May-11	1346.29	0	54.2	425
10-May-11	1357.16	0	55.34	426
11-May-11	1342.08	0	54.08	427
12-May-11	1348.65	0	55.23	428
13-May-11	1337.77	0	54.48	429
16-May-11	1329.47	0	54.37	430
17-May-11	1328.98	0	54.04	431
18-May-11	1340.68	0	54.78	432
19-May-11	1343.60	0	55.3	433
20-May-11	1333.27	0	54.48	434
23-May-11	1317.37	0	53.39	435
24-May-11	1316.28	0	53.07	436
25-May-11	1320.47	0	53.58	437
26-May-11	1325.69	0	54.1	438
27-May-11	1331.10	0	54.08	439
31-May-11	1345.20	0	54.73	440
1-Jun-11	1314.55	0	51.83	441
2-Jun-11	1312.94	0	51.46	442
3-Jun-11	1300.16	0	50.24	443
6-Jun-11	1286.17	0	49.2	444
7-Jun-11	1284.94	0	49.68	445
8-Jun-11	1279.56	0	48.92	446
9-Jun-11	1289.00	0	49.75	447
10-Jun-11	1270.98	0	47.92	448
13-Jun-11	1271.83	0	48.31	449
14-Jun-11	1287.87	0	49.97	450
15-Jun-11	1265.42	0	48.22	451
16-Jun-11	1267.64	0	48.63	452
17-Jun-11	1271.50	0	49.41	453
20-Jun-11	1278.36	0	50.27	454
21-Jun-11	1295.52	0	51.74	455
22-Jun-11	1287.14	0	51.26	456
23-Jun-11	1283.50	0	50.72	457
24-Jun-11	1268.45	0	48.92	458
27-Jun-11	1280.10	0	49.82	459
28-Jun-11	1296.67	0	51.98	460
29-Jun-11	1307.41	0	52.51	461
30-Jun-11	1320.64	0	53.71	462
1-Jul-11	1339.67	0	56.17	463
5-Jul-11	1337.88	0	55.43	464
6-Jul-11	1339.22	0	55.92	465
7-Jul-11	1353.22	0	56.86	466
8-Jul-11	1343.80	1	55.87	467
11-Jul-11	1319.49	1	53.79	468
12-Jul-11	1313.64	1	53.51	469
13-Jul-11	1317.72	1	53.97	470
14-Jul-11	1308.87	1	53.07	471
15-Jul-11	1316.14	1	53.55	472
18-Jul-11	1305.44	1	52.44	473
19-Jul-11	1326.73	1	54.5	474
20-Jul-11	1325.84	1	54.13	475
21-Jul-11	1343.80	1	55.13	476
22-Jul-11	1345.02	1	55.11	477
25-Jul-11	1337.43	1	54.26	478
26-Jul-11	1331.94	1	53.79	479
27-Jul-11	1304.89	1	51.23	480
28-Jul-11	1300.67	1	51.35	481
29-Jul-11	1292.28	1	50.9	482
1-Aug-11	1286.94	1	49.85	483
2-Aug-11	1254.05	1	46.76	484
3-Aug-11	1260.34	1	47.18	485
4-Aug-11	1200.07	1	41.39	486
5-Aug-11	1199.38	1	42	487
8-Aug-11	1119.46	1	34.78	488
9-Aug-11	1172.53	1	40.03	489
10-Aug-11	1120.76	1	34.83	490
11-Aug-11	1172.64	1	40.36	491
12-Aug-11	1178.81	1	41.47	492
15-Aug-11	1204.49	1	43.51	493
16-Aug-11	1192.76	1	42.8	494
17-Aug-11	1193.89	1	42.6	495
18-Aug-11	1140.65	1	37.74	496
19-Aug-11	1123.53	1	36.65	497
22-Aug-11	1123.82	1	36.85	498
23-Aug-11	1162.35	1	40.44	499
24-Aug-11	1177.60	1	42.19	500
25-Aug-11	1159.27	1	39.99	501
26-Aug-11	1176.80	1	42.26	502
29-Aug-11	1210.08	1	45.47	503
30-Aug-11	1212.92	1	46.51	504
31-Aug-11	1218.89	1	47.76	505
1-Sep-11	1204.42	1	46.16	506
2-Sep-11	1173.97	1	43.35	507
6-Sep-11	1165.24	1	42.71	508
7-Sep-11	1198.62	1	46.54	509
8-Sep-11	1185.90	1	45.51	510
9-Sep-11	1154.23	1	42.21	511
12-Sep-11	1162.27	1	43	512
13-Sep-11	1172.87	1	44.52	513
14-Sep-11	1188.68	1	46.46	514
15-Sep-11	1209.11	1	48.52	515
16-Sep-11	1216.01	1	49.31	516
19-Sep-11	1204.09	1	48.65	517
20-Sep-11	1202.09	1	48.41	518
21-Sep-11	1166.76	1	44.52	519
22-Sep-11	1129.56	1	40.76	520
23-Sep-11	1136.43	1	41.92	521
26-Sep-11	1162.95	1	44.7	522
27-Sep-11	1175.38	1	46.24	523
28-Sep-11	1151.06	1	43.4	524
29-Sep-11	1160.40	1	43.31	525
30-Sep-11	1131.42	1	40.55	526
3-Oct-11	1099.23	1	37.65	527
4-Oct-11	1123.95	1	40.61	528
5-Oct-11	1144.03	1	42.54	529
6-Oct-11	1164.97	1	44.7	530
7-Oct-11	1155.46	1	43.95	531
10-Oct-11	1194.89	1	48.15	532
11-Oct-11	1195.54	1	48.46	533
12-Oct-11	1207.25	1	49.35	534
13-Oct-11	1203.66	1	49.27	535
14-Oct-11	1224.58	1	50.85	536
17-Oct-11	1200.86	1	48.32	537
18-Oct-11	1225.38	1	51.04	538
19-Oct-11	1209.88	1	49.99	539
20-Oct-11	1215.39	1	51.22	540
21-Oct-11	1238.25	1	54.59	541
24-Oct-11	1254.19	1	56	542
25-Oct-11	1229.05	1	53.52	543
26-Oct-11	1242.00	1	54.46	544
27-Oct-11	1284.59	1	59.17	545
28-Oct-11	1285.09	0	59.14	546
31-Oct-11	1253.30	0	55.85	547
1-Nov-11	1218.28	0	52.89	548
2-Nov-11	1237.90	0	54.59	549
3-Nov-11	1261.15	0	57.86	550
4-Nov-11	1253.23	0	57.51	551
7-Nov-11	1261.12	0	58.11	552
8-Nov-11	1275.92	0	59.81	553
9-Nov-11	1229.10	1	54.66	554
10-Nov-11	1239.70	1	56.1	555
11-Nov-11	1263.85	1	59.09	556
14-Nov-11	1251.78	1	57.92	557
15-Nov-11	1257.81	1	58.36	558
16-Nov-11	1236.91	1	56.09	559
17-Nov-11	1216.13	1	53.8	560
18-Nov-11	1215.65	1	53.99	561
21-Nov-11	1192.98	1	51.75	562
22-Nov-11	1188.04	1	51.16	563
23-Nov-11	1161.79	1	48.22	564
25-Nov-11	1158.67	1	47.9	565
28-Nov-11	1192.55	1	51.5	566
29-Nov-11	1195.19	1	52.01	567
30-Nov-11	1246.96	1	57.16	568
1-Dec-11	1244.58	1	56.87	569
2-Dec-11	1244.28	1	56.65	570
5-Dec-11	1257.08	1	58.17	571
6-Dec-11	1258.47	1	58.45	572
7-Dec-11	1261.01	1	57.86	573
8-Dec-11	1234.35	1	55.49	574
9-Dec-11	1255.19	1	57.83	575
12-Dec-11	1236.47	1	56.17	576
13-Dec-11	1225.73	1	54.77	577
14-Dec-11	1211.82	1	53.32	578
15-Dec-11	1215.75	1	53.8	579
16-Dec-11	1219.66	1	54.45	580
19-Dec-11	1205.35	1	52.92	581
20-Dec-11	1241.30	1	57.04	582
21-Dec-11	1243.72	1	56.97	583
22-Dec-11	1254.00	1	57.51	584
23-Dec-11	1265.33	1	59.27	585
27-Dec-11	1265.43	1	59.62	586
28-Dec-11	1249.64	1	57.77	587
29-Dec-11	1263.02	1	59.17	588
30-Dec-11	1257.60	1	58.31	589
3-Jan-12	1277.06	1	60.13	590
4-Jan-12	1277.30	0	60.79	591
5-Jan-12	1281.06	0	61.6	592
6-Jan-12	1277.81	0	60.97	593
9-Jan-12	1280.70	0	61.52	594
10-Jan-12	1292.08	0	63.12	595
11-Jan-12	1292.48	0	63.28	596
12-Jan-12	1295.50	0	63.75	597
13-Jan-12	1289.09	0	62.75	598
17-Jan-12	1293.67	0	63.51	599
18-Jan-12	1308.04	0	65.28	600
19-Jan-12	1314.50	0	66.73	601
20-Jan-12	1315.38	0	67.15	602
23-Jan-12	1316.00	0	67.21	603
24-Jan-12	1314.65	0	67.41	604
25-Jan-12	1326.06	0	68.61	605
26-Jan-12	1318.43	0	67.7	606
27-Jan-12	1316.33	0	67.34	607
30-Jan-12	1313.01	0	67.22	608
31-Jan-12	1312.41	0	66.89	609
1-Feb-12	1324.09	0	68.24	610
2-Feb-12	1325.54	0	68.33	611
3-Feb-12	1344.90	0	71.23	612
6-Feb-12	1344.33	0	70.49	613
7-Feb-12	1347.05	0	70.78	614
8-Feb-12	1349.96	0	70.69	615
9-Feb-12	1351.95	0	71.41	616
10-Feb-12	1342.64	0	70.47	617
13-Feb-12	1351.77	0	71.31	618
14-Feb-12	1350.50	0	71.26	619
15-Feb-12	1343.23	0	69.53	620
16-Feb-12	1358.04	0	71.5	621
17-Feb-12	1361.23	0	71.78	622
21-Feb-12	1362.21	0	71.38	623
22-Feb-12	1357.66	0	71.17	624
23-Feb-12	1363.46	0	72.19	625
24-Feb-12	1365.74	0	72.06	626
27-Feb-12	1367.59	0	72.4	627
28-Feb-12	1372.18	0	72.57	628
29-Feb-12	1365.68	0	71.96	629
1-Mar-12	1374.09	0	72.97	630
2-Mar-12	1369.63	0	72.31	631
5-Mar-12	1364.33	0	72.28	632
6-Mar-12	1343.36	0	69.62	633
7-Mar-12	1352.63	0	70.8	634
8-Mar-12	1365.91	0	72.37	635
9-Mar-12	1370.87	0	73.35	636
12-Mar-12	1371.09	0	73.59	637
13-Mar-12	1395.95	0	76.24	638
14-Mar-12	1394.28	0	75.5	639
15-Mar-12	1402.60	0	77.1	640
16-Mar-12	1404.17	0	77.09	641
19-Mar-12	1409.75	0	77.06	642
20-Mar-12	1405.52	0	76.24	643
21-Mar-12	1402.89	0	76.46	644
22-Mar-12	1392.78	0	75.48	645
23-Mar-12	1397.11	0	75.91	646
26-Mar-12	1416.51	0	78.42	647
27-Mar-12	1412.52	0	78.07	648
28-Mar-12	1405.54	0	76.4	649
29-Mar-12	1403.28	0	76.59	650
30-Mar-12	1408.47	0	77.62	651
2-Apr-12	1419.04	0	78.79	652
3-Apr-12	1413.38	0	78.15	653
4-Apr-12	1398.96	0	76.55	654
5-Apr-12	1398.08	0	77.27	655
9-Apr-12	1382.20	0	75.39	656
10-Apr-12	1358.59	0	72.12	657
11-Apr-12	1368.71	0	73.94	658
12-Apr-12	1387.57	0	76.17	659
13-Apr-12	1370.26	0	74.97	660
16-Apr-12	1369.57	0	75.45	661
17-Apr-12	1390.78	0	77.76	662
18-Apr-12	1385.14	0	77.14	663
19-Apr-12	1376.92	0	75.37	664
20-Apr-12	1378.53	0	76.55	665
23-Apr-12	1366.94	0	74.6	666
24-Apr-12	1371.97	0	74.65	667
25-Apr-12	1390.69	0	76.75	668
26-Apr-12	1399.98	0	78.18	669
27-Apr-12	1403.36	0	79.37	670
30-Apr-12	1397.91	1	78.2	671
1-May-12	1405.82	1	78.79	672
2-May-12	1402.31	1	79.17	673
3-May-12	1391.57	1	78.53	674
4-May-12	1369.10	1	76.34	675
7-May-12	1369.58	1	76.33	676
8-May-12	1363.72	1	75.82	677
9-May-12	1354.58	1	75.01	678
10-May-12	1357.99	1	75.64	679
11-May-12	1353.39	1	75.66	680
14-May-12	1338.35	1	73.72	681
15-May-12	1330.66	1	73.64	682
16-May-12	1324.80	1	73.18	683
17-May-12	1304.86	1	70.05	684
18-May-12	1295.22	1	68.7	685
21-May-12	1315.99	1	71.54	686
22-May-12	1316.63	1	72.39	687
23-May-12	1318.86	1	73.01	688
24-May-12	1320.68	1	73.49	689
25-May-12	1317.82	1	73.35	690
29-May-12	1332.42	1	75.1	691
30-May-12	1313.32	1	73.03	692
31-May-12	1310.33	1	73.08	693
1-Jun-12	1278.04	1	68.39	694
4-Jun-12	1278.18	1	68.56	695
5-Jun-12	1285.50	1	68.72	696
6-Jun-12	1315.13	1	72.26	697
7-Jun-12	1314.99	1	72.36	698
8-Jun-12	1325.66	1	73.48	699
11-Jun-12	1308.93	1	71.2	700
12-Jun-12	1324.18	1	73.32	701
13-Jun-12	1314.88	1	71.92	702
14-Jun-12	1329.10	1	74.04	703
15-Jun-12	1342.84	1	75.49	704
18-Jun-12	1344.78	1	76.1	705
19-Jun-12	1357.98	1	77.64	706
20-Jun-12	1355.69	1	77.03	707
21-Jun-12	1325.51	1	73.64	708
22-Jun-12	1335.02	1	74.5	709
25-Jun-12	1313.72	1	72.3	710
26-Jun-12	1319.99	1	72.7	711
27-Jun-12	1331.85	1	73.22	712
28-Jun-12	1329.04	1	72.46	713
29-Jun-12	1362.16	1	76.28	714
2-Jul-12	1365.51	1	76.83	715
3-Jul-12	1374.02	1	77.9	716
5-Jul-12	1367.58	1	78.23	717
6-Jul-12	1354.68	1	76.78	718
9-Jul-12	1352.46	1	76.16	719
10-Jul-12	1341.47	1	74.42	720
11-Jul-12	1341.45	1	73.37	721
12-Jul-12	1334.76	1	73.4	722
13-Jul-12	1356.78	1	76.42	723
16-Jul-12	1353.64	1	75.54	724
17-Jul-12	1363.67	1	76.52	725
18-Jul-12	1372.78	1	78.63	726
19-Jul-12	1376.51	1	78.99	727
20-Jul-12	1362.66	1	77	728
23-Jul-12	1350.52	1	75.51	729
24-Jul-12	1338.31	1	74.48	730
25-Jul-12	1337.89	1	74.02	731
26-Jul-12	1360.02	1	76.14	732
27-Jul-12	1385.97	1	79	733
30-Jul-12	1385.30	1	78.96	734
31-Jul-12	1379.32	1	78.39	735
1-Aug-12	1375.32	1	77.22	736
2-Aug-12	1365.00	1	77.13	737
3-Aug-12	1390.99	1	79.99	738
6-Aug-12	1394.23	0	80.23	739
7-Aug-12	1401.35	0	81.01	740
8-Aug-12	1402.22	0	80.91	741
9-Aug-12	1402.80	0	80.21	742
10-Aug-12	1405.87	0	80.62	743
13-Aug-12	1404.11	0	80.63	744
14-Aug-12	1403.93	0	80.23	745
15-Aug-12	1405.53	0	80.55	746
16-Aug-12	1415.51	0	81.44	747
17-Aug-12	1418.16	0	82.48	748
20-Aug-12	1418.13	0	82.22	749
21-Aug-12	1413.17	0	81.83	750
22-Aug-12	1413.49	0	81.64	751
23-Aug-12	1402.08	0	80.37	752
24-Aug-12	1411.13	0	81.28	753
27-Aug-12	1410.44	0	80.63	754
28-Aug-12	1409.30	0	80.21	755
29-Aug-12	1410.49	0	80.78	756
30-Aug-12	1399.48	0	79.57	757
31-Aug-12	1406.58	0	80.64	758
4-Sep-12	1404.94	0	80.58	759
5-Sep-12	1403.44	0	79.59	760
6-Sep-12	1432.12	0	82.88	761
7-Sep-12	1437.92	0	83.41	762
10-Sep-12	1429.08	0	83.03	763
11-Sep-12	1433.56	0	83.84	764
12-Sep-12	1436.56	0	84.33	765
13-Sep-12	1459.99	0	86.11	766
14-Sep-12	1465.77	0	86.62	767
17-Sep-12	1461.19	0	86	768
18-Sep-12	1459.32	0	85.54	769
19-Sep-12	1461.05	0	85.45	770
20-Sep-12	1460.26	0	84.53	771
21-Sep-12	1460.15	0	83.9	772
24-Sep-12	1456.89	0	83.93	773
25-Sep-12	1441.59	0	82.1	774
26-Sep-12	1433.32	0	81.78	775
27-Sep-12	1447.15	0	83.28	776
28-Sep-12	1440.67	0	82.69	777
1-Oct-12	1444.49	0	83.4	778
2-Oct-12	1445.75	0	83.13	779
3-Oct-12	1450.99	0	84.09	780
4-Oct-12	1461.40	0	85.28	781
5-Oct-12	1460.93	0	85.72	782
8-Oct-12	1455.88	0	85.58	783
9-Oct-12	1441.48	0	83.8	784
10-Oct-12	1432.56	0	83.63	785
11-Oct-12	1432.84	0	83.41	786
12-Oct-12	1428.59	0	83.44	787
15-Oct-12	1440.13	0	85.09	788
16-Oct-12	1454.92	0	86.52	789
17-Oct-12	1460.91	0	86.13	790
18-Oct-12	1457.34	0	85.94	791
19-Oct-12	1433.19	0	83.12	792
22-Oct-12	1433.82	0	83.05	793
23-Oct-12	1413.11	0	81.99	794
24-Oct-12	1408.75	0	80.7	795
25-Oct-12	1412.97	0	81.28	796
26-Oct-12	1411.94	0	81.03	797
31-Oct-12	1412.16	0	79.6	798
1-Nov-12	1427.59	0	82.14	799
2-Nov-12	1414.20	0	80.88	800
5-Nov-12	1417.26	0	81.34	801
6-Nov-12	1428.39	0	82.58	802
7-Nov-12	1394.53	0	79.93	803
8-Nov-12	1377.51	0	78.46	804
9-Nov-12	1379.85	0	78.76	805
12-Nov-12	1380.03	0	78.98	806
13-Nov-12	1374.53	0	79.02	807
14-Nov-12	1355.49	0	76.89	808
15-Nov-12	1353.33	0	76.46	809
16-Nov-12	1359.88	0	77	810
19-Nov-12	1386.89	0	79.94	811
20-Nov-12	1387.81	0	79.49	812
21-Nov-12	1391.03	0	79.91	813
23-Nov-12	1409.15	0	81.98	814
26-Nov-12	1406.29	0	81.37	815
27-Nov-12	1398.94	0	80.88	816
28-Nov-12	1409.93	0	82.43	817
29-Nov-12	1415.95	0	82.8	818
30-Nov-12	1416.18	0	81.75	819
3-Dec-12	1409.46	0	80.54	820
4-Dec-12	1407.05	0	80.27	821
5-Dec-12	1409.28	0	81.16	822
6-Dec-12	1413.94	0	81.46	823
7-Dec-12	1418.07	0	82.24	824
10-Dec-12	1418.55	0	82.34	825
11-Dec-12	1427.84	0	82.76	826
12-Dec-12	1428.48	0	82.5	827
13-Dec-12	1419.45	0	82.02	828
14-Dec-12	1413.58	0	81.8	829
17-Dec-12	1430.36	0	83.76	830
18-Dec-12	1446.79	0	85.76	831
19-Dec-12	1435.81	0	84.87	832
20-Dec-12	1443.69	0	84.96	833
21-Dec-12	1430.15	0	83.57	834
24-Dec-12	1426.66	0	83.45	835
26-Dec-12	1419.83	0	82.22	836
27-Dec-12	1418.10	0	82.61	837
28-Dec-12	1402.43	0	81.07	838
31-Dec-12	1426.19	0	84.16	839
2-Jan-13	1462.42	0	87.59	840
3-Jan-13	1459.37	0	88.58	841
4-Jan-13	1466.47	0	89.42	842
7-Jan-13	1461.89	0	88.27	843
8-Jan-13	1457.15	0	87.18	844
9-Jan-13	1461.02	0	88.09	845
10-Jan-13	1472.12	0	89.4	846
11-Jan-13	1472.05	0	89.04	847
14-Jan-13	1470.68	0	89.17	848
15-Jan-13	1472.34	0	89.96	849
16-Jan-13	1472.63	0	89.6	850
17-Jan-13	1480.94	0	91.24	851
18-Jan-13	1485.98	0	91.72	852
22-Jan-13	1492.56	0	92.88	853
23-Jan-13	1494.81	0	93.88	854
24-Jan-13	1494.82	0	94.81	855
25-Jan-13	1502.96	0	95.34	856
28-Jan-13	1500.18	0	95.1	857
29-Jan-13	1507.84	0	95.47	858
30-Jan-13	1501.96	0	94.79	859
31-Jan-13	1498.11	0	94.78	860
1-Feb-13	1513.17	0	96.01	861
4-Feb-13	1495.71	0	94.42	862
5-Feb-13	1511.29	0	96.1	863
6-Feb-13	1512.12	0	96.12	864
7-Feb-13	1509.39	0	95.87	865
8-Feb-13	1517.93	0	96.99	866
11-Feb-13	1517.01	0	96.91	867
12-Feb-13	1519.43	0	97.57	868
13-Feb-13	1520.33	0	97.27	869
14-Feb-13	1521.38	0	97.43	870
15-Feb-13	1519.79	0	98.06	871
19-Feb-13	1530.94	0	99.26	872
20-Feb-13	1511.95	0	96.67	873
21-Feb-13	1502.42	0	95.35	874
22-Feb-13	1515.60	0	96.43	875
25-Feb-13	1487.85	0	93.16	876
26-Feb-13	1496.94	0	94.69	877
27-Feb-13	1515.99	0	97.81	878
28-Feb-13	1514.68	0	98.07	879
1-Mar-13	1518.20	0	98.81	880
4-Mar-13	1525.20	0	99.94	881
5-Mar-13	1539.79	0	101.99	882
6-Mar-13	1541.46	0	101.62	883
7-Mar-13	1544.26	0	100.83	884
8-Mar-13	1551.18	0	102.42	885
11-Mar-13	1556.22	0	103.06	886
12-Mar-13	1552.48	0	102.38	887
13-Mar-13	1554.52	0	102.92	888
14-Mar-13	1563.23	0	103.93	889
15-Mar-13	1560.70	0	103.86	890
18-Mar-13	1552.10	0	102.74	891
19-Mar-13	1548.34	0	101.96	892
20-Mar-13	1558.71	0	103.41	893
21-Mar-13	1545.80	0	102.15	894
22-Mar-13	1556.89	0	103.43	895
25-Mar-13	1551.69	0	102.37	896
26-Mar-13	1563.77	0	103.41	897
27-Mar-13	1562.85	0	103.73	898
28-Mar-13	1569.19	0	105.07	899
1-Apr-13	1562.17	0	103.03	900
2-Apr-13	1570.25	0	103.45	901
3-Apr-13	1553.69	0	102.21	902
4-Apr-13	1559.98	0	103.51	903
5-Apr-13	1553.28	0	102.61	904
8-Apr-13	1563.07	0	104.12	905
9-Apr-13	1568.61	0	104.5	906
10-Apr-13	1587.73	0	106.55	907
11-Apr-13	1593.37	0	107.97	908
12-Apr-13	1588.85	0	107.78	909
15-Apr-13	1552.36	0	102.87	910
16-Apr-13	1574.57	0	106.26	911
17-Apr-13	1552.01	0	104.07	912
18-Apr-13	1541.61	0	102.86	913
19-Apr-13	1555.25	0	104.19	914
22-Apr-13	1562.50	0	104.81	915
23-Apr-13	1578.78	0	105.99	916
24-Apr-13	1578.79	0	106.9	917
25-Apr-13	1585.16	0	108.55	918
26-Apr-13	1582.24	0	108.14	919
29-Apr-13	1593.61	0	109.77	920
30-Apr-13	1597.57	0	110.23	921
1-May-13	1582.70	0	109.19	922
2-May-13	1597.59	0	110.57	923
3-May-13	1614.42	0	113.34	924
6-May-13	1617.50	0	113.28	925
7-May-13	1625.96	0	115.35	926
8-May-13	1632.69	0	115.85	927
9-May-13	1626.67	0	115.12	928
10-May-13	1633.70	0	116.22	929
13-May-13	1633.77	0	115.88	930
14-May-13	1650.34	0	118.38	931
15-May-13	1658.78	0	119.23	932
16-May-13	1650.47	0	117.52	933
17-May-13	1667.47	0	120.03	934
20-May-13	1666.29	0	119.98	935
21-May-13	1669.16	0	120.95	936
22-May-13	1655.35	0	118.5	937
23-May-13	1650.51	0	117.49	938
24-May-13	1649.60	0	117.57	939
28-May-13	1660.06	0	118.47	940
29-May-13	1648.36	0	117.03	941
30-May-13	1654.41	0	117.04	942
31-May-13	1630.74	0	115.64	943
3-Jun-13	1640.42	0	116.62	944
4-Jun-13	1631.38	0	115.81	945
5-Jun-13	1608.90	0	112.65	946
6-Jun-13	1622.56	0	114.69	947
7-Jun-13	1643.38	0	117.29	948
10-Jun-13	1642.81	0	116.61	949
11-Jun-13	1626.13	0	115.17	950
12-Jun-13	1612.52	0	113.63	951
13-Jun-13	1636.36	0	116.87	952
14-Jun-13	1626.73	0	116.02	953
17-Jun-13	1639.04	0	116.87	954
18-Jun-13	1651.81	0	118.9	955
19-Jun-13	1628.93	0	116.27	956
20-Jun-13	1588.19	0	111.72	957
21-Jun-13	1592.43	0	111.6	958
24-Jun-13	1573.09	0	109.18	959
25-Jun-13	1588.03	0	111.39	960
26-Jun-13	1603.26	0	113.04	961
27-Jun-13	1613.20	0	114.48	962
28-Jun-13	1606.28	0	113.65	963
1-Jul-13	1614.96	0	114.88	964
2-Jul-13	1614.08	0	114.33	965
3-Jul-13	1615.41	0	114.65	966
5-Jul-13	1631.89	0	116.61	967
8-Jul-13	1640.46	0	117.96	968
9-Jul-13	1652.32	0	120.18	969
10-Jul-13	1652.62	0	120.47	970
11-Jul-13	1675.02	0	122.67	971
12-Jul-13	1680.19	0	122.93	972
15-Jul-13	1682.50	0	123.44	973
16-Jul-13	1676.26	0	122.76	974
17-Jul-13	1680.91	0	122.9	975
18-Jul-13	1689.37	0	124.3	976
19-Jul-13	1692.09	0	124.31	977
22-Jul-13	1695.53	0	124.54	978
23-Jul-13	1692.39	0	123.95	979
24-Jul-13	1685.94	0	123.09	980
25-Jul-13	1690.25	0	123.09	981
26-Jul-13	1691.65	0	123.39	982
29-Jul-13	1685.33	0	122.77	983
30-Jul-13	1685.96	0	123.68	984
31-Jul-13	1685.73	0	124.39	985
1-Aug-13	1706.87	0	128.21	986
2-Aug-13	1709.67	0	128.43	987
5-Aug-13	1707.14	0	127.87	988
6-Aug-13	1697.37	0	126.34	989
7-Aug-13	1690.91	0	124.58	990
8-Aug-13	1697.48	0	125.75	991
9-Aug-13	1691.42	0	125.45	992
12-Aug-13	1689.47	0	125.7	993
13-Aug-13	1694.16	0	126.42	994
14-Aug-13	1685.39	0	124.32	995
15-Aug-13	1661.32	0	121.74	996
16-Aug-13	1655.83	0	121.24	997
19-Aug-13	1646.06	0	120.19	998
20-Aug-13	1652.35	0	121.63	999
21-Aug-13	1642.80	0	119.95	1000
22-Aug-13	1656.96	0	122.15	1001
23-Aug-13	1663.50	0	122.51	1002
26-Aug-13	1656.78	0	121.62	1003
27-Aug-13	1630.48	0	117.97	1004
28-Aug-13	1634.96	0	118.47	1005
29-Aug-13	1638.17	0	118.98	1006
30-Aug-13	1632.97	0	118.21	1007
3-Sep-13	1639.77	0	119.77	1008
4-Sep-13	1653.08	0	121.52	1009
5-Sep-13	1655.08	0	121.98	1010
6-Sep-13	1655.17	0	121.34	1011
9-Sep-13	1671.71	0	123.27	1012
10-Sep-13	1683.99	0	124.83	1013
11-Sep-13	1689.13	0	126.1	1014
12-Sep-13	1683.42	0	125.42	1015
13-Sep-13	1687.99	0	126.23	1016
16-Sep-13	1697.60	0	128.08	1017
17-Sep-13	1704.76	0	128.53	1018
18-Sep-13	1725.52	0	131.2	1019
19-Sep-13	1722.34	0	130.84	1020
20-Sep-13	1709.91	0	128.77	1021
23-Sep-13	1701.84	0	128.24	1022
24-Sep-13	1697.42	0	127.94	1023
25-Sep-13	1692.77	0	127.31	1024
26-Sep-13	1698.67	0	128.47	1025
27-Sep-13	1691.75	0	127.61	1026
30-Sep-13	1681.55	0	126.66	1027
1-Oct-13	1695.00	0	128.17	1028
2-Oct-13	1693.87	0	127.86	1029
3-Oct-13	1678.66	0	126.07	1030
4-Oct-13	1690.50	0	127.53	1031
7-Oct-13	1676.12	0	125.02	1032
8-Oct-13	1655.45	0	123.06	1033
9-Oct-13	1656.40	0	122.59	1034
10-Oct-13	1692.56	0	126.5	1035
11-Oct-13	1703.20	0	127.29	1036
14-Oct-13	1710.14	0	128.29	1037
15-Oct-13	1698.06	0	126.42	1038
16-Oct-13	1721.54	0	128.52	1039
17-Oct-13	1733.15	0	129.26	1040
18-Oct-13	1744.50	0	131	1041
21-Oct-13	1744.66	0	131.36	1042
22-Oct-13	1754.67	0	133.41	1043
23-Oct-13	1746.38	0	132.34	1044
24-Oct-13	1752.07	0	133.57	1045
25-Oct-13	1759.77	0	133.84	1046
28-Oct-13	1762.11	0	133.94	1047
29-Oct-13	1771.95	0	134.79	1048
30-Oct-13	1763.31	0	132.47	1049
31-Oct-13	1756.54	0	132.6	1050
1-Nov-13	1761.64	0	133.65	1051
4-Nov-13	1767.93	0	134.21	1052
5-Nov-13	1762.97	0	134.18	1053
6-Nov-13	1770.49	0	135.69	1054
7-Nov-13	1747.15	0	132.3	1055
8-Nov-13	1770.61	0	134.76	1056
11-Nov-13	1771.89	0	135.44	1057
12-Nov-13	1767.69	0	135.01	1058
13-Nov-13	1782.00	0	137.96	1059
14-Nov-13	1790.62	0	139.12	1060
15-Nov-13	1798.18	0	139.12	1061
18-Nov-13	1791.53	0	137.4	1062
19-Nov-13	1787.87	0	136.65	1063
20-Nov-13	1781.37	0	136.26	1064
21-Nov-13	1795.85	0	137.76	1065
22-Nov-13	1804.76	0	138.39	1066
25-Nov-13	1802.48	0	138.21	1067
26-Nov-13	1802.75	0	139.17	1068
27-Nov-13	1807.23	0	139.16	1069
29-Nov-13	1805.81	0	138.96	1070
2-Dec-13	1800.90	0	138.1	1071
3-Dec-13	1795.15	0	137.12	1072
4-Dec-13	1792.81	0	135.98	1073
5-Dec-13	1785.03	0	135.33	1074
6-Dec-13	1805.09	0	137.83	1075
9-Dec-13	1808.37	0	137.64	1076
10-Dec-13	1802.62	0	137.22	1077
11-Dec-13	1782.22	0	135.73	1078
12-Dec-13	1775.50	0	135.69	1079
13-Dec-13	1775.32	0	135.68	1080
16-Dec-13	1786.54	0	137.5	1081
17-Dec-13	1781.00	0	136.18	1082
18-Dec-13	1810.65	0	140.2	1083
19-Dec-13	1809.60	0	140.13	1084
20-Dec-13	1818.32	0	140.82	1085
23-Dec-13	1827.99	0	141.84	1086
24-Dec-13	1833.32	0	142.78	1087
26-Dec-13	1842.02	0	143.9	1088
27-Dec-13	1841.40	0	143.65	1089
30-Dec-13	1841.07	0	144.57	1090
31-Dec-13	1848.36	0	145.12	1091
2-Jan-14	1831.98	1	143.32	1092
3-Jan-14	1831.37	1	143.21	1093
6-Jan-14	1826.77	1	141.9	1094
7-Jan-14	1837.88	1	142.9	1095
8-Jan-14	1837.49	1	142.16	1096
9-Jan-14	1838.13	1	143.05	1097
10-Jan-14	1842.37	1	143.96	1098
13-Jan-14	1819.20	1	139.38	1099
14-Jan-14	1838.88	1	140.87	1100
15-Jan-14	1848.38	1	141.26	1101
16-Jan-14	1845.89	1	140.69	1102
17-Jan-14	1838.70	1	139.91	1103
21-Jan-14	1843.80	1	139.04	1104
22-Jan-14	1844.86	1	139.55	1105
23-Jan-14	1828.46	1	137.6	1106
24-Jan-14	1790.29	1	132.78	1107
27-Jan-14	1781.56	1	132.09	1108
28-Jan-14	1792.50	1	133.68	1109
29-Jan-14	1774.20	1	131.64	1110
30-Jan-14	1794.19	1	134.37	1111
31-Jan-14	1782.59	1	132.79	1112
3-Feb-14	1741.89	1	127.59	1113
4-Feb-14	1755.20	1	129.24	1114
5-Feb-14	1751.64	1	129.26	1115
6-Feb-14	1773.43	1	133.54	1116
7-Feb-14	1797.02	1	136.08	1117
10-Feb-14	1799.84	1	136.04	1118
11-Feb-14	1819.75	1	138.3	1119
12-Feb-14	1819.26	1	139.1	1120
13-Feb-14	1829.83	1	140.46	1121
14-Feb-14	1838.63	1	141.69	1122
18-Feb-14	1840.76	1	142.07	1123
19-Feb-14	1828.75	1	140.94	1124
20-Feb-14	1839.78	1	142.01	1125
21-Feb-14	1836.25	1	142.58	1126
24-Feb-14	1847.61	1	144.63	1127
25-Feb-14	1845.12	1	145.15	1128
26-Feb-14	1845.16	0	146.24	1129
27-Feb-14	1854.29	0	147.04	1130
28-Feb-14	1859.45	0	148.52	1131
3-Mar-14	1845.73	0	146.57	1132
4-Mar-14	1873.91	0	149.76	1133
5-Mar-14	1873.81	0	149.27	1134
6-Mar-14	1877.03	0	150.08	1135
7-Mar-14	1878.04	0	150.72	1136
10-Mar-14	1877.17	0	150.22	1137
11-Mar-14	1867.63	0	149.19	1138
12-Mar-14	1868.20	0	149.08	1139
13-Mar-14	1846.34	0	146.53	1140
14-Mar-14	1841.13	0	146.33	1141
17-Mar-14	1858.83	0	149.22	1142
18-Mar-14	1872.25	0	150.13	1143
19-Mar-14	1860.77	0	147.98	1144
20-Mar-14	1872.01	0	148.62	1145
21-Mar-14	1866.52	0	147.84	1146
24-Mar-14	1857.44	0	146.44	1147
25-Mar-14	1865.62	0	146.2	1148
26-Mar-14	1852.56	0	144.22	1149
27-Mar-14	1849.04	0	144.25	1150
28-Mar-14	1857.62	0	146.1	1151
31-Mar-14	1872.34	0	147.82	1152
1-Apr-14	1885.52	0	149.86	1153
2-Apr-14	1890.90	0	150.58	1154
3-Apr-14	1888.77	0	150.46	1155
4-Apr-14	1865.09	0	147.69	1156
7-Apr-14	1845.04	0	143.53	1157
8-Apr-14	1851.96	0	145.06	1158
9-Apr-14	1872.18	0	147.49	1159
10-Apr-14	1833.08	0	142.82	1160
11-Apr-14	1815.69	0	140.42	1161
14-Apr-14	1830.61	0	142.11	1162
15-Apr-14	1842.98	0	143.2	1163
16-Apr-14	1862.31	0	146	1164
17-Apr-14	1864.85	0	145.89	1165
21-Apr-14	1871.89	0	146.57	1166
22-Apr-14	1879.55	0	147.19	1167
23-Apr-14	1875.39	0	147.67	1168
24-Apr-14	1878.61	0	147.26	1169
25-Apr-14	1863.40	0	144.79	1170
28-Apr-14	1869.43	0	144.31	1171
29-Apr-14	1878.33	0	145.65	1172
30-Apr-14	1883.95	0	146.31	1173
1-May-14	1883.68	0	146.33	1174
2-May-14	1881.14	0	146.83	1175
5-May-14	1884.66	0	147.44	1176
6-May-14	1867.72	0	145.41	1177
7-May-14	1878.21	0	146.42	1178
8-May-14	1875.63	0	147.13	1179
9-May-14	1878.48	0	146.87	1180
12-May-14	1896.65	0	148.98	1181
13-May-14	1897.45	0	148.67	1182
14-May-14	1888.53	0	147.45	1183
15-May-14	1870.85	0	145.57	1184
16-May-14	1877.86	0	147.34	1185
19-May-14	1885.08	0	148.26	1186
20-May-14	1872.83	0	144.96	1187
21-May-14	1888.03	0	147.78	1188
22-May-14	1892.49	0	148.2	1189
23-May-14	1900.53	0	150.02	1190
27-May-14	1911.91	0	150.7	1191
28-May-14	1909.78	0	151.47	1192
29-May-14	1920.03	0	152.52	1193
30-May-14	1923.57	0	153.44	1194
2-Jun-14	1924.97	0	154.05	1195
3-Jun-14	1924.24	0	153.84	1196
4-Jun-14	1927.88	0	154.77	1197
5-Jun-14	1940.46	0	155.79	1198
6-Jun-14	1949.44	0	157.67	1199
9-Jun-14	1951.27	0	157.89	1200
10-Jun-14	1950.79	0	157.51	1201
11-Jun-14	1943.89	0	156.27	1202
12-Jun-14	1930.11	0	153.29	1203
13-Jun-14	1936.16	0	154.05	1204
16-Jun-14	1937.78	0	154.13	1205
17-Jun-14	1941.99	0	154.56	1206
18-Jun-14	1956.98	0	156.43	1207
19-Jun-14	1959.48	0	157.11	1208
20-Jun-14	1962.87	0	157.56	1209
23-Jun-14	1962.61	0	157.19	1210
24-Jun-14	1949.98	0	154.71	1211
25-Jun-14	1959.53	0	156.34	1212
26-Jun-14	1957.22	0	156.09	1213
27-Jun-14	1960.96	0	156.62	1214
30-Jun-14	1960.23	0	157.07	1215
1-Jul-14	1973.32	0	158.66	1216
2-Jul-14	1974.62	0	158.7	1217
3-Jul-14	1985.44	0	160.29	1218
7-Jul-14	1977.65	0	158.62	1219
8-Jul-14	1963.71	0	157.55	1220
9-Jul-14	1972.83	0	159.11	1221
10-Jul-14	1964.68	0	157.03	1222
11-Jul-14	1967.57	0	156.83	1223
14-Jul-14	1977.10	0	157.5	1224
15-Jul-14	1973.28	0	157.25	1225
16-Jul-14	1981.57	0	158.03	1226
17-Jul-14	1958.12	0	155.69	1227
18-Jul-14	1978.22	0	157.52	1228
21-Jul-14	1973.63	0	156.31	1229
22-Jul-14	1983.53	0	158.43	1230
23-Jul-14	1987.01	0	158.99	1231
24-Jul-14	1987.98	0	159.33	1232
25-Jul-14	1978.34	0	158.51	1233
28-Jul-14	1978.91	0	157.87	1234
29-Jul-14	1969.95	0	156.17	1235
30-Jul-14	1970.07	0	156.96	1236
31-Jul-14	1930.67	0	153.02	1237
1-Aug-14	1925.15	0	153.29	1238
4-Aug-14	1938.99	0	155.7	1239
5-Aug-14	1920.21	0	153.58	1240
6-Aug-14	1920.24	0	153.66	1241
7-Aug-14	1909.57	0	151.63	1242
8-Aug-14	1931.59	0	155.44	1243
11-Aug-14	1936.92	0	156.74	1244
12-Aug-14	1933.75	0	156.32	1245
13-Aug-14	1946.72	0	157.24	1246
14-Aug-14	1955.18	0	158.37	1247
15-Aug-14	1955.06	0	158.05	1248
18-Aug-14	1971.74	0	160.85	1249
19-Aug-14	1981.60	0	162.76	1250
20-Aug-14	1986.51	0	164.18	1251
21-Aug-14	1992.37	0	164.38	1252
22-Aug-14	1988.40	0	165.01	1253
25-Aug-14	1997.92	0	166.07	1254
26-Aug-14	2000.02	0	166.24	1255
27-Aug-14	2000.12	0	165.99	1256
28-Aug-14	1996.74	0	165.38	1257
29-Aug-14	2003.37	0	165.85	1258
2-Sep-14	2002.28	0	166.31	1259
3-Sep-14	2000.72	0	166.46	1260
4-Sep-14	1997.65	0	167.16	1261
5-Sep-14	2007.71	0	168.75	1262
8-Sep-14	2001.54	1	167.67	1263
9-Sep-14	1988.44	1	165.97	1264
10-Sep-14	1995.69	1	166.46	1265
11-Sep-14	1997.45	1	166.74	1266
12-Sep-14	1985.54	1	165.53	1267
15-Sep-14	1984.13	1	165.41	1268
16-Sep-14	1998.98	1	167.26	1269
17-Sep-14	2001.57	1	167.14	1270
18-Sep-14	2011.36	1	168.21	1271
19-Sep-14	2010.40	1	167.23	1272
22-Sep-14	1994.29	1	164.35	1273
23-Sep-14	1982.77	1	162.92	1274
24-Sep-14	1998.30	1	165.29	1275
25-Sep-14	1965.99	1	161.81	1276
26-Sep-14	1982.85	1	165.43	1277
29-Sep-14	1977.80	1	164.71	1278
30-Sep-14	1972.29	1	163.46	1279
1-Oct-14	1946.16	1	160.19	1280
2-Oct-14	1946.17	1	160.72	1281
3-Oct-14	1967.90	1	164.26	1282
6-Oct-14	1964.82	1	163.47	1283
7-Oct-14	1935.10	1	158.91	1284
8-Oct-14	1968.89	1	162.95	1285
9-Oct-14	1928.21	1	157.37	1286
10-Oct-14	1906.13	1	154.38	1287
13-Oct-14	1874.74	1	149.6	1288
14-Oct-14	1877.70	1	152.28	1289
15-Oct-14	1862.49	1	150.05	1290
16-Oct-14	1862.76	1	151.57	1291
17-Oct-14	1886.76	1	155.16	1292
20-Oct-14	1904.01	1	157.66	1293
21-Oct-14	1941.28	1	163.56	1294
22-Oct-14	1927.11	1	160.36	1295
23-Oct-14	1950.82	1	163.48	1296
24-Oct-14	1964.58	1	165.29	1297
27-Oct-14	1961.63	1	165.27	1298
28-Oct-14	1985.05	1	168.51	1299
29-Oct-14	1982.30	1	167.6	1300
30-Oct-14	1994.65	1	169.8	1301
31-Oct-14	2018.05	0	172.37	1302
3-Nov-14	2017.81	0	172.38	1303
4-Nov-14	2012.10	0	170.73	1304
5-Nov-14	2023.57	0	173.07	1305
6-Nov-14	2031.21	0	175.62	1306
7-Nov-14	2031.92	0	175.35	1307
10-Nov-14	2038.26	0	176.33	1308
11-Nov-14	2039.68	0	176.81	1309
12-Nov-14	2038.25	0	177.71	1310
13-Nov-14	2039.33	0	177.41	1311
14-Nov-14	2039.82	0	177.26	1312
17-Nov-14	2041.32	0	176.83	1313
18-Nov-14	2051.80	0	178.25	1314
19-Nov-14	2048.72	0	178.12	1315
20-Nov-14	2052.75	0	179.17	1316
21-Nov-14	2063.50	0	181.42	1317
24-Nov-14	2069.41	0	183.23	1318
25-Nov-14	2067.03	0	183.29	1319
26-Nov-14	2072.83	0	183.71	1320
28-Nov-14	2067.56	0	183.58	1321
1-Dec-14	2053.44	0	180.5	1322
2-Dec-14	2066.55	0	182.49	1323
3-Dec-14	2074.33	0	185.25	1324
4-Dec-14	2071.92	0	184.38	1325
5-Dec-14	2075.37	0	184.8	1326
8-Dec-14	2060.31	0	182.71	1327
9-Dec-14	2059.82	0	182.57	1328
10-Dec-14	2026.14	0	179.01	1329
11-Dec-14	2035.33	0	180.93	1330
12-Dec-14	2002.33	0	177.22	1331
15-Dec-14	1989.63	0	177.15	1332
16-Dec-14	1972.74	0	174.74	1333
17-Dec-14	2012.89	0	179.9	1334
18-Dec-14	2061.23	0	185.26	1335
19-Dec-14	2070.65	0	185.34	1336
22-Dec-14	2078.54	0	187.54	1337
23-Dec-14	2082.17	0	188.78	1338
24-Dec-14	2081.88	0	189.15	1339
26-Dec-14	2088.77	0	189.38	1340
29-Dec-14	2090.57	0	189.96	1341
30-Dec-14	2080.35	0	189.26	1342
31-Dec-14	2058.90	0	187.2	1343
2-Jan-15	2058.20	0	186.57	1344
5-Jan-15	2020.58	0	182.1	1345
6-Jan-15	2002.61	0	179.74	1346
7-Jan-15	2025.90	0	183.33	1347
8-Jan-15	2062.14	0	188.65	1348
9-Jan-15	2044.81	0	185.74	1349
12-Jan-15	2028.26	0	184.57	1350
13-Jan-15	2023.03	0	184.49	1351
14-Jan-15	2011.27	0	182.05	1352
15-Jan-15	1992.67	0	179.52	1353
16-Jan-15	2019.42	0	183.3	1354
20-Jan-15	2022.55	0	183.33	1355
21-Jan-15	2032.12	0	185.2	1356
22-Jan-15	2063.15	0	191.23	1357
23-Jan-15	2051.82	0	190.54	1358
26-Jan-15	2057.09	0	191.43	1359
27-Jan-15	2029.55	0	189.26	1360
28-Jan-15	2002.16	0	186.99	1361
29-Jan-15	2021.25	0	190.36	1362
30-Jan-15	1994.99	0	185.26	1363
2-Feb-15	2020.85	0	186.78	1364
3-Feb-15	2050.03	0	190.96	1365
4-Feb-15	2041.51	0	191.35	1366
5-Feb-15	2062.52	0	192.38	1367
6-Feb-15	2055.47	0	193.17	1368
9-Feb-15	2046.74	0	192.16	1369
10-Feb-15	2068.59	0	195	1370
11-Feb-15	2068.53	0	195.35	1371
12-Feb-15	2088.48	0	198.47	1372
13-Feb-15	2096.99	0	198.7	1373
17-Feb-15	2100.34	0	198.65	1374
18-Feb-15	2099.68	0	199.09	1375
19-Feb-15	2097.45	0	199.01	1376
20-Feb-15	2110.30	0	201.99	1377
23-Feb-15	2109.66	0	202.16	1378
24-Feb-15	2115.48	0	202.11	1379
25-Feb-15	2113.86	0	202.52	1380
26-Feb-15	2110.74	0	201.1	1381
27-Feb-15	2104.50	0	200.87	1382
2-Mar-15	2117.39	0	203.54	1383
3-Mar-15	2107.78	0	202.54	1384
4-Mar-15	2098.53	0	201.34	1385
5-Mar-15	2101.04	0	202.82	1386
6-Mar-15	2071.26	0	199.91	1387
9-Mar-15	2079.43	0	201.6	1388
10-Mar-15	2044.16	0	197.39	1389
11-Mar-15	2040.24	0	197.3	1390
12-Mar-15	2065.95	0	202.16	1391
13-Mar-15	2053.40	0	200.57	1392
16-Mar-15	2081.19	0	204.53	1393
17-Mar-15	2074.28	0	204.37	1394
18-Mar-15	2099.50	0	206.1	1395
19-Mar-15	2089.27	0	205.54	1396
20-Mar-15	2108.10	0	207.44	1397
23-Mar-15	2104.42	0	205.44	1398
24-Mar-15	2091.50	0	204.51	1399
25-Mar-15	2061.05	0	199.92	1400
26-Mar-15	2056.15	0	198.76	1401
27-Mar-15	2061.02	0	199.71	1402
30-Mar-15	2086.24	0	203.62	1403
31-Mar-15	2067.89	0	201.33	1404
1-Apr-15	2059.69	0	199.92	1405
2-Apr-15	2066.96	0	201.37	1406
6-Apr-15	2080.62	0	201.4	1407
7-Apr-15	2076.33	0	200.58	1408
8-Apr-15	2081.90	0	203.1	1409
9-Apr-15	2091.18	0	202.71	1410
10-Apr-15	2102.06	0	203.23	1411
13-Apr-15	2092.43	0	202.78	1412
14-Apr-15	2095.84	0	202.82	1413
15-Apr-15	2106.63	0	202.39	1414
16-Apr-15	2104.99	0	202.41	1415
17-Apr-15	2081.18	0	198.41	1416
20-Apr-15	2100.40	0	201.55	1417
21-Apr-15	2097.29	0	202.27	1418
22-Apr-15	2107.96	0	202.55	1419
23-Apr-15	2112.93	0	203.8	1420
24-Apr-15	2117.69	0	203.07	1421
27-Apr-15	2108.92	0	201	1422
28-Apr-15	2114.76	0	201.09	1423
29-Apr-15	2106.85	0	198.52	1424
30-Apr-15	2085.51	0	195.71	1425
1-May-15	2108.29	0	199.93	1426
4-May-15	2114.49	0	200.76	1427
5-May-15	2089.46	0	198.04	1428
6-May-15	2080.15	0	197.88	1429
7-May-15	2088.00	0	199.58	1430
8-May-15	2116.10	0	203.2	1431
11-May-15	2105.33	0	202.41	1432
12-May-15	2099.12	0	201.37	1433
13-May-15	2098.48	0	200.15	1434
14-May-15	2121.10	0	203.04	1435
15-May-15	2122.73	0	204.03	1436
18-May-15	2129.20	0	205.85	1437
19-May-15	2127.83	0	206.36	1438
20-May-15	2125.85	0	204.71	1439
21-May-15	2130.82	0	205.06	1440
22-May-15	2126.06	0	203.91	1441
26-May-15	2104.20	0	200.49	1442
27-May-15	2123.48	0	203.07	1443
28-May-15	2120.79	0	202.57	1444
29-May-15	2107.39	0	200.52	1445
1-Jun-15	2111.73	0	201.3	1446
2-Jun-15	2109.60	0	201.12	1447
3-Jun-15	2114.07	0	202.59	1448
4-Jun-15	2095.84	0	199.55	1449
5-Jun-15	2092.83	0	199.48	1450
8-Jun-15	2079.28	0	197.65	1451
9-Jun-15	2080.15	0	197.02	1452
10-Jun-15	2105.20	0	200.08	1453
11-Jun-15	2108.86	0	201.71	1454
12-Jun-15	2094.11	0	200.63	1455
15-Jun-15	2084.43	0	199.56	1456
16-Jun-15	2096.29	0	200.91	1457
17-Jun-15	2100.44	0	201.43	1458
18-Jun-15	2121.24	0	204.67	1459
19-Jun-15	2109.99	0	203.79	1460
22-Jun-15	2122.85	0	205.41	1461
23-Jun-15	2124.20	0	205.83	1462
24-Jun-15	2108.58	0	203.32	1463
25-Jun-15	2102.31	0	202.83	1464
26-Jun-15	2101.49	0	203.68	1465
29-Jun-15	2057.64	0	197.97	1466
30-Jun-15	2063.11	0	198.87	1467
1-Jul-15	2077.42	0	201.07	1468
2-Jul-15	2076.78	0	200.32	1469
6-Jul-15	2068.76	0	200.11	1470
7-Jul-15	2081.34	0	201.99	1471
8-Jul-15	2046.68	0	197.42	1472
9-Jul-15	2051.31	0	198.98	1473
10-Jul-15	2076.62	0	202.93	1474
13-Jul-15	2099.60	0	206.2	1475
14-Jul-15	2108.95	0	206.91	1476
15-Jul-15	2107.40	0	206.62	1477
16-Jul-15	2124.29	0	208.33	1478
17-Jul-15	2126.64	0	207.43	1479
20-Jul-15	2128.28	0	207.91	1480
21-Jul-15	2119.21	0	207.08	1481
22-Jul-15	2114.15	0	208.81	1482
23-Jul-15	2102.15	0	207.14	1483
24-Jul-15	2079.65	0	205.33	1484
27-Jul-15	2067.64	0	202.99	1485
28-Jul-15	2093.25	0	205.52	1486
29-Jul-15	2108.57	0	208.6	1487
30-Jul-15	2108.63	0	208.68	1488
31-Jul-15	2103.84	0	208.45	1489
3-Aug-15	2098.04	0	208.22	1490
4-Aug-15	2093.32	0	208.73	1491
5-Aug-15	2099.84	0	209.73	1492
6-Aug-15	2083.56	0	206.42	1493
7-Aug-15	2077.57	0	206.05	1494
10-Aug-15	2104.18	0	209.25	1495
11-Aug-15	2084.07	0	207.01	1496
12-Aug-15	2086.05	0	206.26	1497
13-Aug-15	2083.39	0	207.17	1498
14-Aug-15	2091.54	0	208.25	1499
17-Aug-15	2102.44	0	210.61	1500
18-Aug-15	2096.92	0	212.04	1501
19-Aug-15	2079.61	1	209.91	1502
20-Aug-15	2035.73	1	203.64	1503
21-Aug-15	1970.89	1	194.07	1504
24-Aug-15	1893.21	1	184.39	1505
25-Aug-15	1867.61	1	181.93	1506
26-Aug-15	1940.51	1	190.56	1507
27-Aug-15	1987.66	1	196.27	1508
28-Aug-15	1988.87	1	195.35	1509
31-Aug-15	1972.18	1	192.52	1510
1-Sep-15	1913.85	1	185.67	1511
2-Sep-15	1948.86	1	190.9	1512
3-Sep-15	1951.13	1	191.58	1513
4-Sep-15	1921.22	1	188.35	1514
8-Sep-15	1969.41	1	194.72	1515
9-Sep-15	1942.04	1	191.84	1516
10-Sep-15	1952.29	1	193.01	1517
11-Sep-15	1961.05	1	195.2	1518
14-Sep-15	1953.03	1	193.82	1519
15-Sep-15	1978.09	1	196.87	1520
16-Sep-15	1995.31	1	198.99	1521
17-Sep-15	1990.20	1	198.73	1522
18-Sep-15	1958.03	1	194.28	1523
21-Sep-15	1966.97	1	195.78	1524
22-Sep-15	1942.74	1	192.28	1525
23-Sep-15	1938.76	1	192.19	1526
24-Sep-15	1932.24	1	190.57	1527
25-Sep-15	1931.34	1	191.12	1528
28-Sep-15	1881.77	1	183.99	1529
29-Sep-15	1884.09	1	184.97	1530
30-Sep-15	1920.03	1	189.27	1531
1-Oct-15	1923.82	1	190.01	1532
2-Oct-15	1951.36	1	193.1	1533
5-Oct-15	1987.05	1	197.51	1534
6-Oct-15	1979.92	1	194.54	1535
7-Oct-15	1995.83	1	197.37	1536
8-Oct-15	2013.43	1	199.81	1537
9-Oct-15	2014.89	1	200.98	1538
12-Oct-15	2017.46	1	202.67	1539
13-Oct-15	2003.69	1	200.73	1540
14-Oct-15	1994.24	1	197.7	1541
15-Oct-15	2023.86	1	201.27	1542
16-Oct-15	2033.11	1	202.48	1543
19-Oct-15	2033.66	1	203.69	1544
20-Oct-15	2030.77	1	204.05	1545
21-Oct-15	2018.94	1	202.13	1546
22-Oct-15	2052.51	1	207.84	1547
23-Oct-15	2075.15	1	209.18	1548
26-Oct-15	2071.18	1	209.8	1549
27-Oct-15	2065.89	1	208.8	1550
28-Oct-15	2090.35	1	211.03	1551
29-Oct-15	2089.41	1	211.29	1552
30-Oct-15	2079.36	1	209.33	1553
2-Nov-15	2104.05	1	211.42	1554
3-Nov-15	2109.79	1	212.49	1555
4-Nov-15	2102.31	0	211.37	1556
5-Nov-15	2099.93	0	212.13	1557
6-Nov-15	2099.20	0	211.92	1558
9-Nov-15	2078.58	0	209.23	1559
10-Nov-15	2081.72	0	210.19	1560
11-Nov-15	2075.00	0	208.88	1561
12-Nov-15	2045.97	0	205.52	1562
13-Nov-15	2023.04	0	200.63	1563
16-Nov-15	2053.19	0	204.76	1564
17-Nov-15	2050.44	0	206.65	1565
18-Nov-15	2083.58	0	210.88	1566
19-Nov-15	2081.24	0	209.67	1567
20-Nov-15	2089.17	0	212.89	1568
23-Nov-15	2086.59	0	213.26	1569
24-Nov-15	2089.14	0	212.87	1570
25-Nov-15	2088.87	0	214.2	1571
27-Nov-15	2090.11	0	214.55	1572
30-Nov-15	2080.41	0	212.61	1573
1-Dec-15	2102.63	0	215.47	1574
2-Dec-15	2079.51	0	214.09	1575
3-Dec-15	2049.62	0	209.59	1576
4-Dec-15	2091.69	0	216.35	1577
7-Dec-15	2077.07	1	215.46	1578
8-Dec-15	2063.59	1	212.9	1579
9-Dec-15	2047.62	1	210.33	1580
10-Dec-15	2052.23	1	211.7	1581
11-Dec-15	2012.37	1	206.76	1582
14-Dec-15	2021.94	1	208.67	1583
15-Dec-15	2043.41	1	210.75	1584
16-Dec-15	2073.07	1	214.53	1585
17-Dec-15	2041.89	1	210.26	1586
18-Dec-15	2005.55	1	205.17	1587
21-Dec-15	2021.15	1	207.42	1588
22-Dec-15	2038.97	1	209.99	1589
23-Dec-15	2064.29	1	211.79	1590
24-Dec-15	2060.99	1	211.84	1591
28-Dec-15	2056.50	1	211.79	1592
29-Dec-15	2078.36	1	214.69	1593
30-Dec-15	2063.36	1	212.68	1594
31-Dec-15	2043.94	1	209.87	1595
4-Jan-16	2012.66	1	205.36	1596
5-Jan-16	2016.71	1	206.4	1597
6-Jan-16	1990.26	1	203.09	1598
7-Jan-16	1943.09	1	197.46	1599
8-Jan-16	1922.03	1	194.05	1600
11-Jan-16	1923.67	1	194.01	1601
12-Jan-16	1938.68	1	197.86	1602
13-Jan-16	1890.28	1	190.58	1603
14-Jan-16	1921.84	1	193.15	1604
15-Jan-16	1880.33	1	188.29	1605
19-Jan-16	1881.33	1	188.67	1606
20-Jan-16	1859.33	1	186.13	1607
21-Jan-16	1868.99	1	187.58	1608
22-Jan-16	1906.90	1	191.32	1609
25-Jan-16	1877.08	1	188.46	1610
26-Jan-16	1903.63	1	191.12	1611
27-Jan-16	1882.95	1	187.66	1612
28-Jan-16	1893.36	1	187.62	1613
29-Jan-16	1940.24	1	195.35	1614
1-Feb-16	1939.38	1	196.06	1615
2-Feb-16	1903.03	1	191.44	1616
3-Feb-16	1912.53	1	191.32	1617
4-Feb-16	1915.45	1	189.87	1618
5-Feb-16	1880.05	1	185.91	1619
8-Feb-16	1853.44	1	182.64	1620
9-Feb-16	1852.21	1	184.97	1621
10-Feb-16	1851.86	1	186.18	1622
11-Feb-16	1829.08	1	182.39	1623
12-Feb-16	1864.78	1	186.99	1624
16-Feb-16	1895.58	1	192.43	1625
17-Feb-16	1926.82	1	196.76	1626
18-Feb-16	1917.83	1	195.08	1627
19-Feb-16	1917.78	1	195.29	1628
22-Feb-16	1945.50	1	198.76	1629
23-Feb-16	1921.27	1	198.1	1630
24-Feb-16	1929.80	1	198.72	1631
25-Feb-16	1951.70	1	201.15	1632
26-Feb-16	1948.05	1	200.76	1633
29-Feb-16	1932.23	1	198.54	1634
1-Mar-16	1978.35	1	203.51	1635
2-Mar-16	1986.45	1	203.88	1636
3-Mar-16	1993.40	1	204.06	1637
4-Mar-16	1999.99	1	203.36	1638
7-Mar-16	2001.76	1	203.58	1639
8-Mar-16	1979.26	1	202.11	1640
9-Mar-16	1989.26	1	202.43	1641
10-Mar-16	1989.57	1	202.62	1642
11-Mar-16	2022.19	1	207.04	1643
14-Mar-16	2019.64	1	207.68	1644
15-Mar-16	2015.93	1	207.14	1645
16-Mar-16	2027.22	1	208.4	1646
17-Mar-16	2040.59	1	209.38	1647
18-Mar-16	2049.58	1	211.62	1648
21-Mar-16	2051.60	1	211.13	1649
22-Mar-16	2049.80	1	210.99	1650
23-Mar-16	2036.71	1	209.79	1651
24-Mar-16	2035.94	1	208.99	1652
28-Mar-16	2037.05	1	210.14	1653
29-Mar-16	2055.01	1	211.79	1654
30-Mar-16	2063.95	1	212.8	1655
31-Mar-16	2059.74	1	211.83	1656
1-Apr-16	2072.78	1	214.48	1657
4-Apr-16	2066.13	1	212.9	1658
5-Apr-16	2045.17	1	209.84	1659
6-Apr-16	2066.66	1	212.6	1660
7-Apr-16	2041.91	1	209.53	1661
8-Apr-16	2047.60	1	209.77	1662
11-Apr-16	2041.99	1	208.61	1663
12-Apr-16	2061.72	1	210.06	1664
13-Apr-16	2082.42	1	211.94	1665
14-Apr-16	2082.78	1	211.92	1666
15-Apr-16	2080.73	1	212.15	1667
18-Apr-16	2094.34	1	214.15	1668
19-Apr-16	2100.80	1	214.46	1669
20-Apr-16	2102.40	1	214.47	1670
21-Apr-16	2091.48	1	214	1671
22-Apr-16	2091.58	1	212.97	1672
25-Apr-16	2087.79	1	213.68	1673
26-Apr-16	2091.70	1	214.4	1674
27-Apr-16	2095.15	1	214.8	1675
28-Apr-16	2075.81	1	211.14	1676
29-Apr-16	2065.30	1	210.22	1677
2-May-16	2081.43	1	211.98	1678
3-May-16	2063.37	1	209.94	1679
4-May-16	2051.12	1	208.65	1680
5-May-16	2050.63	1	207.57	1681
6-May-16	2057.14	1	208.59	1682
9-May-16	2058.69	1	210.37	1683
10-May-16	2084.39	1	212.98	1684
11-May-16	2064.46	1	208.78	1685
12-May-16	2064.11	1	209.27	1686
13-May-16	2046.61	1	207.62	1687
16-May-16	2066.66	1	209.99	1688
17-May-16	2047.21	1	206.98	1689
18-May-16	2047.63	1	205.86	1690
19-May-16	2040.04	1	205.35	1691
20-May-16	2052.32	1	205.63	1692
23-May-16	2048.04	1	204.44	1693
24-May-16	2076.06	1	207.61	1694
25-May-16	2090.54	1	207.65	1695
26-May-16	2090.10	1	207.83	1696
27-May-16	2099.06	1	208.85	1697
31-May-16	2096.95	1	208.87	1698
1-Jun-16	2099.33	1	208.14	1699
2-Jun-16	2105.26	1	208.43	1700
3-Jun-16	2099.13	1	207.74	1701
6-Jun-16	2109.41	1	208.1	1702
7-Jun-16	2112.13	1	208.81	1703
8-Jun-16	2119.12	1	209.51	1704
9-Jun-16	2115.48	1	210.14	1705
10-Jun-16	2096.07	1	207.7	1706
13-Jun-16	2079.06	1	204.86	1707
14-Jun-16	2075.32	1	204.32	1708
15-Jun-16	2071.50	1	203.81	1709
16-Jun-16	2077.99	1	204.84	1710
17-Jun-16	2071.22	1	204.02	1711
20-Jun-16	2083.25	1	204.97	1712
21-Jun-16	2088.90	1	205.35	1713
22-Jun-16	2085.45	1	204.74	1714
23-Jun-16	2113.32	1	207.17	1715
24-Jun-16	2037.41	1	200.9	1716
27-Jun-16	2000.54	1	198.33	1717
28-Jun-16	2036.09	1	200.93	1718
29-Jun-16	2036.09	1	204.78	1719
30-Jun-16	2098.86	1	207.8	1720
1-Jul-16	2102.95	1	208.12	1721
5-Jul-16	2088.55	1	207.22	1722
6-Jul-16	2099.73	1	208.48	1723
7-Jul-16	2097.90	1	208.65	1724
8-Jul-16	2129.90	1	212.84	1725
11-Jul-16	2137.16	1	212.82	1726
12-Jul-16	2152.14	1	214.42	1727
13-Jul-16	2152.43	1	214.36	1728
14-Jul-16	2163.75	1	215.88	1729
15-Jul-16	2161.74	1	215.53	1730
18-Jul-16	2166.89	1	215.97	1731
19-Jul-16	2163.78	1	216.33	1732
20-Jul-16	2173.02	1	218.54	1733
21-Jul-16	2165.17	0	215.54	1734
22-Jul-16	2175.03	0	217.44	1735
25-Jul-16	2168.48	0	216.24	1736
26-Jul-16	2169.18	0	217.36	1737
27-Jul-16	2166.58	0	216.29	1738
28-Jul-16	2170.06	0	216.8	1739
29-Jul-16	2173.60	0	216.98	1740
1-Aug-16	2170.84	0	217.49	1741
2-Aug-16	2157.03	0	214.97	1742
3-Aug-16	2163.79	0	215.21	1743
4-Aug-16	2164.25	0	214.42	1744
5-Aug-16	2182.87	0	216.51	1745
8-Aug-16	2180.89	0	215.47	1746
9-Aug-16	2181.74	0	215.63	1747
10-Aug-16	2175.49	0	215.88	1748
11-Aug-16	2185.79	0	217.13	1749
12-Aug-16	2184.05	0	216.89	1750
15-Aug-16	2190.15	0	217.66	1751
16-Aug-16	2178.15	0	216.52	1752
17-Aug-16	2182.22	0	217.47	1753
18-Aug-16	2187.02	0	217.38	1754
19-Aug-16	2183.87	0	218.68	1755
22-Aug-16	2182.64	0	219.69	1756
23-Aug-16	2186.90	0	219.81	1757
24-Aug-16	2175.44	0	218.66	1758
25-Aug-16	2172.47	0	218.53	1759
26-Aug-16	2169.04	0	217.89	1760
29-Aug-16	2180.38	0	219.09	1761
30-Aug-16	2176.12	0	217.99	1762
31-Aug-16	2170.95	0	217.46	1763
1-Sep-16	2170.86	0	217.83	1764
2-Sep-16	2179.98	0	219.57	1765
6-Sep-16	2186.48	0	218.99	1766
7-Sep-16	2186.16	0	218.41	1767
8-Sep-16	2181.30	0	215.6	1768
9-Sep-16	2127.81	0	208.8	1769
12-Sep-16	2159.04	0	211.88	1770
13-Sep-16	2127.02	0	208.91	1771
14-Sep-16	2125.77	0	208.21	1772
15-Sep-16	2147.26	0	210.49	1773
16-Sep-16	2139.16	0	209.38	1774
19-Sep-16	2139.12	0	209.54	1775
20-Sep-16	2139.76	0	210.37	1776
21-Sep-16	2163.12	0	212.41	1777
22-Sep-16	2177.18	0	214.65	1778
23-Sep-16	2164.69	0	213.52	1779
26-Sep-16	2146.10	0	211.47	1780
27-Sep-16	2159.93	0	213.32	1781
28-Sep-16	2171.37	0	213.78	1782
29-Sep-16	2151.13	0	210.85	1783
30-Sep-16	2168.27	0	213.08	1784
3-Oct-16	2161.20	0	212.67	1785
4-Oct-16	2150.49	0	211.05	1786
5-Oct-16	2159.73	0	211.42	1787
6-Oct-16	2160.77	0	212.88	1788
7-Oct-16	2153.74	0	210.5	1789
10-Oct-16	2163.66	0	211.86	1790
11-Oct-16	2136.73	0	209.38	1791
12-Oct-16	2139.18	0	210.35	1792
13-Oct-16	2132.55	0	209.8	1793
14-Oct-16	2132.98	0	209.93	1794
17-Oct-16	2126.50	0	208.65	1795
18-Oct-16	2139.60	0	210.14	1796
19-Oct-16	2144.29	0	211.24	1797
20-Oct-16	2141.34	0	211.92	1798
21-Oct-16	2141.16	0	211.59	1799
24-Oct-16	2151.33	0	212.66	1800
25-Oct-16	2143.16	0	209.49	1801
26-Oct-16	2139.43	0	207.89	1802
27-Oct-16	2133.04	0	207.82	1803
28-Oct-16	2126.41	0	206.63	1804
31-Oct-16	2126.15	0	207.46	1805
1-Nov-16	2111.72	0	205.51	1806
2-Nov-16	2097.94	0	205.39	1807
3-Nov-16	2088.66	0	203.66	1808
4-Nov-16	2085.18	0	203.74	1809
7-Nov-16	2131.52	0	209.43	1810
8-Nov-16	2139.56	0	208.92	1811
9-Nov-16	2163.26	0	211.78	1812
10-Nov-16	2167.48	0	213.58	1813
11-Nov-16	2164.45	0	214.29	1814
14-Nov-16	2164.20	0	215.29	1815
15-Nov-16	2180.39	0	215.92	1816
16-Nov-16	2176.94	0	216.33	1817
17-Nov-16	2187.12	0	217.02	1818
18-Nov-16	2181.90	0	216.75	1819
21-Nov-16	2198.18	0	216.1	1820
22-Nov-16	2202.94	0	217.33	1821
23-Nov-16	2204.72	0	217.79	1822
25-Nov-16	2213.35	0	218.85	1823
28-Nov-16	2201.72	0	217.25	1824
29-Nov-16	2204.66	0	218.16	1825
30-Nov-16	2198.81	0	216.43	1826
1-Dec-16	2191.08	0	216.17	1827
2-Dec-16	2191.95	0	216.72	1828
5-Dec-16	2204.71	0	217.57	1829
6-Dec-16	2212.23	0	218.18	1830
7-Dec-16	2241.35	0	222.42	1831
8-Dec-16	2246.19	0	222.91	1832
9-Dec-16	2259.53	0	224.6	1833
12-Dec-16	2256.96	0	223.45	1834
13-Dec-16	2271.72	0	225.44	1835
14-Dec-16	2253.28	0	224.14	1836
15-Dec-16	2262.03	0	225.99	1837
16-Dec-16	2258.07	0	225.61	1838
19-Dec-16	2262.53	0	225.59	1839
20-Dec-16	2270.76	0	226.38	1840
21-Dec-16	2265.18	0	225.73	1841
22-Dec-16	2260.96	0	225.24	1842
23-Dec-16	2263.79	0	225.66	1843
27-Dec-16	2268.88	0	226.02	1844
28-Dec-16	2249.92	0	223.4	1845
29-Dec-16	2249.26	0	223.57	1846
30-Dec-16	2238.83	0	221.94	1847
3-Jan-17	2257.83	0	223.99	1848
4-Jan-17	2270.75	0	226.28	1849
5-Jan-17	2269.00	0	225.72	1850
6-Jan-17	2276.98	0	227.11	1851
9-Jan-17	2268.90	0	226.69	1852
10-Jan-17	2268.90	0	227.52	1853
11-Jan-17	2275.32	0	229.25	1854
12-Jan-17	2270.44	0	228.43	1855
13-Jan-17	2274.64	0	229.13	1856
17-Jan-17	2267.89	0	228.6	1857
18-Jan-17	2271.89	0	229.27	1858
19-Jan-17	2263.69	0	227.66	1859
20-Jan-17	2271.31	0	228.25	1860
23-Jan-17	2265.20	0	227.25	1861
24-Jan-17	2280.07	0	229.84	1862
25-Jan-17	2298.37	0	231.32	1863
26-Jan-17	2296.68	0	232.81	1864
27-Jan-17	2294.69	0	233.05	1865
30-Jan-17	2280.90	0	232.23	1866
31-Jan-17	2278.87	0	233.11	1867
1-Feb-17	2279.55	0	232.29	1868
2-Feb-17	2280.85	0	231.85	1869
3-Feb-17	2297.42	0	234.17	1870
6-Feb-17	2292.56	0	232.76	1871
7-Feb-17	2293.08	0	232.76	1872
8-Feb-17	2294.67	0	232.95	1873
9-Feb-17	2307.87	0	236.15	1874
10-Feb-17	2316.10	0	237.37	1875
13-Feb-17	2328.25	0	238.79	1876
14-Feb-17	2337.58	0	239.81	1877
15-Feb-17	2349.25	0	242.42	1878
16-Feb-17	2347.22	0	241.79	1879
17-Feb-17	2351.16	0	242.1	1880
21-Feb-17	2365.38	0	242.88	1881
22-Feb-17	2362.82	0	243.13	1882
23-Feb-17	2363.81	0	242.08	1883
24-Feb-17	2367.34	0	243.56	1884
27-Feb-17	2369.75	0	242.61	1885
28-Feb-17	2363.64	0	241.13	1886
1-Mar-17	2395.96	0	245.14	1887
2-Mar-17	2381.92	0	243.04	1888
3-Mar-17	2383.12	0	243.32	1889
6-Mar-17	2375.31	0	241.68	1890
7-Mar-17	2368.39	0	240.72	1891
8-Mar-17	2362.98	0	240.74	1892
9-Mar-17	2364.87	0	240.78	1893
10-Mar-17	2372.60	0	242.42	1894
13-Mar-17	2373.47	0	242.67	1895
14-Mar-17	2365.45	0	241.13	1896
15-Mar-17	2385.26	0	244.51	1897
16-Mar-17	2381.38	0	243.39	1898
17-Mar-17	2378.25	0	244.59	1899
20-Mar-17	2373.47	0	243.68	1900
21-Mar-17	2344.02	0	240.8	1901
22-Mar-17	2348.45	0	241.8	1902
23-Mar-17	2345.96	0	242.03	1903
24-Mar-17	2343.98	0	241.89	1904
27-Mar-17	2341.59	0	241.58	1905
28-Mar-17	2358.57	0	243.75	1906
29-Mar-17	2361.13	0	243.19	1907
30-Mar-17	2368.06	0	244.13	1908
31-Mar-17	2362.72	0	243.87	1909
3-Apr-17	2358.84	0	243.29	1910
4-Apr-17	2360.16	0	242.28	1911
5-Apr-17	2352.95	0	241.68	1912
6-Apr-17	2357.49	0	242.46	1913
7-Apr-17	2355.54	0	242.41	1914
10-Apr-17	2357.16	0	243.07	1915
11-Apr-17	2353.78	0	243.02	1916
12-Apr-17	2344.93	0	241.73	1917
13-Apr-17	2328.95	0	240.25	1918
17-Apr-17	2349.01	0	243.13	1919
18-Apr-17	2342.19	0	243.14	1920
19-Apr-17	2338.17	0	243.24	1921
20-Apr-17	2355.84	0	246.08	1922
21-Apr-17	2348.69	0	246.58	1923
24-Apr-17	2374.15	0	249.36	1924
25-Apr-17	2388.61	0	251.28	1925
26-Apr-17	2387.45	0	251.33	1926
27-Apr-17	2388.77	0	251.59	1927
28-Apr-17	2384.20	0	250.75	1928
